date,home,away,actual,predicted,confidence,h_prob,d_prob,a_prob,correct,elo_h,elo_a,liga
2023-08-18,Werder Bremen,Bayern Munich,away_win,away_win,0.4967,0.2632,0.2401,0.4967,True,1446.7,1644.5,Bundesliga
2023-08-19,Augsburg,Borussia Monchengladbach,draw,home_win,0.373,0.373,0.3069,0.3201,False,1478.8,1502.3,Bundesliga
2023-08-19,Hoffenheim,Freiburg,away_win,home_win,0.3905,0.3905,0.3241,0.2855,False,1437.1,1497.2,Bundesliga
2023-08-19,Bayer Leverkusen,RB Leipzig,home_win,home_win,0.4773,0.4773,0.1824,0.3403,True,1559.9,1551.1,Bundesliga
2023-08-19,Stuttgart,Bochum,home_win,home_win,0.4089,0.4089,0.3323,0.2588,True,1421.8,1453.0,Bundesliga
2023-08-19,Wolfsburg,FC Heidenheim,home_win,home_win,0.4683,0.4683,0.1902,0.3415,True,1504.9,1500.0,Bundesliga
2023-08-19,Borussia Dortmund,FC Koln,home_win,home_win,0.5227,0.5227,0.18,0.2973,True,1563.1,1515.1,Bundesliga
2023-08-20,Union Berlin,Mainz,home_win,home_win,0.4005,0.4005,0.3134,0.286,True,1528.9,1486.4,Bundesliga
2023-08-20,Eintracht Frankfurt,Darmstadt,home_win,home_win,0.3561,0.3561,0.3234,0.3205,True,1468.3,1500.0,Bundesliga
2023-08-25,RB Leipzig,Stuttgart,home_win,home_win,0.4505,0.4505,0.2589,0.2905,True,1537.8,1436.9,Bundesliga
2023-08-26,FC Koln,Wolfsburg,away_win,draw,0.4017,0.3053,0.4017,0.293,False,1503.5,1518.4,Bundesliga
2023-08-26,Darmstadt,Union Berlin,away_win,draw,0.4737,0.2901,0.4737,0.2362,False,1484.8,1540.7,Bundesliga
2023-08-26,Bochum,Borussia Dortmund,draw,away_win,0.5104,0.3096,0.18,0.5104,False,1437.8,1574.7,Bundesliga
2023-08-26,Borussia Monchengladbach,Bayer Leverkusen,away_win,away_win,0.3591,0.3205,0.3205,0.3591,True,1503.5,1573.3,Bundesliga
2023-08-26,FC Heidenheim,Hoffenheim,away_win,home_win,0.5409,0.5409,0.18,0.2791,False,1486.5,1421.6,Bundesliga
2023-08-26,Freiburg,Werder Bremen,home_win,home_win,0.4367,0.4367,0.3047,0.2586,True,1512.8,1437.1,Bundesliga
2023-08-27,Mainz,Eintracht Frankfurt,draw,home_win,0.4371,0.4371,0.2178,0.3451,False,1474.5,1483.5,Bundesliga
2023-08-27,Bayern Munich,Augsburg,home_win,home_win,0.6246,0.6246,0.2148,0.1607,True,1654.1,1477.6,Bundesliga
2023-09-01,Borussia Dortmund,FC Heidenheim,draw,home_win,0.582,0.582,0.18,0.238,False,1570.8,1465.4,Bundesliga
2023-09-02,Hoffenheim,Wolfsburg,home_win,draw,0.3695,0.3254,0.3695,0.3052,False,1442.7,1536.0,Bundesliga
2023-09-02,Bayer Leverkusen,Darmstadt,home_win,home_win,0.5953,0.5953,0.18,0.2247,True,1588.3,1469.1,Bundesliga
2023-09-02,Augsburg,Bochum,draw,home_win,0.3834,0.3834,0.3431,0.2735,False,1470.7,1441.8,Bundesliga
2023-09-02,Werder Bremen,Mainz,home_win,home_win,0.3692,0.3692,0.3519,0.2789,True,1426.6,1472.7,Bundesliga
2023-09-02,Borussia Monchengladbach,Bayern Munich,away_win,away_win,0.5489,0.2711,0.18,0.5489,True,1488.4,1660.9,Bundesliga
2023-09-02,Stuttgart,Freiburg,home_win,home_win,0.3569,0.3569,0.3439,0.2992,True,1427.4,1523.2,Bundesliga
2023-09-03,Eintracht Frankfurt,FC Koln,draw,home_win,0.456,0.456,0.201,0.343,False,1485.3,1485.9,Bundesliga
2023-09-03,Union Berlin,RB Leipzig,away_win,draw,0.3503,0.3291,0.3503,0.3206,False,1556.5,1547.3,Bundesliga
2023-09-15,Bayern Munich,Bayer Leverkusen,draw,home_win,0.5508,0.5508,0.18,0.2692,False,1671.5,1597.1,Bundesliga
2023-09-16,Mainz,Stuttgart,away_win,draw,0.3361,0.3288,0.3361,0.3352,False,1456.8,1445.5,Bundesliga
2023-09-16,FC Koln,Hoffenheim,away_win,draw,0.3561,0.3381,0.3561,0.3057,False,1488.1,1460.7,Bundesliga
2023-09-16,Freiburg,Borussia Dortmund,away_win,draw,0.3421,0.3205,0.3421,0.3374,False,1505.1,1564.1,Bundesliga
2023-09-16,Wolfsburg,Union Berlin,home_win,home_win,0.42,0.42,0.3326,0.2474,True,1518.0,1537.8,Bundesliga
2023-09-16,Bochum,Eintracht Frankfurt,draw,home_win,0.344,0.344,0.3355,0.3205,False,1445.3,1483.1,Bundesliga
2023-09-16,RB Leipzig,Augsburg,home_win,home_win,0.4936,0.4936,0.28,0.2264,True,1566.0,1467.2,Bundesliga
2023-09-17,FC Heidenheim,Werder Bremen,home_win,home_win,0.5024,0.5024,0.18,0.3176,True,1472.1,1442.5,Bundesliga
2023-09-17,Darmstadt,Borussia Monchengladbach,draw,home_win,0.3855,0.3855,0.2949,0.3196,False,1460.3,1477.8,Bundesliga
2023-09-22,Stuttgart,Darmstadt,home_win,home_win,0.4166,0.4166,0.3257,0.2577,True,1464.3,1458.8,Bundesliga
2023-09-23,Bayern Munich,Bochum,home_win,home_win,0.6126,0.6126,0.2364,0.151,True,1666.0,1444.8,Bundesliga
2023-09-23,Borussia Dortmund,Wolfsburg,home_win,home_win,0.5216,0.5216,0.18,0.2984,True,1579.7,1532.6,Bundesliga
2023-09-23,Augsburg,Mainz,home_win,home_win,0.4033,0.4033,0.3102,0.2865,True,1457.6,1438.1,Bundesliga
2023-09-23,Union Berlin,Hoffenheim,away_win,draw,0.3541,0.3229,0.3541,0.3231,False,1523.1,1480.2,Bundesliga
2023-09-23,Werder Bremen,FC Koln,home_win,draw,0.4178,0.3215,0.4178,0.2608,False,1430.1,1468.6,Bundesliga
2023-09-23,Borussia Monchengladbach,RB Leipzig,away_win,away_win,0.4486,0.3438,0.2076,0.4486,True,1479.3,1575.5,Bundesliga
2023-09-24,Bayer Leverkusen,FC Heidenheim,home_win,home_win,0.5942,0.5942,0.18,0.2258,True,1602.6,1484.5,Bundesliga
2023-09-24,Eintracht Frankfurt,Freiburg,draw,home_win,0.4439,0.4439,0.2118,0.3443,False,1483.6,1489.5,Bundesliga
2023-09-29,Hoffenheim,Borussia Dortmund,away_win,away_win,0.4368,0.3451,0.2181,0.4368,True,1500.4,1591.3,Bundesliga
2023-09-30,Bochum,Borussia Monchengladbach,away_win,home_win,0.3673,0.3673,0.3124,0.3203,False,1439.2,1465.4,Bundesliga
2023-09-30,FC Koln,Stuttgart,away_win,draw,0.3784,0.3051,0.3784,0.3166,False,1453.1,1477.8,Bundesliga
2023-09-30,FC Heidenheim,Union Berlin,home_win,home_win,0.3651,0.3651,0.3145,0.3203,True,1475.7,1503.0,Bundesliga
2023-09-30,Mainz,Bayer Leverkusen,away_win,away_win,0.563,0.257,0.18,0.563,True,1425.2,1611.4,Bundesliga
2023-09-30,Wolfsburg,Eintracht Frankfurt,home_win,home_win,0.5132,0.5132,0.18,0.3068,True,1521.0,1481.6,Bundesliga
2023-09-30,RB Leipzig,Bayern Munich,draw,away_win,0.423,0.3316,0.2455,0.423,False,1589.4,1671.5,Bundesliga
2023-10-01,Darmstadt,Werder Bremen,home_win,draw,0.4314,0.3162,0.4314,0.2523,False,1445.4,1445.5,Bundesliga
2023-10-01,Freiburg,Augsburg,home_win,home_win,0.4296,0.4296,0.3047,0.2656,True,1491.6,1470.5,Bundesliga
2023-10-06,Borussia Monchengladbach,Mainz,draw,home_win,0.5434,0.5434,0.18,0.2766,False,1482.5,1415.2,Bundesliga
2023-10-07,Borussia Dortmund,Union Berlin,home_win,home_win,0.5936,0.5936,0.18,0.2264,True,1605.4,1488.0,Bundesliga
2023-10-07,RB Leipzig,Bochum,draw,home_win,0.5009,0.5009,0.3015,0.1976,False,1590.9,1422.1,Bundesliga
2023-10-07,Augsburg,Darmstadt,away_win,draw,0.4379,0.3087,0.4379,0.2534,False,1457.7,1459.1,Bundesliga
2023-10-07,Werder Bremen,Hoffenheim,away_win,draw,0.4042,0.2834,0.4042,0.3124,False,1431.8,1486.2,Bundesliga
2023-10-07,Stuttgart,Wolfsburg,home_win,draw,0.3889,0.3375,0.3889,0.2736,False,1495.0,1532.9,Bundesliga
2023-10-08,Bayer Leverkusen,FC Koln,home_win,home_win,0.6519,0.6519,0.18,0.1681,True,1621.4,1436.0,Bundesliga
2023-10-08,Bayern Munich,Freiburg,home_win,home_win,0.5919,0.5919,0.2192,0.1889,True,1670.1,1504.3,Bundesliga
2023-10-08,Eintracht Frankfurt,FC Heidenheim,home_win,home_win,0.3781,0.3781,0.302,0.3199,True,1469.7,1490.7,Bundesliga
2023-10-20,Borussia Dortmund,Werder Bremen,home_win,home_win,0.6615,0.6615,0.18,0.1585,True,1614.3,1416.0,Bundesliga
2023-10-21,Freiburg,Bochum,home_win,home_win,0.4323,0.4323,0.3268,0.2409,True,1497.2,1431.0,Bundesliga
2023-10-21,Darmstadt,RB Leipzig,away_win,draw,0.3958,0.2777,0.3958,0.3264,False,1477.3,1581.9,Bundesliga
2023-10-21,Hoffenheim,Eintracht Frankfurt,away_win,home_win,0.4889,0.4889,0.18,0.3311,False,1502.0,1484.3,Bundesliga
2023-10-21,Union Berlin,Stuttgart,away_win,draw,0.3827,0.2751,0.3827,0.3423,False,1479.2,1510.4,Bundesliga
2023-10-21,Mainz,Bayern Munich,away_win,away_win,0.5614,0.2112,0.2274,0.5614,True,1420.4,1677.2,Bundesliga
2023-10-21,Wolfsburg,Bayer Leverkusen,away_win,away_win,0.4807,0.3393,0.18,0.4807,True,1517.5,1628.0,Bundesliga
2023-10-22,FC Koln,Borussia Monchengladbach,home_win,draw,0.3558,0.3241,0.3558,0.3202,False,1429.4,1477.3,Bundesliga
2023-10-22,FC Heidenheim,Augsburg,away_win,home_win,0.51,0.51,0.18,0.31,False,1476.0,1439.5,Bundesliga
2023-10-27,Bochum,Mainz,draw,home_win,0.3866,0.3866,0.3327,0.2806,False,1420.2,1412.9,Bundesliga
2023-10-28,Borussia Monchengladbach,FC Heidenheim,home_win,home_win,0.4693,0.4693,0.1894,0.3413,True,1461.4,1456.1,Bundesliga
2023-10-28,Augsburg,Wolfsburg,home_win,draw,0.4289,0.2678,0.4289,0.3033,False,1459.4,1504.3,Bundesliga
2023-10-28,Bayern Munich,Darmstadt,home_win,home_win,0.5783,0.5783,0.263,0.1587,True,1684.7,1463.8,Bundesliga
2023-10-28,Werder Bremen,Union Berlin,home_win,home_win,0.368,0.368,0.3633,0.2687,True,1409.8,1462.3,Bundesliga
2023-10-28,Stuttgart,Hoffenheim,away_win,home_win,0.4362,0.4362,0.2667,0.2972,False,1527.3,1483.0,Bundesliga
2023-10-28,RB Leipzig,FC Koln,home_win,home_win,0.5006,0.5006,0.2825,0.2169,True,1595.5,1445.3,Bundesliga
2023-10-29,Eintracht Frankfurt,Borussia Dortmund,draw,away_win,0.4881,0.3319,0.18,0.4881,False,1503.4,1620.4,Bundesliga
2023-10-29,Bayer Leverkusen,Freiburg,home_win,home_win,0.6082,0.6082,0.18,0.2118,True,1641.2,1508.0,Bundesliga
2023-11-03,Darmstadt,Bochum,away_win,draw,0.3887,0.3713,0.3887,0.24,False,1458.3,1417.6,Bundesliga
2023-11-04,Borussia Dortmund,Bayern Munich,away_win,away_win,0.3654,0.3203,0.3143,0.3654,True,1617.4,1690.3,Bundesliga
2023-11-04,Union Berlin,Eintracht Frankfurt,away_win,away_win,0.34,0.3205,0.3395,0.34,True,1446.2,1506.5,Bundesliga
2023-11-04,Mainz,RB Leipzig,home_win,away_win,0.4448,0.2763,0.2789,0.4448,False,1415.5,1603.1,Bundesliga
2023-11-04,Hoffenheim,Bayer Leverkusen,away_win,away_win,0.5208,0.2992,0.18,0.5208,True,1503.2,1649.5,Bundesliga
2023-11-04,Freiburg,Borussia Monchengladbach,draw,home_win,0.497,0.497,0.18,0.323,False,1499.7,1474.9,Bundesliga
2023-11-04,FC Koln,Augsburg,draw,draw,0.4208,0.3229,0.4208,0.2563,True,1437.6,1475.1,Bundesliga
2023-11-05,Wolfsburg,Werder Bremen,draw,home_win,0.4451,0.4451,0.3106,0.2442,False,1488.5,1426.0,Bundesliga
2023-11-05,FC Heidenheim,Stuttgart,home_win,away_win,0.3483,0.3205,0.3311,0.3483,False,1442.6,1507.0,Bundesliga
2023-11-10,Borussia Monchengladbach,Wolfsburg,home_win,home_win,0.4454,0.4454,0.2104,0.3442,True,1478.3,1483.5,Bundesliga
2023-11-11,Augsburg,Hoffenheim,draw,draw,0.3786,0.2938,0.3786,0.3276,True,1475.7,1491.5,Bundesliga
2023-11-11,Stuttgart,Borussia Dortmund,home_win,away_win,0.4825,0.3375,0.18,0.4825,False,1490.4,1602.4,Bundesliga
2023-11-11,Bayern Munich,FC Heidenheim,home_win,home_win,0.6937,0.6937,0.18,0.1263,True,1705.2,1459.3,Bundesliga
2023-11-11,Bochum,FC Koln,draw,draw,0.4103,0.3282,0.4103,0.2616,True,1437.7,1437.1,Bundesliga
2023-11-11,Darmstadt,Mainz,draw,home_win,0.3725,0.3725,0.361,0.2665,False,1438.2,1437.6,Bundesliga
2023-11-12,Bayer Leverkusen,Union Berlin,home_win,home_win,0.6839,0.6839,0.18,0.1361,True,1661.2,1430.7,Bundesliga
2023-11-12,Werder Bremen,Eintracht Frankfurt,draw,away_win,0.437,0.3451,0.218,0.437,False,1431.0,1522.0,Bundesliga
2023-11-12,RB Leipzig,Freiburg,home_win,home_win,0.4642,0.4642,0.2759,0.2598,True,1581.1,1496.3,Bundesliga
2023-11-24,FC Koln,Bayern Munich,away_win,away_win,0.5377,0.222,0.2403,0.5377,True,1439.4,1710.1,Bundesliga
2023-11-25,Eintracht Frankfurt,Stuttgart,away_win,home_win,0.4811,0.4811,0.18,0.3389,False,1520.1,1509.2,Bundesliga
2023-11-25,Wolfsburg,RB Leipzig,home_win,draw,0.3443,0.328,0.3443,0.3277,False,1469.5,1591.2,Bundesliga
2023-11-25,Union Berlin,Augsburg,draw,draw,0.4375,0.2885,0.4375,0.274,True,1425.4,1474.1,Bundesliga
2023-11-25,Borussia Dortmund,Borussia Monchengladbach,home_win,home_win,0.5682,0.5682,0.18,0.2518,True,1583.6,1492.2,Bundesliga
2023-11-25,Werder Bremen,Bayer Leverkusen,away_win,away_win,0.6086,0.2114,0.18,0.6086,True,1432.8,1666.5,Bundesliga
2023-11-25,Freiburg,Darmstadt,draw,home_win,0.4006,0.4006,0.3523,0.2471,False,1486.3,1435.9,Bundesliga
2023-11-26,FC Heidenheim,Bochum,draw,home_win,0.4904,0.4904,0.18,0.3296,False,1454.3,1435.4,Bundesliga
2023-11-26,Hoffenheim,Mainz,draw,home_win,0.504,0.504,0.2689,0.2271,False,1493.1,1439.9,Bundesliga
2023-12-01,Darmstadt,FC Koln,away_win,draw,0.3668,0.3625,0.3668,0.2707,False,1440.4,1432.4,Bundesliga
2023-12-02,Borussia Monchengladbach,Hoffenheim,home_win,home_win,0.4435,0.4435,0.2122,0.3444,True,1482.4,1488.5,Bundesliga
2023-12-02,RB Leipzig,FC Heidenheim,home_win,home_win,0.5967,0.5967,0.18,0.2233,True,1571.9,1451.2,Bundesliga
2023-12-02,Stuttgart,Werder Bremen,home_win,home_win,0.4952,0.4952,0.2766,0.2281,True,1528.0,1424.6,Bundesliga
2023-12-02,Bochum,Wolfsburg,home_win,draw,0.4549,0.258,0.4549,0.2871,False,1438.5,1488.8,Bundesliga
2023-12-03,Mainz,Freiburg,away_win,draw,0.4028,0.2993,0.4028,0.2978,False,1444.5,1481.8,Bundesliga
2023-12-03,Bayer Leverkusen,Borussia Dortmund,draw,home_win,0.558,0.558,0.18,0.262,False,1674.7,1593.4,Bundesliga
2023-12-03,Augsburg,Eintracht Frankfurt,home_win,home_win,0.3654,0.3654,0.3142,0.3203,True,1474.2,1501.3,Bundesliga
2023-12-08,Hoffenheim,Bochum,home_win,home_win,0.4515,0.4515,0.304,0.2445,True,1474.5,1454.5,Bundesliga
2023-12-09,Eintracht Frankfurt,Bayern Munich,home_win,away_win,0.6059,0.2141,0.18,0.6059,False,1486.4,1717.1,Bundesliga
2023-12-09,FC Heidenheim,Darmstadt,home_win,home_win,0.4924,0.4924,0.18,0.3276,True,1442.5,1421.7,Bundesliga
2023-12-09,Union Berlin,Borussia Monchengladbach,home_win,away_win,0.3617,0.3204,0.3178,0.3617,False,1425.3,1496.4,Bundesliga
2023-12-09,Werder Bremen,Augsburg,home_win,draw,0.4055,0.3226,0.4055,0.2719,False,1415.2,1489.2,Bundesliga
2023-12-09,Wolfsburg,Freiburg,away_win,home_win,0.3844,0.3844,0.3364,0.2792,False,1472.8,1498.3,Bundesliga
2023-12-09,Borussia Dortmund,RB Leipzig,away_win,home_win,0.4899,0.4899,0.18,0.3301,False,1599.2,1580.7,Bundesliga
2023-12-10,Stuttgart,Bayer Leverkusen,draw,away_win,0.5046,0.3154,0.18,0.5046,False,1537.3,1669.0,Bundesliga
2023-12-10,FC Koln,Mainz,draw,home_win,0.4192,0.4192,0.3066,0.2743,False,1451.0,1427.9,Bundesliga
2023-12-15,Borussia Monchengladbach,Werder Bremen,draw,home_win,0.5217,0.5217,0.18,0.2983,False,1479.4,1432.3,Bundesliga
2023-12-16,Augsburg,Borussia Dortmund,draw,away_win,0.4756,0.3405,0.1839,0.4756,False,1472.1,1580.1,Bundesliga
2023-12-16,Bochum,Union Berlin,home_win,home_win,0.38,0.38,0.3518,0.2682,True,1441.7,1442.3,Bundesliga
2023-12-16,Darmstadt,Wolfsburg,away_win,draw,0.4768,0.2561,0.4768,0.2671,False,1408.9,1455.6,Bundesliga
2023-12-16,Mainz,FC Heidenheim,away_win,home_win,0.3717,0.3717,0.3081,0.3202,False,1431.2,1455.3,Bundesliga
2023-12-16,RB Leipzig,Hoffenheim,home_win,home_win,0.4447,0.4447,0.2678,0.2875,True,1599.8,1487.3,Bundesliga
2023-12-17,Bayern Munich,Stuttgart,home_win,home_win,0.5601,0.5601,0.2136,0.2263,True,1693.5,1541.0,Bundesliga
2023-12-17,Bayer Leverkusen,Eintracht Frankfurt,home_win,home_win,0.6275,0.6275,0.18,0.1925,True,1665.3,1510.0,Bundesliga
2023-12-17,Freiburg,FC Koln,home_win,home_win,0.4402,0.4402,0.3062,0.2536,True,1515.5,1447.7,Bundesliga
2023-12-19,Hoffenheim,Darmstadt,draw,home_win,0.4545,0.4545,0.3313,0.2143,False,1478.3,1392.8,Bundesliga
2023-12-19,Werder Bremen,RB Leipzig,draw,away_win,0.4087,0.3062,0.2851,0.4087,False,1436.7,1608.8,Bundesliga
2023-12-19,Borussia Dortmund,Mainz,draw,home_win,0.6343,0.6343,0.18,0.1857,False,1577.4,1414.0,Bundesliga
2023-12-20,Union Berlin,FC Koln,home_win,draw,0.3998,0.3158,0.3998,0.2844,False,1428.5,1436.9,Bundesliga
2023-12-20,Eintracht Frankfurt,Borussia Monchengladbach,home_win,home_win,0.4999,0.4999,0.18,0.3201,True,1502.5,1475.1,Bundesliga
2023-12-20,FC Heidenheim,Freiburg,home_win,draw,0.3525,0.3203,0.3525,0.3273,False,1472.5,1526.2,Bundesliga
2023-12-20,Bayer Leverkusen,Bochum,home_win,home_win,0.6751,0.6751,0.18,0.1449,True,1672.8,1455.4,Bundesliga
2023-12-20,Stuttgart,Augsburg,home_win,home_win,0.4978,0.4978,0.2727,0.2295,True,1533.4,1474.7,Bundesliga
2023-12-20,Wolfsburg,Bayern Munich,away_win,away_win,0.4721,0.2819,0.246,0.4721,True,1471.8,1701.1,Bundesliga
2024-01-12,Bayern Munich,Hoffenheim,home_win,home_win,0.5736,0.5736,0.2226,0.2039,True,1709.5,1472.3,Bundesliga
2024-01-13,RB Leipzig,Eintracht Frankfurt,away_win,home_win,0.5652,0.5652,0.18,0.2548,False,1603.4,1515.0,Bundesliga
2024-01-13,Mainz,Wolfsburg,draw,draw,0.4138,0.2746,0.4138,0.3116,True,1422.8,1463.4,Bundesliga
2024-01-13,Darmstadt,Borussia Dortmund,away_win,away_win,0.5462,0.2738,0.18,0.5462,True,1398.7,1568.7,Bundesliga
2024-01-13,FC Koln,FC Heidenheim,draw,away_win,0.3511,0.3205,0.3284,0.3511,False,1422.8,1488.6,Bundesliga
2024-01-13,Augsburg,Bayer Leverkusen,away_win,away_win,0.5912,0.2288,0.18,0.5912,True,1463.6,1678.4,Bundesliga
2024-01-13,Freiburg,Union Berlin,draw,home_win,0.4652,0.4652,0.3028,0.2319,False,1510.1,1442.6,Bundesliga
2024-01-14,Borussia Monchengladbach,Stuttgart,home_win,away_win,0.3844,0.3197,0.296,0.3844,False,1462.6,1544.6,Bundesliga
2024-01-14,Bochum,Werder Bremen,draw,draw,0.401,0.3302,0.401,0.2687,True,1449.8,1442.1,Bundesliga
2024-01-20,FC Heidenheim,Wolfsburg,draw,home_win,0.4961,0.4961,0.18,0.3239,False,1487.9,1463.8,Bundesliga
2024-01-20,RB Leipzig,Bayer Leverkusen,away_win,away_win,0.471,0.3411,0.1879,0.471,True,1581.3,1687.4,Bundesliga
2024-01-20,Freiburg,Hoffenheim,home_win,home_win,0.3585,0.3585,0.3478,0.2937,True,1504.9,1467.2,Bundesliga
2024-01-20,Bochum,Stuttgart,home_win,draw,0.3939,0.2673,0.3939,0.3388,False,1447.1,1527.1,Bundesliga
2024-01-20,Darmstadt,Eintracht Frankfurt,draw,away_win,0.5238,0.2962,0.18,0.5238,False,1388.0,1537.1,Bundesliga
2024-01-20,FC Koln,Borussia Dortmund,away_win,away_win,0.5312,0.2888,0.18,0.5312,True,1423.6,1579.4,Bundesliga
2024-01-21,Bayern Munich,Werder Bremen,away_win,home_win,0.6241,0.6241,0.2232,0.1527,False,1714.6,1444.7,Bundesliga
2024-01-21,Borussia Monchengladbach,Augsburg,away_win,home_win,0.4976,0.4976,0.18,0.3224,False,1480.0,1454.6,Bundesliga
2024-01-24,Bayern Munich,Union Berlin,home_win,home_win,0.6623,0.6623,0.208,0.1297,True,1687.0,1447.8,Bundesliga
2024-01-26,Eintracht Frankfurt,Mainz,home_win,home_win,0.5868,0.5868,0.18,0.2332,True,1532.6,1422.4,Bundesliga
2024-01-27,Stuttgart,RB Leipzig,home_win,home_win,0.3979,0.3979,0.2997,0.3023,True,1509.7,1567.9,Bundesliga
2024-01-27,Bayer Leverkusen,Borussia Monchengladbach,draw,home_win,0.6902,0.6902,0.18,0.1298,False,1700.8,1460.6,Bundesliga
2024-01-27,Wolfsburg,FC Koln,draw,home_win,0.4482,0.4482,0.3114,0.2404,False,1467.2,1412.3,Bundesliga
2024-01-27,Augsburg,Bayern Munich,away_win,away_win,0.5352,0.2276,0.2372,0.5352,True,1474.0,1692.1,Bundesliga
2024-01-27,Hoffenheim,FC Heidenheim,draw,home_win,0.3608,0.3608,0.3188,0.3204,False,1455.2,1484.6,Bundesliga
2024-01-27,Werder Bremen,Freiburg,home_win,draw,0.4148,0.3106,0.4148,0.2745,False,1472.3,1516.9,Bundesliga
2024-01-28,Union Berlin,Darmstadt,home_win,draw,0.37,0.3635,0.37,0.2666,False,1442.7,1392.5,Bundesliga
2024-01-28,Borussia Dortmund,Bochum,home_win,home_win,0.6017,0.6017,0.18,0.2183,True,1590.7,1464.5,Bundesliga
2024-02-02,FC Heidenheim,Borussia Dortmund,draw,away_win,0.4843,0.3357,0.18,0.4843,False,1485.5,1599.2,Bundesliga
2024-02-03,Bayern Munich,Borussia Monchengladbach,home_win,home_win,0.6832,0.6832,0.18,0.1368,True,1700.9,1471.5,Bundesliga
2024-02-03,Darmstadt,Bayer Leverkusen,away_win,away_win,0.6692,0.1508,0.18,0.6692,True,1381.0,1689.9,Bundesliga
2024-02-03,Bochum,Augsburg,draw,home_win,0.3613,0.3613,0.3595,0.2792,False,1456.0,1465.2,Bundesliga
2024-02-03,FC Koln,Eintracht Frankfurt,home_win,away_win,0.4969,0.3231,0.18,0.4969,False,1417.0,1541.7,Bundesliga
2024-02-03,Mainz,Werder Bremen,away_win,draw,0.3989,0.2886,0.3989,0.3125,False,1413.3,1488.1,Bundesliga
2024-02-03,Freiburg,Stuttgart,away_win,draw,0.3702,0.3214,0.3702,0.3084,False,1501.2,1526.1,Bundesliga
2024-02-04,Wolfsburg,Hoffenheim,draw,home_win,0.393,0.393,0.2987,0.3083,False,1462.5,1454.2,Bundesliga
2024-02-04,RB Leipzig,Union Berlin,home_win,home_win,0.5075,0.5075,0.277,0.2155,True,1551.5,1454.3,Bundesliga
2024-02-07,Mainz,Union Berlin,draw,draw,0.4212,0.3195,0.4212,0.2594,True,1398.4,1444.7,Bundesliga
2024-02-09,Borussia Dortmund,Freiburg,home_win,home_win,0.5887,0.5887,0.18,0.2313,True,1596.3,1484.0,Bundesliga
2024-02-10,Union Berlin,Wolfsburg,home_win,draw,0.4019,0.2845,0.4019,0.3136,False,1444.8,1459.8,Bundesliga
2024-02-10,Bayer Leverkusen,Bayern Munich,home_win,home_win,0.4336,0.4336,0.221,0.3454,True,1695.8,1706.3,Bundesliga
2024-02-10,Werder Bremen,FC Heidenheim,away_win,home_win,0.4853,0.4853,0.18,0.3347,False,1503.0,1488.4,Bundesliga
2024-02-10,Borussia Monchengladbach,Darmstadt,draw,home_win,0.5679,0.5679,0.18,0.2521,False,1466.2,1375.1,Bundesliga
2024-02-10,Augsburg,RB Leipzig,draw,draw,0.3636,0.2864,0.3636,0.35,True,1467.1,1561.1,Bundesliga
2024-02-10,Eintracht Frankfurt,Bochum,draw,home_win,0.5443,0.5443,0.18,0.2757,False,1522.3,1454.1,Bundesliga
2024-02-11,Stuttgart,Mainz,home_win,home_win,0.5477,0.5477,0.2611,0.1912,True,1543.3,1398.2,Bundesliga
2024-02-11,Hoffenheim,FC Koln,draw,home_win,0.4616,0.4616,0.2846,0.2538,False,1456.9,1436.4,Bundesliga
2024-02-16,FC Koln,Werder Bremen,away_win,draw,0.4252,0.3005,0.4252,0.2743,False,1439.6,1484.0,Bundesliga
2024-02-17,Darmstadt,Stuttgart,away_win,away_win,0.41,0.2598,0.3302,0.41,True,1381.3,1551.1,Bundesliga
2024-02-17,Hoffenheim,Union Berlin,away_win,home_win,0.4682,0.4682,0.2906,0.2412,False,1453.7,1459.2,Bundesliga
2024-02-17,FC Heidenheim,Bayer Leverkusen,away_win,away_win,0.5793,0.2407,0.18,0.5793,True,1507.3,1710.0,Bundesliga
2024-02-17,RB Leipzig,Borussia Monchengladbach,home_win,home_win,0.5758,0.5758,0.18,0.2442,True,1559.1,1460.0,Bundesliga
2024-02-17,Wolfsburg,Borussia Dortmund,draw,away_win,0.5355,0.2845,0.18,0.5355,False,1445.4,1605.3,Bundesliga
2024-02-17,Mainz,Augsburg,home_win,draw,0.3987,0.3055,0.3987,0.2959,False,1390.4,1469.1,Bundesliga
2024-02-18,Freiburg,Eintracht Frankfurt,draw,draw,0.3442,0.3353,0.3442,0.3204,True,1475.0,1517.1,Bundesliga
2024-02-18,Bochum,Bayern Munich,home_win,away_win,0.5196,0.2239,0.2565,0.5196,False,1459.4,1692.1,Bundesliga
2024-02-23,Bayer Leverkusen,Mainz,home_win,home_win,0.7291,0.7291,0.18,0.0909,True,1719.3,1407.7,Bundesliga
2024-02-24,Borussia Monchengladbach,Bochum,home_win,home_win,0.3543,0.3543,0.3251,0.3205,True,1450.5,1483.1,Bundesliga
2024-02-24,Stuttgart,FC Koln,draw,home_win,0.5185,0.5185,0.2765,0.205,False,1561.8,1423.3,Bundesliga
2024-02-24,Union Berlin,FC Heidenheim,draw,home_win,0.3787,0.3787,0.3014,0.3199,False,1477.3,1497.9,Bundesliga
2024-02-24,Bayern Munich,RB Leipzig,home_win,home_win,0.5698,0.5698,0.206,0.2242,True,1668.4,1568.6,Bundesliga
2024-02-24,Werder Bremen,Darmstadt,draw,home_win,0.4284,0.4284,0.3607,0.2109,False,1500.3,1370.6,Bundesliga
2024-02-25,Eintracht Frankfurt,Wolfsburg,draw,home_win,0.5432,0.5432,0.18,0.2768,False,1517.4,1450.3,Bundesliga
2024-02-25,Borussia Dortmund,Hoffenheim,away_win,home_win,0.6354,0.6354,0.18,0.1846,False,1600.4,1435.6,Bundesliga
2024-02-25,Augsburg,Freiburg,home_win,draw,0.4006,0.3085,0.4006,0.2909,False,1451.8,1474.6,Bundesliga
2024-03-01,Freiburg,Bayern Munich,draw,away_win,0.5036,0.2611,0.2353,0.5036,False,1459.9,1677.9,Bundesliga
2024-03-02,Darmstadt,Augsburg,away_win,draw,0.4445,0.2822,0.4445,0.2733,False,1378.2,1466.5,Bundesliga
2024-03-02,Bochum,RB Leipzig,away_win,draw,0.3857,0.2818,0.3857,0.3325,False,1467.9,1559.1,Bundesliga
2024-03-02,FC Heidenheim,Eintracht Frankfurt,away_win,home_win,0.4282,0.4282,0.2259,0.3459,False,1499.3,1512.3,Bundesliga
2024-03-02,Union Berlin,Borussia Dortmund,away_win,away_win,0.4565,0.3429,0.2006,0.4565,True,1475.9,1575.6,Bundesliga
2024-03-02,Mainz,Borussia Monchengladbach,draw,away_win,0.3426,0.3205,0.3369,0.3426,False,1404.1,1465.7,Bundesliga
2024-03-02,Wolfsburg,Stuttgart,away_win,draw,0.3577,0.3149,0.3577,0.3274,False,1455.5,1553.9,Bundesliga
2024-03-03,FC Koln,Bayer Leverkusen,away_win,away_win,0.6566,0.1634,0.18,0.6566,True,1431.2,1722.9,Bundesliga
2024-03-03,Hoffenheim,Werder Bremen,home_win,home_win,0.4061,0.4061,0.3228,0.271,True,1460.4,1492.7,Bundesliga
2024-03-08,Stuttgart,Union Berlin,home_win,home_win,0.5341,0.5341,0.2685,0.1974,True,1567.7,1462.2,Bundesliga
2024-03-09,Werder Bremen,Borussia Dortmund,away_win,away_win,0.4822,0.3378,0.18,0.4822,True,1477.5,1589.3,Bundesliga
2024-03-09,RB Leipzig,Darmstadt,home_win,home_win,0.4887,0.4887,0.3265,0.1848,True,1573.2,1363.9,Bundesliga
2024-03-09,Borussia Monchengladbach,FC Koln,draw,home_win,0.5143,0.5143,0.18,0.3057,False,1465.2,1424.9,Bundesliga
2024-03-09,Augsburg,FC Heidenheim,home_win,home_win,0.4553,0.4553,0.2016,0.343,True,1480.8,1481.6,Bundesliga
2024-03-09,Bayern Munich,Mainz,home_win,home_win,0.6649,0.6649,0.2042,0.1309,True,1670.7,1404.7,Bundesliga
2024-03-10,Bochum,Freiburg,away_win,draw,0.4125,0.3108,0.4125,0.2767,False,1453.8,1467.0,Bundesliga
2024-03-10,Eintracht Frankfurt,Hoffenheim,home_win,home_win,0.5296,0.5296,0.18,0.2904,True,1530.0,1475.6,Bundesliga
2024-03-10,Bayer Leverkusen,Wolfsburg,home_win,home_win,0.7172,0.7172,0.18,0.1028,True,1729.3,1441.8,Bundesliga
2024-03-15,FC Koln,RB Leipzig,away_win,away_win,0.4064,0.3054,0.2882,0.4064,True,1428.9,1579.1,Bundesliga
2024-03-16,Mainz,Bochum,home_win,draw,0.4328,0.3019,0.4328,0.2653,False,1400.2,1436.1,Bundesliga
2024-03-16,Darmstadt,Bayern Munich,away_win,away_win,0.5219,0.1987,0.2794,0.5219,True,1358.1,1675.1,Bundesliga
2024-03-16,FC Heidenheim,Borussia Monchengladbach,draw,home_win,0.4726,0.4726,0.1865,0.3409,False,1467.8,1461.1,Bundesliga
2024-03-16,Hoffenheim,Stuttgart,away_win,away_win,0.3375,0.3374,0.3251,0.3375,True,1464.3,1577.0,Bundesliga
2024-03-16,Union Berlin,Werder Bremen,home_win,draw,0.399,0.3074,0.399,0.2936,False,1452.9,1464.3,Bundesliga
2024-03-16,Wolfsburg,Augsburg,away_win,home_win,0.3792,0.3792,0.3567,0.2641,False,1437.7,1494.5,Bundesliga
2024-03-17,Freiburg,Bayer Leverkusen,away_win,away_win,0.6217,0.1983,0.18,0.6217,True,1484.7,1733.3,Bundesliga
2024-03-17,Borussia Dortmund,Eintracht Frankfurt,home_win,home_win,0.5369,0.5369,0.18,0.2831,True,1602.5,1541.3,Bundesliga
2024-03-30,Eintracht Frankfurt,Union Berlin,draw,home_win,0.539,0.539,0.18,0.281,False,1530.2,1467.1,Bundesliga
2024-03-30,Bayer Leverkusen,Hoffenheim,home_win,home_win,0.7185,0.7185,0.18,0.1015,True,1741.0,1451.1,Bundesliga
2024-03-30,Borussia Monchengladbach,Freiburg,away_win,home_win,0.4274,0.4274,0.2266,0.346,False,1463.7,1477.0,Bundesliga
2024-03-30,RB Leipzig,Mainz,draw,home_win,0.5349,0.5349,0.2689,0.1962,False,1590.6,1415.6,Bundesliga
2024-03-30,Bayern Munich,Borussia Dortmund,away_win,home_win,0.5433,0.5433,0.18,0.2767,False,1680.8,1613.6,Bundesliga
2024-03-30,Werder Bremen,Wolfsburg,away_win,draw,0.3766,0.3464,0.3766,0.277,False,1450.1,1422.1,Bundesliga
2024-03-31,Augsburg,FC Koln,draw,home_win,0.4194,0.4194,0.321,0.2595,False,1510.2,1417.4,Bundesliga
2024-03-31,Stuttgart,FC Heidenheim,draw,home_win,0.6005,0.6005,0.18,0.2195,False,1590.1,1465.3,Bundesliga
2024-03-31,Bochum,Darmstadt,draw,draw,0.3902,0.3729,0.3902,0.2368,True,1420.7,1352.4,Bundesliga
2024-04-05,Eintracht Frankfurt,Werder Bremen,draw,home_win,0.5715,0.5715,0.18,0.2485,False,1525.2,1430.5,Bundesliga
2024-04-06,Freiburg,RB Leipzig,away_win,draw,0.3591,0.3183,0.3591,0.3226,False,1494.7,1581.5,Bundesliga
2024-04-06,FC Koln,Bochum,home_win,home_win,0.3836,0.3836,0.3417,0.2748,True,1423.6,1415.5,Bundesliga
2024-04-06,FC Heidenheim,Bayern Munich,home_win,away_win,0.5637,0.2563,0.18,0.5637,False,1472.7,1659.6,Bundesliga
2024-04-06,Union Berlin,Bayer Leverkusen,away_win,away_win,0.642,0.178,0.18,0.642,True,1472.2,1745.0,Bundesliga
2024-04-06,Borussia Dortmund,Stuttgart,away_win,home_win,0.5271,0.5271,0.18,0.2929,False,1634.8,1582.7,Bundesliga
2024-04-06,Mainz,Darmstadt,home_win,home_win,0.3872,0.3872,0.3555,0.2573,True,1424.7,1357.6,Bundesliga
2024-04-07,Hoffenheim,Augsburg,home_win,home_win,0.4115,0.4115,0.3287,0.2598,True,1447.2,1504.0,Bundesliga
2024-04-07,Wolfsburg,Borussia Monchengladbach,away_win,home_win,0.4472,0.4472,0.2089,0.344,False,1441.6,1446.0,Bundesliga
2024-04-12,Augsburg,Union Berlin,home_win,home_win,0.4078,0.4078,0.3216,0.2706,True,1487.7,1465.2,Bundesliga
2024-04-13,Stuttgart,Eintracht Frankfurt,home_win,home_win,0.5611,0.5611,0.18,0.2589,True,1603.2,1518.9,Bundesliga
2024-04-13,Borussia Monchengladbach,Borussia Dortmund,away_win,away_win,0.5249,0.2951,0.18,0.5249,True,1464.1,1614.2,Bundesliga
2024-04-13,RB Leipzig,Wolfsburg,home_win,home_win,0.4698,0.4698,0.2879,0.2422,True,1595.8,1423.5,Bundesliga
2024-04-13,Bochum,FC Heidenheim,draw,away_win,0.4404,0.3447,0.2149,0.4404,False,1402.2,1494.7,Bundesliga
2024-04-13,Bayern Munich,FC Koln,home_win,home_win,0.6149,0.6149,0.221,0.164,True,1637.6,1437.0,Bundesliga
2024-04-13,Mainz,Hoffenheim,home_win,draw,0.3787,0.2846,0.3787,0.3367,False,1435.5,1463.5,Bundesliga
2024-04-14,Darmstadt,Freiburg,away_win,draw,0.4147,0.2597,0.4147,0.3256,False,1346.8,1480.4,Bundesliga
2024-04-14,Bayer Leverkusen,Werder Bremen,home_win,home_win,0.7307,0.7307,0.18,0.0893,True,1751.9,1436.8,Bundesliga
2024-04-19,Eintracht Frankfurt,Augsburg,home_win,home_win,0.4764,0.4764,0.1832,0.3404,True,1508.8,1500.4,Bundesliga
2024-04-20,Wolfsburg,Bochum,home_win,home_win,0.4172,0.4172,0.3323,0.2505,True,1416.5,1404.1,Bundesliga
2024-04-20,FC Heidenheim,RB Leipzig,away_win,away_win,0.4801,0.3399,0.18,0.4801,True,1492.7,1602.8,Bundesliga
2024-04-20,Hoffenheim,Borussia Monchengladbach,home_win,home_win,0.4479,0.4479,0.2082,0.3439,True,1448.5,1452.6,Bundesliga
2024-04-20,Union Berlin,Bayern Munich,away_win,away_win,0.542,0.2247,0.2332,0.542,True,1452.5,1643.7,Bundesliga
2024-04-20,FC Koln,Darmstadt,away_win,home_win,0.4053,0.4053,0.3651,0.2295,False,1430.9,1334.6,Bundesliga
2024-04-21,Freiburg,Mainz,draw,home_win,0.4502,0.4502,0.2933,0.2565,False,1492.6,1450.5,Bundesliga
2024-04-21,Werder Bremen,Stuttgart,home_win,away_win,0.4326,0.2823,0.2851,0.4326,False,1433.3,1613.3,Bundesliga
2024-04-21,Borussia Dortmund,Bayer Leverkusen,draw,away_win,0.5024,0.3176,0.18,0.5024,False,1625.7,1755.4,Bundesliga
2024-04-26,Bochum,Hoffenheim,home_win,draw,0.411,0.26,0.411,0.329,False,1390.9,1462.4,Bundesliga
2024-04-27,Augsburg,Werder Bremen,away_win,home_win,0.3839,0.3839,0.3182,0.298,False,1487.1,1455.1,Bundesliga
2024-04-27,Bayern Munich,Eintracht Frankfurt,home_win,home_win,0.6065,0.6065,0.18,0.2135,True,1653.6,1522.1,Bundesliga
2024-04-27,RB Leipzig,Borussia Dortmund,home_win,home_win,0.4274,0.4274,0.2266,0.346,True,1616.0,1629.3,Bundesliga
2024-04-27,Bayer Leverkusen,Stuttgart,draw,home_win,0.6316,0.6316,0.18,0.1884,False,1751.8,1591.6,Bundesliga
2024-04-27,Freiburg,Wolfsburg,away_win,home_win,0.4021,0.4021,0.3096,0.2884,False,1488.4,1429.7,Bundesliga
2024-04-28,Mainz,FC Koln,draw,home_win,0.4021,0.4021,0.3101,0.2878,False,1454.6,1408.5,Bundesliga
2024-04-28,Borussia Monchengladbach,Union Berlin,draw,home_win,0.4482,0.4482,0.208,0.3439,False,1438.7,1442.7,Bundesliga
2024-04-28,Darmstadt,FC Heidenheim,away_win,away_win,0.4943,0.3257,0.18,0.4943,True,1357.0,1479.5,Bundesliga
2024-05-03,Hoffenheim,RB Leipzig,draw,away_win,0.3519,0.3275,0.3206,0.3519,False,1445.4,1630.3,Bundesliga
2024-05-04,Borussia Dortmund,Augsburg,home_win,home_win,0.621,0.621,0.18,0.199,True,1615.0,1467.3,Bundesliga
2024-05-04,Stuttgart,Bayern Munich,home_win,away_win,0.3424,0.3323,0.3253,0.3424,False,1600.3,1661.9,Bundesliga
2024-05-04,FC Koln,Freiburg,draw,draw,0.4191,0.2963,0.4191,0.2846,True,1412.8,1467.6,Bundesliga
2024-05-04,Wolfsburg,Darmstadt,home_win,home_win,0.4358,0.4358,0.3596,0.2047,True,1450.5,1344.3,Bundesliga
2024-05-04,Werder Bremen,Borussia Monchengladbach,draw,home_win,0.5119,0.5119,0.18,0.3081,False,1474.8,1436.6,Bundesliga
2024-05-05,Eintracht Frankfurt,Bayer Leverkusen,away_win,away_win,0.6047,0.2153,0.18,0.6047,True,1513.8,1743.2,Bundesliga
2024-05-05,FC Heidenheim,Mainz,draw,home_win,0.516,0.516,0.18,0.304,False,1492.2,1450.3,Bundesliga
2024-05-05,Union Berlin,Bochum,away_win,home_win,0.3755,0.3755,0.3459,0.2786,False,1444.8,1407.9,Bundesliga
2024-05-10,Augsburg,Stuttgart,away_win,away_win,0.444,0.2693,0.2867,0.444,True,1459.6,1616.8,Bundesliga
2024-05-11,Mainz,Borussia Dortmund,home_win,away_win,0.5445,0.2755,0.18,0.5445,False,1454.4,1622.8,Bundesliga
2024-05-11,RB Leipzig,Werder Bremen,draw,home_win,0.4934,0.4934,0.2817,0.2248,False,1624.4,1470.8,Bundesliga
2024-05-11,Borussia Monchengladbach,Eintracht Frankfurt,draw,away_win,0.3491,0.3205,0.3303,0.3491,False,1440.6,1505.4,Bundesliga
2024-05-11,FC Koln,Union Berlin,home_win,home_win,0.3929,0.3929,0.3368,0.2703,True,1413.0,1424.9,Bundesliga
2024-05-11,Freiburg,FC Heidenheim,draw,home_win,0.3787,0.3787,0.3013,0.3199,False,1467.4,1488.1,Bundesliga
2024-05-12,Darmstadt,Hoffenheim,away_win,away_win,0.3816,0.278,0.3404,0.3816,True,1335.0,1451.3,Bundesliga
2024-05-12,Bayern Munich,Wolfsburg,home_win,home_win,0.5582,0.5582,0.2369,0.2049,True,1645.4,1459.8,Bundesliga
2024-05-12,Bochum,Bayer Leverkusen,away_win,away_win,0.6794,0.1406,0.18,0.6794,True,1427.8,1751.6,Bundesliga
2024-05-18,Eintracht Frankfurt,RB Leipzig,draw,away_win,0.4816,0.3384,0.18,0.4816,False,1504.7,1616.0,Bundesliga
2024-05-18,Hoffenheim,Bayern Munich,home_win,away_win,0.4474,0.324,0.2287,0.4474,False,1464.3,1651.9,Bundesliga
2024-05-18,Borussia Dortmund,Darmstadt,home_win,home_win,0.713,0.713,0.18,0.107,True,1601.5,1322.0,Bundesliga
2024-05-18,FC Heidenheim,FC Koln,home_win,home_win,0.5379,0.5379,0.18,0.2821,True,1489.4,1427.3,Bundesliga
2024-05-18,Wolfsburg,Mainz,away_win,home_win,0.4164,0.4164,0.3258,0.2578,False,1453.2,1475.7,Bundesliga
2024-05-18,Bayer Leverkusen,Augsburg,home_win,home_win,0.7277,0.7277,0.18,0.0923,True,1757.0,1448.4,Bundesliga
2024-05-18,Stuttgart,Borussia Monchengladbach,home_win,home_win,0.6529,0.6529,0.18,0.1671,True,1628.0,1441.2,Bundesliga
2024-05-18,Werder Bremen,Bochum,home_win,home_win,0.4189,0.4189,0.3352,0.2458,True,1479.2,1422.4,Bundesliga
2024-05-18,Union Berlin,Freiburg,home_win,draw,0.4214,0.2726,0.4214,0.306,False,1410.6,1466.0,Bundesliga
2024-08-23,Borussia Monchengladbach,Bayer Leverkusen,away_win,away_win,0.6809,0.1391,0.18,0.6809,True,1434.7,1760.7,Bundesliga
2024-08-24,Augsburg,Werder Bremen,draw,draw,0.4283,0.2878,0.4283,0.2839,True,1444.8,1490.5,Bundesliga
2024-08-24,Freiburg,Stuttgart,home_win,away_win,0.4338,0.2875,0.2787,0.4338,False,1449.8,1634.5,Bundesliga
2024-08-24,Hoffenheim,Holstein Kiel,home_win,draw,0.389,0.3274,0.389,0.2836,False,1486.3,1500.0,Bundesliga
2024-08-24,Mainz,Union Berlin,draw,home_win,0.4357,0.4357,0.3105,0.2538,False,1493.0,1426.9,Bundesliga
2024-08-24,RB Leipzig,Bochum,home_win,home_win,0.5124,0.5124,0.3015,0.1861,True,1613.2,1411.1,Bundesliga
2024-08-24,Borussia Dortmund,Eintracht Frankfurt,home_win,home_win,0.575,0.575,0.18,0.245,True,1605.7,1507.5,Bundesliga
2024-08-25,Wolfsburg,Bayern Munich,away_win,away_win,0.4568,0.2971,0.246,0.4568,True,1436.0,1629.9,Bundesliga
2024-08-25,St. Pauli,FC Heidenheim,away_win,home_win,0.4562,0.4562,0.2008,0.3429,False,1500.0,1500.4,Bundesliga
2024-08-30,Union Berlin,St. Pauli,home_win,draw,0.3594,0.3206,0.3594,0.32,False,1432.0,1481.7,Bundesliga
2024-08-31,Eintracht Frankfurt,Hoffenheim,home_win,home_win,0.451,0.451,0.2054,0.3435,True,1498.0,1500.7,Bundesliga
2024-08-31,Bochum,Borussia Monchengladbach,away_win,home_win,0.3714,0.3714,0.3085,0.3202,False,1405.1,1429.3,Bundesliga
2024-08-31,Bayer Leverkusen,RB Leipzig,away_win,home_win,0.6202,0.6202,0.18,0.1998,False,1766.1,1619.3,Bundesliga
2024-08-31,Werder Bremen,Borussia Dortmund,draw,away_win,0.4967,0.3233,0.18,0.4967,False,1490.7,1615.3,Bundesliga
2024-08-31,Holstein Kiel,Wolfsburg,away_win,home_win,0.4344,0.4344,0.3246,0.241,False,1485.7,1426.2,Bundesliga
2024-08-31,Stuttgart,Mainz,draw,home_win,0.5395,0.5395,0.2611,0.1994,False,1612.6,1487.8,Bundesliga
2024-09-01,Bayern Munich,Freiburg,home_win,home_win,0.5927,0.5927,0.2192,0.1881,True,1639.6,1471.7,Bundesliga
2024-09-01,FC Heidenheim,Augsburg,home_win,home_win,0.5505,0.5505,0.18,0.2695,True,1518.7,1444.6,Bundesliga
2024-09-13,Borussia Dortmund,FC Heidenheim,home_win,home_win,0.5594,0.5594,0.18,0.2606,True,1611.9,1529.2,Bundesliga
2024-09-14,Hoffenheim,Bayer Leverkusen,away_win,away_win,0.6273,0.1927,0.18,0.6273,True,1486.8,1741.9,Bundesliga
2024-09-14,Borussia Monchengladbach,Stuttgart,away_win,away_win,0.5343,0.2857,0.18,0.5343,True,1446.5,1605.2,Bundesliga
2024-09-14,Freiburg,Bochum,home_win,home_win,0.4373,0.4373,0.3268,0.2359,True,1464.6,1387.9,Bundesliga
2024-09-14,Wolfsburg,Eintracht Frankfurt,away_win,away_win,0.3488,0.3205,0.3307,0.3488,True,1447.1,1511.8,Bundesliga
2024-09-14,Holstein Kiel,Bayern Munich,away_win,away_win,0.3796,0.307,0.3134,0.3796,True,1464.8,1646.7,Bundesliga
2024-09-14,RB Leipzig,Union Berlin,draw,home_win,0.5459,0.5459,0.277,0.1771,False,1643.5,1448.0,Bundesliga
2024-09-15,Augsburg,St. Pauli,home_win,home_win,0.3561,0.3561,0.3234,0.3205,True,1434.0,1465.7,Bundesliga
2024-09-15,Mainz,Werder Bremen,away_win,draw,0.3752,0.3355,0.3752,0.2893,False,1495.2,1494.0,Bundesliga
2024-09-20,Augsburg,Mainz,away_win,draw,0.4041,0.3276,0.4041,0.2683,False,1449.2,1476.9,Bundesliga
2024-09-21,FC Heidenheim,Freiburg,away_win,home_win,0.5183,0.5183,0.18,0.3017,False,1519.0,1475.0,Bundesliga
2024-09-21,Eintracht Frankfurt,Borussia Monchengladbach,home_win,home_win,0.5686,0.5686,0.18,0.2514,True,1527.1,1435.3,Bundesliga
2024-09-21,Union Berlin,Hoffenheim,home_win,draw,0.3825,0.2774,0.3825,0.3401,False,1457.7,1479.3,Bundesliga
2024-09-21,Werder Bremen,Bayern Munich,away_win,away_win,0.4716,0.2883,0.2401,0.4716,True,1512.4,1656.9,Bundesliga
2024-09-21,Bochum,Holstein Kiel,draw,draw,0.3783,0.2633,0.3783,0.3584,True,1377.5,1454.6,Bundesliga
2024-09-22,Stuttgart,Borussia Dortmund,home_win,home_win,0.4443,0.4443,0.2114,0.3443,True,1616.3,1622.0,Bundesliga
2024-09-22,St. Pauli,RB Leipzig,draw,away_win,0.5599,0.2601,0.18,0.5599,False,1450.6,1633.7,Bundesliga
2024-09-22,Bayer Leverkusen,Wolfsburg,home_win,home_win,0.7318,0.7318,0.18,0.0882,True,1749.4,1431.8,Bundesliga
2024-09-27,Borussia Dortmund,Bochum,home_win,home_win,0.6832,0.6832,0.18,0.1368,True,1608.1,1378.7,Bundesliga
2024-09-28,Borussia Monchengladbach,Union Berlin,home_win,draw,0.3538,0.326,0.3538,0.3202,False,1425.5,1472.4,Bundesliga
2024-09-28,Mainz,FC Heidenheim,away_win,home_win,0.4462,0.4462,0.2098,0.3441,False,1493.9,1498.8,Bundesliga
2024-09-28,Freiburg,St. Pauli,away_win,home_win,0.5126,0.5126,0.18,0.3074,False,1495.2,1456.4,Bundesliga
2024-09-28,Wolfsburg,Stuttgart,draw,away_win,0.4144,0.2984,0.2872,0.4144,False,1428.4,1630.3,Bundesliga
2024-09-28,Bayern Munich,Bayer Leverkusen,draw,away_win,0.3889,0.3194,0.2917,0.3889,False,1668.7,1752.8,Bundesliga
2024-09-28,RB Leipzig,Augsburg,home_win,home_win,0.5314,0.5314,0.28,0.1886,True,1627.9,1432.2,Bundesliga
2024-09-29,Holstein Kiel,Eintracht Frankfurt,away_win,away_win,0.3876,0.3195,0.2928,0.3876,True,1453.3,1536.9,Bundesliga
2024-09-29,Hoffenheim,Werder Bremen,away_win,home_win,0.4026,0.4026,0.3262,0.2712,False,1464.6,1500.6,Bundesliga
2024-10-04,Augsburg,Borussia Monchengladbach,home_win,home_win,0.3897,0.3897,0.2909,0.3194,True,1425.9,1441.4,Bundesliga
2024-10-05,St. Pauli,Mainz,away_win,home_win,0.4585,0.4585,0.1988,0.3427,False,1476.4,1475.9,Bundesliga
2024-10-05,Union Berlin,Borussia Dortmund,home_win,away_win,0.5322,0.2878,0.18,0.5322,False,1456.6,1613.4,Bundesliga
2024-10-05,Werder Bremen,Freiburg,away_win,home_win,0.4123,0.4123,0.3057,0.282,False,1517.3,1475.2,Bundesliga
2024-10-05,Bochum,Wolfsburg,away_win,draw,0.4448,0.2582,0.4448,0.297,False,1373.4,1434.9,Bundesliga
2024-10-05,Bayer Leverkusen,Holstein Kiel,draw,home_win,0.7294,0.7294,0.18,0.0906,False,1751.3,1438.9,Bundesliga
2024-10-06,FC Heidenheim,RB Leipzig,away_win,away_win,0.4884,0.3316,0.18,0.4884,True,1516.9,1634.2,Bundesliga
2024-10-06,Eintracht Frankfurt,Bayern Munich,draw,away_win,0.4902,0.3298,0.18,0.4902,False,1551.4,1670.2,Bundesliga
2024-10-06,Stuttgart,Hoffenheim,draw,home_win,0.4927,0.4927,0.2667,0.2406,False,1623.7,1448.0,Bundesliga
2024-10-18,Borussia Dortmund,St. Pauli,home_win,home_win,0.6093,0.6093,0.18,0.2107,True,1592.6,1458.1,Bundesliga
2024-10-19,Bayer Leverkusen,Eintracht Frankfurt,home_win,home_win,0.651,0.651,0.18,0.169,True,1738.8,1554.5,Bundesliga
2024-10-19,Freiburg,Augsburg,home_win,home_win,0.4466,0.4466,0.3047,0.2487,True,1495.4,1440.3,Bundesliga
2024-10-19,Hoffenheim,Bochum,home_win,home_win,0.4895,0.4895,0.304,0.2064,True,1457.1,1357.9,Bundesliga
2024-10-19,Borussia Monchengladbach,FC Heidenheim,home_win,away_win,0.3738,0.3201,0.3061,0.3738,False,1427.0,1503.9,Bundesliga
2024-10-19,Bayern Munich,Stuttgart,home_win,home_win,0.5162,0.5162,0.2136,0.2702,True,1667.1,1614.6,Bundesliga
2024-10-19,Mainz,RB Leipzig,away_win,away_win,0.4285,0.2926,0.2789,0.4285,True,1494.2,1647.1,Bundesliga
2024-10-20,Holstein Kiel,Union Berlin,away_win,home_win,0.4307,0.4307,0.3383,0.231,False,1451.3,1477.3,Bundesliga
2024-10-20,Wolfsburg,Werder Bremen,away_win,home_win,0.3634,0.3634,0.3617,0.2749,False,1450.4,1497.1,Bundesliga
2024-10-25,Mainz,Borussia Monchengladbach,draw,home_win,0.5123,0.5123,0.18,0.3077,False,1482.8,1444.2,Bundesliga
2024-10-26,Werder Bremen,Bayer Leverkusen,draw,away_win,0.6072,0.2128,0.18,0.6072,False,1513.3,1745.4,Bundesliga
2024-10-26,Stuttgart,Holstein Kiel,home_win,home_win,0.4551,0.4551,0.2981,0.2469,True,1603.2,1434.2,Bundesliga
2024-10-26,St. Pauli,Wolfsburg,draw,home_win,0.4866,0.4866,0.18,0.3334,False,1449.9,1434.3,Bundesliga
2024-10-26,Augsburg,Borussia Dortmund,home_win,away_win,0.5481,0.2719,0.18,0.5481,False,1429.0,1600.9,Bundesliga
2024-10-26,RB Leipzig,Freiburg,home_win,home_win,0.4926,0.4926,0.2759,0.2315,True,1658.5,1506.7,Bundesliga
2024-10-27,Union Berlin,Eintracht Frankfurt,draw,draw,0.3531,0.3202,0.3531,0.3267,True,1494.5,1547.9,Bundesliga
2024-10-27,Bochum,Bayern Munich,away_win,away_win,0.5538,0.1897,0.2565,0.5538,True,1348.4,1678.5,Bundesliga
2024-10-27,FC Heidenheim,Hoffenheim,draw,home_win,0.4916,0.4916,0.18,0.3284,False,1486.7,1466.6,Bundesliga
2024-11-01,Bayer Leverkusen,Stuttgart,draw,home_win,0.6029,0.6029,0.18,0.2171,False,1737.7,1610.2,Bundesliga
2024-11-02,Hoffenheim,St. Pauli,away_win,home_win,0.4948,0.4948,0.18,0.3252,False,1469.8,1446.9,Bundesliga
2024-11-02,Bayern Munich,Union Berlin,home_win,home_win,0.6467,0.6467,0.208,0.1453,True,1683.8,1494.6,Bundesliga
2024-11-02,Eintracht Frankfurt,Bochum,home_win,home_win,0.6662,0.6662,0.18,0.1538,True,1547.8,1343.1,Bundesliga
2024-11-02,Borussia Dortmund,RB Leipzig,home_win,away_win,0.4273,0.346,0.2267,0.4273,False,1579.5,1666.1,Bundesliga
2024-11-02,Wolfsburg,Augsburg,draw,home_win,0.4142,0.4142,0.3296,0.2561,False,1437.2,1450.4,Bundesliga
2024-11-02,Holstein Kiel,FC Heidenheim,home_win,draw,0.3473,0.3204,0.3473,0.3323,False,1427.2,1483.5,Bundesliga
2024-11-03,Freiburg,Mainz,draw,home_win,0.4392,0.4392,0.2933,0.2675,False,1499.0,1478.8,Bundesliga
2024-11-03,Borussia Monchengladbach,Werder Bremen,home_win,away_win,0.3652,0.3203,0.3144,0.3652,False,1448.2,1521.0,Bundesliga
2024-11-08,Union Berlin,Freiburg,draw,draw,0.3882,0.3109,0.3882,0.3009,True,1488.2,1495.9,Bundesliga
2024-11-09,RB Leipzig,Borussia Monchengladbach,draw,home_win,0.6502,0.6502,0.18,0.1698,False,1648.4,1465.2,Bundesliga
2024-11-09,St. Pauli,Bayern Munich,away_win,away_win,0.5998,0.2202,0.18,0.5998,True,1466.2,1690.3,Bundesliga
2024-11-09,Werder Bremen,Holstein Kiel,home_win,draw,0.3852,0.3363,0.3852,0.2785,False,1503.9,1443.5,Bundesliga
2024-11-09,Mainz,Borussia Dortmund,home_win,away_win,0.486,0.334,0.18,0.486,False,1482.0,1597.2,Bundesliga
2024-11-09,Bochum,Bayer Leverkusen,draw,away_win,0.7201,0.0999,0.18,0.7201,False,1337.1,1730.2,Bundesliga
2024-11-10,Augsburg,Hoffenheim,draw,draw,0.3629,0.3104,0.3629,0.3266,True,1452.1,1450.5,Bundesliga
2024-11-10,Stuttgart,Eintracht Frankfurt,away_win,home_win,0.5399,0.5399,0.18,0.2801,False,1617.8,1553.8,Bundesliga
2024-11-10,FC Heidenheim,Wolfsburg,away_win,home_win,0.5046,0.5046,0.18,0.3154,False,1467.2,1435.6,Bundesliga
2024-11-22,Bayern Munich,Augsburg,home_win,home_win,0.6474,0.6474,0.2148,0.1378,True,1698.9,1449.8,Bundesliga
2024-11-23,Bayer Leverkusen,FC Heidenheim,home_win,home_win,0.7081,0.7081,0.18,0.1119,True,1718.1,1447.5,Bundesliga
2024-11-23,Hoffenheim,RB Leipzig,home_win,away_win,0.3524,0.327,0.3206,0.3524,False,1452.9,1639.1,Bundesliga
2024-11-23,Borussia Dortmund,Freiburg,home_win,home_win,0.557,0.557,0.18,0.263,True,1578.2,1497.8,Bundesliga
2024-11-23,Stuttgart,Bochum,home_win,home_win,0.5466,0.5466,0.2952,0.1582,True,1596.7,1349.2,Bundesliga
2024-11-23,Wolfsburg,Union Berlin,home_win,home_win,0.4092,0.4092,0.3427,0.2481,True,1455.2,1486.2,Bundesliga
2024-11-23,Eintracht Frankfurt,Werder Bremen,home_win,home_win,0.5354,0.5354,0.18,0.2846,True,1574.8,1515.0,Bundesliga
2024-11-24,Holstein Kiel,Mainz,away_win,home_win,0.4088,0.4088,0.3341,0.2571,False,1432.4,1500.9,Bundesliga
2024-11-24,Borussia Monchengladbach,St. Pauli,home_win,home_win,0.4881,0.4881,0.18,0.3319,True,1474.6,1457.6,Bundesliga
2024-11-29,St. Pauli,Holstein Kiel,home_win,home_win,0.4999,0.4999,0.18,0.3201,True,1444.7,1417.2,Bundesliga
2024-11-30,Augsburg,Bochum,home_win,home_win,0.4175,0.4175,0.3431,0.2394,True,1444.9,1344.3,Bundesliga
2024-11-30,Freiburg,Borussia Monchengladbach,home_win,home_win,0.4571,0.4571,0.2001,0.3428,True,1487.5,1487.6,Bundesliga
2024-11-30,RB Leipzig,Wolfsburg,away_win,home_win,0.4602,0.4602,0.2879,0.2519,False,1617.1,1470.4,Bundesliga
2024-11-30,Union Berlin,Bayer Leverkusen,away_win,away_win,0.6241,0.1959,0.18,0.6241,True,1471.1,1722.4,Bundesliga
2024-11-30,Werder Bremen,Stuttgart,draw,draw,0.3561,0.2912,0.3561,0.3527,True,1503.9,1601.6,Bundesliga
2024-11-30,Borussia Dortmund,Bayern Munich,draw,away_win,0.4861,0.3339,0.18,0.4861,False,1588.4,1703.7,Bundesliga
2024-12-01,Mainz,Hoffenheim,home_win,draw,0.3445,0.3353,0.3445,0.3203,False,1516.1,1474.8,Bundesliga
2024-12-01,FC Heidenheim,Eintracht Frankfurt,away_win,away_win,0.517,0.303,0.18,0.517,True,1443.2,1585.9,Bundesliga
2024-12-06,Stuttgart,Union Berlin,home_win,home_win,0.5469,0.5469,0.2685,0.1846,True,1599.4,1463.5,Bundesliga
2024-12-07,Bayern Munich,FC Heidenheim,home_win,home_win,0.7075,0.7075,0.18,0.1125,True,1700.8,1431.3,Bundesliga
2024-12-07,Eintracht Frankfurt,Augsburg,draw,home_win,0.6172,0.6172,0.18,0.2028,False,1597.8,1454.4,Bundesliga
2024-12-07,Bochum,Werder Bremen,away_win,away_win,0.3888,0.2723,0.3389,0.3888,True,1334.8,1506.1,Bundesliga
2024-12-07,Bayer Leverkusen,St. Pauli,home_win,home_win,0.7094,0.7094,0.18,0.1106,True,1730.1,1457.2,Bundesliga
2024-12-07,Holstein Kiel,RB Leipzig,away_win,draw,0.3471,0.3192,0.3471,0.3337,False,1404.8,1592.9,Bundesliga
2024-12-07,Borussia Monchengladbach,Borussia Dortmund,draw,away_win,0.4887,0.3313,0.18,0.4887,False,1473.9,1591.4,Bundesliga
2024-12-08,Wolfsburg,Mainz,home_win,home_win,0.4059,0.4059,0.3356,0.2585,True,1494.6,1528.0,Bundesliga
2024-12-08,Hoffenheim,Freiburg,draw,home_win,0.4014,0.4014,0.3226,0.276,False,1462.9,1501.2,Bundesliga
2024-12-13,Freiburg,Wolfsburg,home_win,draw,0.3858,0.3273,0.3858,0.2869,False,1501.8,1509.8,Bundesliga
2024-12-14,St. Pauli,Werder Bremen,away_win,away_win,0.3472,0.3205,0.3323,0.3472,True,1452.9,1516.7,Bundesliga
2024-12-14,Union Berlin,Bochum,away_win,home_win,0.4186,0.4186,0.3459,0.2354,False,1455.3,1324.2,Bundesliga
2024-12-14,Mainz,Bayern Munich,home_win,away_win,0.5345,0.238,0.2274,0.5345,False,1512.7,1705.1,Bundesliga
2024-12-14,Augsburg,Bayer Leverkusen,away_win,away_win,0.6413,0.1787,0.18,0.6413,True,1462.5,1734.4,Bundesliga
2024-12-14,Borussia Monchengladbach,Holstein Kiel,home_win,home_win,0.5588,0.5588,0.18,0.2612,True,1476.9,1394.8,Bundesliga
2024-12-15,FC Heidenheim,Stuttgart,away_win,away_win,0.5573,0.2627,0.18,0.5573,True,1426.9,1607.6,Bundesliga
2024-12-15,Borussia Dortmund,Hoffenheim,draw,home_win,0.6015,0.6015,0.18,0.2185,False,1588.3,1462.4,Bundesliga
2024-12-15,RB Leipzig,Eintracht Frankfurt,home_win,home_win,0.4837,0.4837,0.18,0.3363,True,1602.8,1589.7,Bundesliga
2024-12-20,Bayern Munich,RB Leipzig,home_win,home_win,0.5548,0.5548,0.206,0.2393,True,1682.9,1616.0,Bundesliga
2024-12-21,Stuttgart,St. Pauli,away_win,home_win,0.6479,0.6479,0.18,0.1721,False,1617.8,1437.5,Bundesliga
2024-12-21,Eintracht Frankfurt,Mainz,away_win,home_win,0.5157,0.5157,0.18,0.3043,False,1576.5,1535.0,Bundesliga
2024-12-21,Hoffenheim,Borussia Monchengladbach,away_win,home_win,0.3859,0.3859,0.2945,0.3196,False,1469.9,1487.1,Bundesliga
2024-12-21,Werder Bremen,Union Berlin,home_win,home_win,0.4703,0.4703,0.3115,0.2182,True,1532.1,1431.6,Bundesliga
2024-12-21,Bayer Leverkusen,Freiburg,home_win,home_win,0.6806,0.6806,0.18,0.1394,True,1741.4,1515.9,Bundesliga
2024-12-21,Holstein Kiel,Augsburg,home_win,home_win,0.3959,0.3959,0.3451,0.259,True,1384.6,1455.5,Bundesliga
2024-12-22,Bochum,FC Heidenheim,home_win,away_win,0.3572,0.3205,0.3223,0.3572,False,1347.8,1416.7,Bundesliga
2024-12-22,Wolfsburg,Borussia Dortmund,away_win,away_win,0.3909,0.3193,0.2897,0.3909,True,1495.7,1580.9,Bundesliga
2025-01-10,Borussia Dortmund,Bayer Leverkusen,away_win,away_win,0.5265,0.2935,0.18,0.5265,True,1595.3,1746.8,Bundesliga
2025-01-11,Borussia Monchengladbach,Bayern Munich,away_win,away_win,0.5659,0.2541,0.18,0.5659,True,1504.6,1693.7,Bundesliga
2025-01-11,St. Pauli,Eintracht Frankfurt,away_win,away_win,0.4428,0.3445,0.2127,0.4428,True,1462.8,1556.4,Bundesliga
2025-01-11,Mainz,Bochum,home_win,home_win,0.4583,0.4583,0.3315,0.2101,True,1555.1,1364.7,Bundesliga
2025-01-11,FC Heidenheim,Union Berlin,home_win,home_win,0.3753,0.3753,0.3047,0.32,True,1399.8,1422.2,Bundesliga
2025-01-11,Freiburg,Holstein Kiel,home_win,home_win,0.3972,0.3972,0.3185,0.2844,True,1510.4,1401.6,Bundesliga
2025-01-11,Hoffenheim,Wolfsburg,away_win,home_win,0.3783,0.3783,0.3295,0.2922,False,1452.4,1481.3,Bundesliga
2025-01-12,Augsburg,Stuttgart,away_win,away_win,0.4425,0.2709,0.2867,0.4425,True,1438.5,1592.5,Bundesliga
2025-01-12,RB Leipzig,Werder Bremen,home_win,home_win,0.4544,0.4544,0.2817,0.2638,True,1605.2,1541.6,Bundesliga
2025-01-14,Eintracht Frankfurt,Freiburg,home_win,home_win,0.5258,0.5258,0.18,0.2942,True,1570.4,1519.6,Bundesliga
2025-01-14,Bayer Leverkusen,Mainz,home_win,home_win,0.6604,0.6604,0.18,0.1596,True,1758.3,1561.5,Bundesliga
2025-01-14,Holstein Kiel,Borussia Dortmund,home_win,away_win,0.5682,0.2518,0.18,0.5682,False,1392.4,1583.8,Bundesliga
2025-01-14,Wolfsburg,Borussia Monchengladbach,home_win,home_win,0.4654,0.4654,0.1928,0.3418,True,1498.3,1494.7,Bundesliga
2025-01-15,Bochum,St. Pauli,home_win,away_win,0.4358,0.3452,0.219,0.4358,False,1358.3,1448.8,Bundesliga
2025-01-15,Bayern Munich,Hoffenheim,home_win,home_win,0.5819,0.5819,0.2226,0.1955,True,1703.7,1435.4,Bundesliga
2025-01-15,Werder Bremen,FC Heidenheim,draw,home_win,0.5923,0.5923,0.18,0.2277,False,1530.6,1414.5,Bundesliga
2025-01-15,Union Berlin,Augsburg,away_win,draw,0.4114,0.3146,0.4114,0.274,False,1407.4,1427.2,Bundesliga
2025-01-15,Stuttgart,RB Leipzig,home_win,home_win,0.434,0.434,0.2731,0.293,True,1603.9,1616.1,Bundesliga
2025-01-17,Eintracht Frankfurt,Borussia Dortmund,home_win,home_win,0.4918,0.4918,0.18,0.3282,True,1581.9,1561.6,Bundesliga
2025-01-18,Bayern Munich,Wolfsburg,home_win,home_win,0.5618,0.5618,0.2369,0.2013,True,1708.1,1511.9,Bundesliga
2025-01-18,Bochum,RB Leipzig,draw,away_win,0.4387,0.2525,0.3088,0.4387,False,1376.1,1601.8,Bundesliga
2025-01-18,FC Heidenheim,St. Pauli,away_win,home_win,0.4363,0.4363,0.2185,0.3451,False,1421.7,1430.9,Bundesliga
2025-01-18,Holstein Kiel,Hoffenheim,away_win,home_win,0.389,0.389,0.3275,0.2834,False,1414.6,1431.0,Bundesliga
2025-01-18,Stuttgart,Freiburg,home_win,home_win,0.4987,0.4987,0.2711,0.2302,True,1618.2,1508.1,Bundesliga
2025-01-18,Bayer Leverkusen,Borussia Monchengladbach,home_win,home_win,0.715,0.715,0.18,0.105,True,1764.5,1481.2,Bundesliga
2025-01-19,Union Berlin,Mainz,home_win,away_win,0.3931,0.2935,0.3134,0.3931,False,1390.0,1555.3,Bundesliga
2025-01-19,Werder Bremen,Augsburg,away_win,home_win,0.4484,0.4484,0.313,0.2386,False,1523.5,1444.6,Bundesliga
2025-01-24,Wolfsburg,Holstein Kiel,draw,home_win,0.41,0.41,0.3305,0.2595,False,1505.6,1397.0,Bundesliga
2025-01-25,Augsburg,FC Heidenheim,home_win,home_win,0.5383,0.5383,0.18,0.2817,True,1466.2,1403.8,Bundesliga
2025-01-25,Borussia Dortmund,Werder Bremen,draw,home_win,0.5216,0.5216,0.18,0.2984,False,1548.8,1501.8,Bundesliga
2025-01-25,Freiburg,Bayern Munich,away_win,away_win,0.5025,0.2622,0.2353,0.5025,True,1499.0,1714.3,Bundesliga
2025-01-25,Mainz,Stuttgart,home_win,away_win,0.4119,0.2968,0.2913,0.4119,False,1534.1,1627.3,Bundesliga
2025-01-25,RB Leipzig,Bayer Leverkusen,draw,away_win,0.5506,0.2694,0.18,0.5506,False,1594.4,1768.6,Bundesliga
2025-01-25,Borussia Monchengladbach,Bochum,home_win,home_win,0.5703,0.5703,0.18,0.2497,True,1477.1,1383.6,Bundesliga
2025-01-26,Hoffenheim,Eintracht Frankfurt,draw,away_win,0.5207,0.2993,0.18,0.5207,False,1448.5,1594.7,Bundesliga
2025-01-26,St. Pauli,Union Berlin,home_win,home_win,0.5113,0.5113,0.18,0.3087,True,1448.8,1411.2,Bundesliga
2025-01-31,Werder Bremen,Mainz,home_win,home_win,0.3692,0.3692,0.3518,0.2789,True,1506.2,1552.1,Bundesliga
2025-02-01,Bayern Munich,Holstein Kiel,home_win,home_win,0.5491,0.5491,0.253,0.1979,True,1723.2,1403.9,Bundesliga
2025-02-01,Bochum,Freiburg,away_win,draw,0.3915,0.2731,0.3915,0.3354,False,1373.9,1490.1,Bundesliga
2025-02-01,FC Heidenheim,Borussia Dortmund,away_win,away_win,0.5267,0.2933,0.18,0.5267,True,1392.8,1544.5,Bundesliga
2025-02-01,St. Pauli,Augsburg,draw,home_win,0.3877,0.3877,0.2928,0.3195,False,1460.8,1477.2,Bundesliga
2025-02-01,Stuttgart,Borussia Monchengladbach,away_win,home_win,0.5983,0.5983,0.18,0.2217,False,1609.3,1486.8,Bundesliga
2025-02-01,Union Berlin,RB Leipzig,draw,away_win,0.4571,0.2534,0.2896,0.4571,False,1399.1,1599.9,Bundesliga
2025-02-02,Eintracht Frankfurt,Wolfsburg,draw,home_win,0.5684,0.5684,0.18,0.2516,False,1590.4,1498.8,Bundesliga
2025-02-02,Bayer Leverkusen,Hoffenheim,home_win,home_win,0.7284,0.7284,0.18,0.0916,True,1763.1,1452.9,Bundesliga
2025-02-07,Bayern Munich,Werder Bremen,home_win,home_win,0.6054,0.6054,0.2232,0.1714,True,1726.6,1522.0,Bundesliga
2025-02-08,Borussia Dortmund,Stuttgart,away_win,home_win,0.3595,0.3595,0.3201,0.3205,False,1555.9,1585.9,Bundesliga
2025-02-08,Freiburg,FC Heidenheim,home_win,home_win,0.5976,0.5976,0.18,0.2224,True,1503.1,1381.3,Bundesliga
2025-02-08,Hoffenheim,Union Berlin,away_win,home_win,0.5012,0.5012,0.2766,0.2222,False,1449.3,1405.6,Bundesliga
2025-02-08,Mainz,Augsburg,draw,home_win,0.4194,0.4194,0.3105,0.2701,False,1536.3,1478.8,Bundesliga
2025-02-08,Wolfsburg,Bayer Leverkusen,draw,away_win,0.6329,0.1871,0.18,0.6329,False,1505.0,1766.7,Bundesliga
2025-02-08,Borussia Monchengladbach,Eintracht Frankfurt,draw,away_win,0.3678,0.3203,0.3119,0.3678,False,1510.2,1584.2,Bundesliga
2025-02-09,Holstein Kiel,Bochum,draw,home_win,0.4454,0.4454,0.3353,0.2193,False,1400.5,1360.9,Bundesliga
2025-02-09,RB Leipzig,St. Pauli,home_win,home_win,0.6089,0.6089,0.18,0.2111,True,1593.3,1459.3,Bundesliga
2025-02-14,Augsburg,RB Leipzig,draw,away_win,0.4035,0.3073,0.2892,0.4035,False,1483.6,1601.6,Bundesliga
2025-02-15,Bochum,Borussia Dortmund,home_win,away_win,0.5505,0.2695,0.18,0.5505,False,1364.9,1539.0,Bundesliga
2025-02-15,St. Pauli,Freiburg,away_win,away_win,0.3408,0.3205,0.3386,0.3408,True,1451.1,1511.7,Bundesliga
2025-02-15,Stuttgart,Wolfsburg,away_win,home_win,0.4568,0.4568,0.2857,0.2575,False,1602.9,1513.7,Bundesliga
2025-02-15,Union Berlin,Borussia Monchengladbach,away_win,away_win,0.3915,0.3193,0.2892,0.3915,True,1425.9,1511.3,Bundesliga
2025-02-15,Bayer Leverkusen,Bayern Munich,draw,home_win,0.4975,0.4975,0.18,0.3225,False,1758.0,1732.6,Bundesliga
2025-02-16,Werder Bremen,Hoffenheim,away_win,home_win,0.4081,0.4081,0.2942,0.2977,False,1516.0,1429.1,Bundesliga
2025-02-16,Eintracht Frankfurt,Holstein Kiel,home_win,home_win,0.6528,0.6528,0.18,0.1672,True,1583.1,1396.4,Bundesliga
2025-02-16,FC Heidenheim,Mainz,away_win,away_win,0.5344,0.2856,0.18,0.5344,True,1372.7,1531.5,Bundesliga
2025-02-21,Freiburg,Werder Bremen,home_win,home_win,0.4161,0.4161,0.3047,0.2792,True,1527.2,1494.0,Bundesliga
2025-02-22,Borussia Monchengladbach,Augsburg,away_win,home_win,0.5128,0.5128,0.18,0.3072,False,1525.6,1486.7,Bundesliga
2025-02-22,Holstein Kiel,Bayer Leverkusen,away_win,away_win,0.7048,0.1152,0.18,0.7048,True,1389.9,1754.6,Bundesliga
2025-02-22,Wolfsburg,Bochum,draw,home_win,0.4799,0.4799,0.3323,0.1878,False,1535.8,1386.4,Bundesliga
2025-02-22,Borussia Dortmund,Union Berlin,home_win,home_win,0.5827,0.5827,0.18,0.2373,True,1517.5,1411.5,Bundesliga
2025-02-22,Mainz,St. Pauli,home_win,home_win,0.5837,0.5837,0.18,0.2363,True,1542.7,1435.5,Bundesliga
2025-02-23,RB Leipzig,FC Heidenheim,draw,home_win,0.6881,0.6881,0.18,0.1319,False,1598.5,1361.5,Bundesliga
2025-02-23,Bayern Munich,Eintracht Frankfurt,home_win,home_win,0.6199,0.6199,0.18,0.2001,True,1736.1,1589.6,Bundesliga
2025-02-23,Hoffenheim,Stuttgart,draw,away_win,0.3454,0.3294,0.3251,0.3454,False,1451.1,1580.8,Bundesliga
2025-02-28,Stuttgart,Bayern Munich,away_win,away_win,0.4489,0.3293,0.2218,0.4489,True,1577.2,1743.9,Bundesliga
2025-03-01,FC Heidenheim,Borussia Monchengladbach,away_win,away_win,0.5064,0.3136,0.18,0.5064,True,1372.4,1505.6,Bundesliga
2025-03-01,RB Leipzig,Mainz,away_win,home_win,0.4743,0.4743,0.2689,0.2568,False,1587.6,1551.9,Bundesliga
2025-03-01,Bochum,Hoffenheim,away_win,draw,0.4213,0.26,0.4213,0.3187,False,1394.7,1454.7,Bundesliga
2025-03-01,Werder Bremen,Wolfsburg,away_win,draw,0.4268,0.2859,0.4268,0.2873,False,1481.7,1527.5,Bundesliga
2025-03-01,Eintracht Frankfurt,Bayer Leverkusen,away_win,away_win,0.5538,0.2662,0.18,0.5538,True,1581.8,1759.1,Bundesliga
2025-03-01,St. Pauli,Borussia Dortmund,away_win,away_win,0.4582,0.3427,0.1991,0.4582,True,1426.3,1526.8,Bundesliga
2025-03-02,Union Berlin,Holstein Kiel,away_win,draw,0.384,0.2918,0.384,0.3242,False,1402.2,1385.4,Bundesliga
2025-03-02,Augsburg,Freiburg,draw,draw,0.4096,0.2994,0.4096,0.291,True,1506.7,1539.5,Bundesliga
2025-03-07,Borussia Monchengladbach,Mainz,away_win,draw,0.3522,0.3203,0.3522,0.3275,False,1517.9,1571.7,Bundesliga
2025-03-08,Bayern Munich,Bochum,away_win,home_win,0.6473,0.6473,0.2364,0.1163,False,1754.7,1379.1,Bundesliga
2025-03-08,Borussia Dortmund,Augsburg,away_win,home_win,0.5079,0.5079,0.18,0.3121,False,1540.5,1505.9,Bundesliga
2025-03-08,Holstein Kiel,Stuttgart,draw,draw,0.3526,0.3109,0.3526,0.3366,True,1404.5,1566.3,Bundesliga
2025-03-08,Bayer Leverkusen,Werder Bremen,away_win,home_win,0.7254,0.7254,0.18,0.0946,False,1769.4,1465.5,Bundesliga
2025-03-08,Wolfsburg,St. Pauli,draw,home_win,0.6062,0.6062,0.18,0.2138,False,1543.7,1412.6,Bundesliga
2025-03-08,Freiburg,RB Leipzig,draw,draw,0.372,0.3385,0.372,0.2895,True,1540.3,1567.7,Bundesliga
2025-03-09,Eintracht Frankfurt,Union Berlin,away_win,home_win,0.654,0.654,0.18,0.166,False,1571.4,1383.2,Bundesliga
2025-03-09,Hoffenheim,FC Heidenheim,draw,home_win,0.5866,0.5866,0.18,0.2334,False,1470.2,1360.1,Bundesliga
2025-03-14,St. Pauli,Hoffenheim,home_win,draw,0.3461,0.3335,0.3461,0.3204,False,1420.3,1463.3,Bundesliga
2025-03-15,Augsburg,Wolfsburg,home_win,draw,0.3978,0.2992,0.3978,0.3029,False,1525.7,1536.0,Bundesliga
2025-03-15,Mainz,Freiburg,draw,home_win,0.3956,0.3956,0.3003,0.3041,False,1587.6,1539.2,Bundesliga
2025-03-15,Union Berlin,Bayern Munich,draw,away_win,0.5899,0.1768,0.2332,0.5899,False,1408.7,1725.2,Bundesliga
2025-03-15,Werder Bremen,Borussia Monchengladbach,away_win,home_win,0.4387,0.4387,0.2164,0.3449,False,1493.9,1502.0,Bundesliga
2025-03-15,RB Leipzig,Borussia Dortmund,home_win,home_win,0.5228,0.5228,0.18,0.2972,True,1568.8,1520.6,Bundesliga
2025-03-16,Bochum,Eintracht Frankfurt,away_win,away_win,0.5109,0.3091,0.18,0.5109,True,1408.6,1545.9,Bundesliga
2025-03-16,FC Heidenheim,Holstein Kiel,home_win,draw,0.3448,0.3348,0.3448,0.3204,False,1367.0,1409.4,Bundesliga
2025-03-16,Stuttgart,Bayer Leverkusen,away_win,away_win,0.5564,0.2636,0.18,0.5564,True,1561.4,1741.1,Bundesliga
2025-03-28,Bayer Leverkusen,Bochum,home_win,home_win,0.7473,0.7473,0.18,0.0727,True,1751.4,1396.5,Bundesliga
2025-03-29,Bayern Munich,St. Pauli,home_win,home_win,0.7127,0.7127,0.18,0.1073,True,1714.9,1436.0,Bundesliga
2025-03-29,Hoffenheim,Augsburg,draw,home_win,0.4092,0.4092,0.2968,0.2939,False,1447.6,1539.9,Bundesliga
2025-03-29,Holstein Kiel,Werder Bremen,away_win,home_win,0.3771,0.3771,0.3388,0.2841,False,1393.8,1475.9,Bundesliga
2025-03-29,Borussia Monchengladbach,RB Leipzig,home_win,away_win,0.3403,0.3205,0.3392,0.3403,False,1520.0,1580.4,Bundesliga
2025-03-29,Wolfsburg,FC Heidenheim,away_win,home_win,0.6135,0.6135,0.18,0.2065,False,1521.8,1382.7,Bundesliga
2025-03-29,Eintracht Frankfurt,Stuttgart,home_win,home_win,0.4729,0.4729,0.1862,0.3409,True,1558.0,1551.1,Bundesliga
2025-03-30,Freiburg,Union Berlin,away_win,home_win,0.4908,0.4908,0.3028,0.2064,False,1543.7,1419.0,Bundesliga
2025-03-30,Borussia Dortmund,Mainz,home_win,away_win,0.3679,0.3203,0.3118,0.3679,False,1509.1,1583.2,Bundesliga
2025-04-04,Augsburg,Bayern Munich,away_win,away_win,0.5188,0.244,0.2372,0.5188,True,1538.0,1719.1,Bundesliga
2025-04-05,Bochum,Stuttgart,away_win,away_win,0.4199,0.2732,0.3069,0.4199,True,1393.7,1537.7,Bundesliga
2025-04-05,Werder Bremen,Eintracht Frankfurt,home_win,away_win,0.382,0.3198,0.2982,0.382,False,1490.5,1571.4,Bundesliga
2025-04-05,RB Leipzig,Hoffenheim,home_win,home_win,0.4455,0.4455,0.2678,0.2867,True,1563.9,1449.6,Bundesliga
2025-04-05,Mainz,Holstein Kiel,draw,home_win,0.4061,0.4061,0.3135,0.2804,False,1566.0,1379.3,Bundesliga
2025-04-05,FC Heidenheim,Bayer Leverkusen,away_win,away_win,0.6948,0.1252,0.18,0.6948,True,1406.6,1754.3,Bundesliga
2025-04-05,Freiburg,Borussia Dortmund,away_win,home_win,0.4438,0.4438,0.2119,0.3444,False,1520.2,1526.2,Bundesliga
2025-04-06,St. Pauli,Borussia Monchengladbach,draw,away_win,0.4678,0.3415,0.1907,0.4678,False,1431.8,1536.4,Bundesliga
2025-04-06,Union Berlin,Wolfsburg,home_win,draw,0.4285,0.2532,0.4285,0.3182,False,1442.5,1497.9,Bundesliga
2025-04-11,Wolfsburg,RB Leipzig,away_win,draw,0.3612,0.3349,0.3612,0.3039,False,1481.6,1572.9,Bundesliga
2025-04-12,Bochum,Augsburg,away_win,draw,0.4022,0.2724,0.4022,0.3254,False,1381.9,1527.7,Bundesliga
2025-04-12,Bayern Munich,Borussia Dortmund,draw,home_win,0.6517,0.6517,0.18,0.1683,False,1729.3,1544.2,Bundesliga
2025-04-12,Borussia Monchengladbach,Freiburg,away_win,home_win,0.5047,0.5047,0.18,0.3153,False,1533.9,1502.2,Bundesliga
2025-04-12,Bayer Leverkusen,Union Berlin,draw,home_win,0.7237,0.7237,0.18,0.0963,False,1759.1,1458.7,Bundesliga
2025-04-12,Holstein Kiel,St. Pauli,away_win,draw,0.3511,0.3286,0.3511,0.3203,False,1388.7,1434.3,Bundesliga
2025-04-12,Hoffenheim,Mainz,home_win,home_win,0.4161,0.4161,0.2689,0.315,True,1440.6,1556.6,Bundesliga
2025-04-13,Stuttgart,Werder Bremen,away_win,home_win,0.4662,0.4662,0.2766,0.2572,False,1549.5,1507.9,Bundesliga
2025-04-13,Eintracht Frankfurt,FC Heidenheim,home_win,home_win,0.6249,0.6249,0.18,0.1951,True,1554.0,1401.7,Bundesliga
2025-04-19,Werder Bremen,Bochum,home_win,home_win,0.4627,0.4627,0.3352,0.2021,True,1528.0,1370.2,Bundesliga
2025-04-19,Union Berlin,Stuttgart,draw,away_win,0.3837,0.2843,0.332,0.3837,False,1470.9,1529.3,Bundesliga
2025-04-19,Freiburg,Hoffenheim,home_win,home_win,0.4035,0.4035,0.2878,0.3087,True,1521.9,1459.6,Bundesliga
2025-04-19,FC Heidenheim,Bayern Munich,away_win,away_win,0.6808,0.1392,0.18,0.6808,True,1394.1,1719.9,Bundesliga
2025-04-19,Mainz,Wolfsburg,draw,draw,0.3683,0.3493,0.3683,0.2824,True,1537.6,1467.5,Bundesliga
2025-04-19,RB Leipzig,Holstein Kiel,draw,home_win,0.4522,0.4522,0.2973,0.2506,False,1587.0,1372.5,Bundesliga
2025-04-20,Borussia Dortmund,Borussia Monchengladbach,home_win,home_win,0.5132,0.5132,0.18,0.3068,True,1553.6,1514.2,Bundesliga
2025-04-20,St. Pauli,Bayer Leverkusen,draw,away_win,0.6602,0.1598,0.18,0.6602,False,1450.5,1746.9,Bundesliga
2025-04-20,Augsburg,Eintracht Frankfurt,draw,home_win,0.3757,0.3757,0.3043,0.32,False,1539.4,1561.6,Bundesliga
2025-04-25,Stuttgart,FC Heidenheim,away_win,home_win,0.6145,0.6145,0.18,0.2055,False,1528.9,1388.7,Bundesliga
2025-04-26,Bayern Munich,Mainz,home_win,home_win,0.6433,0.6433,0.2042,0.1525,True,1725.3,1532.2,Bundesliga
2025-04-26,Hoffenheim,Borussia Dortmund,away_win,away_win,0.488,0.332,0.18,0.488,True,1448.6,1565.6,Bundesliga
2025-04-26,Holstein Kiel,Borussia Monchengladbach,home_win,away_win,0.4909,0.3291,0.18,0.4909,False,1382.8,1502.3,Bundesliga
2025-04-26,Bayer Leverkusen,Augsburg,home_win,home_win,0.6621,0.6621,0.18,0.1579,True,1737.1,1538.1,Bundesliga
2025-04-26,Wolfsburg,Freiburg,away_win,draw,0.4093,0.3281,0.4093,0.2626,False,1472.8,1532.9,Bundesliga
2025-04-26,Eintracht Frankfurt,RB Leipzig,home_win,home_win,0.4262,0.4262,0.2277,0.3461,True,1562.8,1576.7,Bundesliga
2025-04-27,Bochum,Union Berlin,draw,draw,0.4036,0.298,0.4036,0.2984,True,1362.8,1471.3,Bundesliga
2025-04-27,Werder Bremen,St. Pauli,draw,home_win,0.5517,0.5517,0.18,0.2683,False,1535.4,1460.2,Bundesliga
2025-05-02,FC Heidenheim,Bochum,draw,home_win,0.5218,0.5218,0.18,0.2982,False,1412.7,1365.5,Bundesliga
2025-05-03,Borussia Monchengladbach,Hoffenheim,draw,home_win,0.5221,0.5221,0.18,0.2979,False,1483.1,1435.7,Bundesliga
2025-05-03,Borussia Dortmund,Wolfsburg,home_win,home_win,0.5972,0.5972,0.18,0.2228,True,1578.5,1457.3,Bundesliga
2025-05-03,RB Leipzig,Bayern Munich,draw,away_win,0.4806,0.299,0.2204,0.4806,False,1562.4,1731.7,Bundesliga
2025-05-03,Union Berlin,Werder Bremen,draw,draw,0.4236,0.2728,0.4236,0.3036,True,1468.7,1529.9,Bundesliga
2025-05-03,St. Pauli,Stuttgart,away_win,home_win,0.3411,0.3411,0.3384,0.3205,False,1465.8,1505.0,Bundesliga
2025-05-04,Mainz,Eintracht Frankfurt,draw,draw,0.3575,0.3201,0.3575,0.3225,True,1525.9,1577.2,Bundesliga
2025-05-04,Augsburg,Holstein Kiel,away_win,home_win,0.3827,0.3827,0.3256,0.2917,False,1532.0,1402.0,Bundesliga
2025-05-04,Freiburg,Bayer Leverkusen,draw,away_win,0.5717,0.2483,0.18,0.5717,False,1548.4,1743.3,Bundesliga
2025-05-09,Wolfsburg,Hoffenheim,draw,home_win,0.3933,0.3933,0.2985,0.3083,False,1448.6,1440.0,Bundesliga
2025-05-10,Bochum,Mainz,away_win,draw,0.3903,0.2761,0.3903,0.3337,False,1369.8,1526.0,Bundesliga
2025-05-10,Holstein Kiel,Freiburg,away_win,draw,0.3675,0.3346,0.3675,0.2979,False,1425.6,1554.8,Bundesliga
2025-05-10,Union Berlin,FC Heidenheim,away_win,home_win,0.5366,0.5366,0.18,0.2834,False,1469.2,1408.3,Bundesliga
2025-05-10,Werder Bremen,RB Leipzig,draw,draw,0.3885,0.3208,0.3885,0.2907,True,1529.4,1567.6,Bundesliga
2025-05-10,Bayern Munich,Borussia Monchengladbach,home_win,home_win,0.6948,0.6948,0.18,0.1252,True,1726.4,1478.7,Bundesliga
2025-05-11,Bayer Leverkusen,Borussia Dortmund,away_win,home_win,0.6228,0.6228,0.18,0.1972,False,1737.0,1587.2,Bundesliga
2025-05-11,Eintracht Frankfurt,St. Pauli,draw,home_win,0.6033,0.6033,0.18,0.2167,False,1577.1,1449.3,Bundesliga
2025-05-11,Stuttgart,Augsburg,home_win,home_win,0.475,0.475,0.2727,0.2523,True,1521.5,1508.4,Bundesliga
2025-05-17,Borussia Dortmund,Holstein Kiel,home_win,home_win,0.6616,0.6616,0.18,0.1584,True,1611.5,1413.2,Bundesliga
2025-05-17,Augsburg,Union Berlin,away_win,home_win,0.4201,0.4201,0.3216,0.2583,False,1495.2,1448.2,Bundesliga
2025-05-17,Freiburg,Eintracht Frankfurt,away_win,home_win,0.4517,0.4517,0.2048,0.3435,False,1567.2,1569.6,Bundesliga
2025-05-17,FC Heidenheim,Werder Bremen,away_win,away_win,0.4563,0.3429,0.2008,0.4563,True,1429.2,1528.8,Bundesliga
2025-05-17,Hoffenheim,Bayern Munich,away_win,away_win,0.4878,0.2835,0.2287,0.4878,True,1442.7,1731.3,Bundesliga
2025-05-17,Borussia Monchengladbach,Wolfsburg,away_win,home_win,0.5004,0.5004,0.18,0.3196,False,1473.9,1445.9,Bundesliga
2025-05-17,Mainz,Bayer Leverkusen,draw,away_win,0.5519,0.2681,0.18,0.5519,False,1537.2,1712.7,Bundesliga
2025-05-17,RB Leipzig,Stuttgart,away_win,home_win,0.4186,0.4186,0.2589,0.3224,False,1568.2,1534.6,Bundesliga
2025-05-17,St. Pauli,Bochum,away_win,home_win,0.575,0.575,0.18,0.245,False,1456.8,1358.6,Bundesliga
2023-08-11,Burnley,Manchester City,away_win,away_win,0.5609,0.2591,0.18,0.5609,True,1500.0,1684.2,EPL
2023-08-12,Arsenal,Nottingham Forest,home_win,home_win,0.6485,0.6485,0.18,0.1715,True,1623.8,1442.7,EPL
2023-08-12,Bournemouth,West Ham,draw,draw,0.402,0.3256,0.402,0.2724,True,1413.8,1445.7,EPL
2023-08-12,Brighton,Luton,home_win,draw,0.3698,0.3361,0.3698,0.2941,False,1541.9,1500.0,EPL
2023-08-12,Everton,Fulham,away_win,draw,0.3914,0.2686,0.3914,0.34,False,1441.8,1480.3,EPL
2023-08-12,Sheffield United,Crystal Palace,away_win,home_win,0.4258,0.4258,0.3388,0.2354,False,1500.0,1472.6,EPL
2023-08-12,Newcastle,Aston Villa,home_win,home_win,0.4638,0.4638,0.2642,0.272,True,1600.0,1577.1,EPL
2023-08-13,Brentford,Tottenham,draw,home_win,0.4279,0.4279,0.2857,0.2864,False,1566.6,1505.9,EPL
2023-08-13,Chelsea,Liverpool,draw,away_win,0.4225,0.3308,0.2466,0.4225,False,1433.7,1596.2,EPL
2023-08-14,Manchester United,Wolves,home_win,home_win,0.6337,0.6337,0.18,0.1863,True,1611.6,1448.9,EPL
2023-08-18,Nottingham Forest,Sheffield United,home_win,draw,0.3489,0.3308,0.3489,0.3204,False,1436.1,1480.5,EPL
2023-08-19,Manchester City,Newcastle,home_win,home_win,0.5582,0.5582,0.18,0.2618,True,1694.3,1612.7,EPL
2023-08-19,Tottenham,Manchester United,home_win,away_win,0.4755,0.3405,0.184,0.4755,False,1510.8,1618.8,EPL
2023-08-19,Fulham,Brentford,away_win,draw,0.3864,0.3014,0.3864,0.3122,False,1496.8,1561.6,EPL
2023-08-19,Liverpool,Bournemouth,home_win,home_win,0.5083,0.5083,0.2616,0.2301,True,1591.2,1412.9,EPL
2023-08-19,Wolves,Brighton,away_win,draw,0.3708,0.2855,0.3708,0.3437,False,1441.7,1553.8,EPL
2023-08-20,Aston Villa,Everton,home_win,home_win,0.5362,0.5362,0.2667,0.1971,True,1564.4,1425.3,EPL
2023-08-20,West Ham,Chelsea,home_win,home_win,0.4105,0.4105,0.287,0.3025,True,1446.5,1438.7,EPL
2023-08-21,Crystal Palace,Arsenal,away_win,away_win,0.357,0.3402,0.3028,0.357,True,1492.1,1630.5,EPL
2023-08-25,Chelsea,Luton,home_win,draw,0.3961,0.2782,0.3961,0.3257,False,1425.3,1488.1,EPL
2023-08-26,Manchester United,Nottingham Forest,home_win,home_win,0.6216,0.6216,0.18,0.1984,True,1600.2,1451.8,EPL
2023-08-26,Brighton,West Ham,away_win,home_win,0.4368,0.4368,0.3029,0.2603,False,1566.9,1459.9,EPL
2023-08-26,Everton,Wolves,away_win,draw,0.3944,0.2988,0.3944,0.3068,False,1417.2,1428.5,EPL
2023-08-26,Bournemouth,Tottenham,away_win,away_win,0.3531,0.2969,0.35,0.3531,True,1406.2,1529.5,EPL
2023-08-26,Arsenal,Fulham,draw,home_win,0.4512,0.4512,0.2445,0.3043,False,1642.5,1481.5,EPL
2023-08-26,Brentford,Crystal Palace,draw,home_win,0.5141,0.5141,0.2701,0.2157,False,1577.0,1480.1,EPL
2023-08-27,Burnley,Aston Villa,away_win,draw,0.3889,0.327,0.3889,0.2841,False,1489.9,1572.5,EPL
2023-08-27,Sheffield United,Manchester City,away_win,away_win,0.614,0.206,0.18,0.614,True,1464.7,1704.5,EPL
2023-08-27,Newcastle,Liverpool,away_win,home_win,0.4214,0.4214,0.2613,0.3173,False,1602.5,1598.0,EPL
2023-09-01,Luton,West Ham,away_win,home_win,0.3922,0.3922,0.3464,0.2615,False,1471.5,1482.7,EPL
2023-09-02,Brighton,Newcastle,home_win,draw,0.3819,0.3164,0.3819,0.3017,False,1544.2,1584.0,EPL
2023-09-02,Manchester City,Fulham,home_win,home_win,0.6785,0.6785,0.18,0.1415,True,1712.5,1490.2,EPL
2023-09-02,Chelsea,Nottingham Forest,away_win,home_win,0.4523,0.4523,0.2043,0.3434,False,1441.9,1444.1,EPL
2023-09-02,Burnley,Tottenham,away_win,draw,0.4199,0.2873,0.4199,0.2928,False,1475.4,1542.1,EPL
2023-09-02,Sheffield United,Everton,draw,home_win,0.4686,0.4686,0.3275,0.2039,False,1456.7,1399.5,EPL
2023-09-02,Brentford,Bournemouth,draw,home_win,0.4938,0.4938,0.2802,0.226,False,1570.6,1393.5,EPL
2023-09-03,Crystal Palace,Wolves,home_win,home_win,0.3926,0.3926,0.3166,0.2908,True,1486.4,1446.3,EPL
2023-09-03,Liverpool,Aston Villa,home_win,home_win,0.4819,0.4819,0.2483,0.2699,True,1616.5,1587.0,EPL
2023-09-03,Arsenal,Manchester United,home_win,home_win,0.4982,0.4982,0.18,0.3218,True,1633.8,1607.9,EPL
2023-09-16,Tottenham,Sheffield United,home_win,home_win,0.4187,0.4187,0.3509,0.2304,True,1557.4,1451.9,EPL
2023-09-16,West Ham,Manchester City,away_win,away_win,0.5937,0.2263,0.18,0.5937,True,1500.4,1718.0,EPL
2023-09-16,Manchester United,Brighton,away_win,home_win,0.5091,0.5091,0.18,0.3109,False,1595.4,1559.7,EPL
2023-09-16,Newcastle,Brentford,home_win,home_win,0.4143,0.4143,0.2768,0.3089,True,1568.5,1561.4,EPL
2023-09-16,Aston Villa,Crystal Palace,home_win,home_win,0.4706,0.4706,0.2769,0.2525,True,1574.6,1498.4,EPL
2023-09-16,Wolves,Liverpool,away_win,away_win,0.4463,0.2648,0.2889,0.4463,True,1434.3,1628.9,EPL
2023-09-16,Fulham,Luton,home_win,draw,0.3759,0.3272,0.3759,0.297,False,1484.7,1453.8,EPL
2023-09-17,Bournemouth,Chelsea,draw,home_win,0.3959,0.3959,0.2939,0.3102,False,1402.7,1423.7,EPL
2023-09-17,Everton,Arsenal,away_win,away_win,0.4756,0.2785,0.2459,0.4756,True,1404.3,1646.4,EPL
2023-09-18,Nottingham Forest,Burnley,draw,home_win,0.4619,0.4619,0.1958,0.3423,False,1462.2,1460.2,EPL
2023-09-23,Crystal Palace,Fulham,draw,draw,0.3695,0.3224,0.3695,0.308,True,1488.0,1497.0,EPL
2023-09-23,Luton,Wolves,draw,home_win,0.437,0.437,0.3268,0.2362,False,1441.4,1424.6,EPL
2023-09-23,Manchester City,Nottingham Forest,home_win,home_win,0.7061,0.7061,0.18,0.1139,True,1726.9,1459.9,EPL
2023-09-23,Brentford,Everton,away_win,home_win,0.5757,0.5757,0.2554,0.1689,False,1548.0,1396.3,EPL
2023-09-23,Burnley,Manchester United,away_win,away_win,0.4835,0.3365,0.18,0.4835,True,1462.5,1575.5,EPL
2023-09-24,Sheffield United,Newcastle,away_win,draw,0.3983,0.2754,0.3983,0.3263,False,1442.6,1581.9,EPL
2023-09-24,Liverpool,West Ham,home_win,home_win,0.4859,0.4859,0.28,0.2341,True,1638.6,1491.6,EPL
2023-09-24,Arsenal,Tottenham,draw,home_win,0.3584,0.3584,0.2987,0.3429,False,1654.4,1566.7,EPL
2023-09-24,Brighton,Bournemouth,home_win,home_win,0.474,0.474,0.2835,0.2424,True,1579.6,1401.3,EPL
2023-09-24,Chelsea,Aston Villa,away_win,away_win,0.3485,0.3359,0.3156,0.3485,True,1425.1,1585.0,EPL
2023-09-30,Wolves,Manchester City,home_win,away_win,0.6655,0.1545,0.18,0.6655,False,1427.7,1731.3,EPL
2023-09-30,Aston Villa,Brighton,home_win,home_win,0.3674,0.3674,0.3368,0.2958,True,1596.1,1586.3,EPL
2023-09-30,Bournemouth,Arsenal,away_win,home_win,0.3589,0.3589,0.2838,0.3574,False,1394.6,1648.3,EPL
2023-09-30,Everton,Luton,away_win,away_win,0.4045,0.2741,0.3214,0.4045,True,1420.7,1438.4,EPL
2023-09-30,Manchester United,Crystal Palace,away_win,home_win,0.5793,0.5793,0.18,0.2407,False,1588.6,1486.1,EPL
2023-09-30,Newcastle,Burnley,home_win,home_win,0.4655,0.4655,0.3074,0.2271,True,1593.9,1449.4,EPL
2023-09-30,West Ham,Sheffield United,home_win,home_win,0.3741,0.3741,0.3697,0.2562,True,1483.8,1430.7,EPL
2023-09-30,Tottenham,Liverpool,home_win,draw,0.3584,0.338,0.3584,0.3035,False,1572.7,1646.4,EPL
2023-10-01,Nottingham Forest,Brentford,draw,away_win,0.3559,0.3205,0.3236,0.3559,False,1455.4,1523.6,EPL
2023-10-02,Fulham,Chelsea,away_win,home_win,0.4453,0.4453,0.2709,0.2837,False,1498.9,1414.0,EPL
2023-10-03,Luton,Burnley,away_win,home_win,0.4067,0.4067,0.3398,0.2536,False,1455.9,1441.5,EPL
2023-10-07,Luton,Tottenham,away_win,draw,0.3738,0.2993,0.3738,0.327,False,1436.9,1589.8,EPL
2023-10-07,Burnley,Chelsea,away_win,home_win,0.4135,0.4135,0.2958,0.2907,False,1460.5,1435.9,EPL
2023-10-07,Everton,Bournemouth,home_win,away_win,0.3524,0.3075,0.3401,0.3524,False,1403.2,1387.0,EPL
2023-10-07,Fulham,Sheffield United,home_win,home_win,0.3776,0.3776,0.3515,0.2709,True,1477.0,1419.3,EPL
2023-10-07,Manchester United,Brentford,home_win,home_win,0.5175,0.5175,0.18,0.3025,True,1566.0,1522.8,EPL
2023-10-07,Crystal Palace,Nottingham Forest,draw,home_win,0.5275,0.5275,0.18,0.2925,False,1508.7,1456.3,EPL
2023-10-08,Wolves,Aston Villa,draw,away_win,0.3885,0.3063,0.3052,0.3885,False,1453.6,1609.4,EPL
2023-10-08,Arsenal,Manchester City,home_win,draw,0.3589,0.321,0.3589,0.32,False,1655.9,1705.3,EPL
2023-10-08,Brighton,Liverpool,draw,draw,0.3703,0.3142,0.3703,0.3155,True,1573.1,1629.3,EPL
2023-10-08,West Ham,Newcastle,draw,draw,0.3612,0.3037,0.3612,0.3351,True,1495.2,1601.7,EPL
2023-10-21,Liverpool,Everton,home_win,home_win,0.6204,0.6204,0.2339,0.1458,True,1629.0,1416.2,EPL
2023-10-21,Bournemouth,Wolves,away_win,draw,0.3897,0.3311,0.3897,0.2792,False,1374.0,1458.4,EPL
2023-10-21,Brentford,Burnley,home_win,home_win,0.4309,0.4309,0.3106,0.2585,True,1511.0,1441.1,EPL
2023-10-21,Manchester City,Brighton,home_win,home_win,0.5922,0.5922,0.18,0.2278,True,1689.4,1573.4,EPL
2023-10-21,Newcastle,Crystal Palace,home_win,home_win,0.5163,0.5163,0.267,0.2167,True,1599.2,1504.1,EPL
2023-10-21,Nottingham Forest,Luton,draw,home_win,0.5087,0.5087,0.18,0.3113,False,1460.8,1425.5,EPL
2023-10-21,Chelsea,Arsenal,draw,home_win,0.3828,0.3828,0.2695,0.3477,False,1455.3,1671.9,EPL
2023-10-21,Sheffield United,Manchester United,away_win,away_win,0.546,0.274,0.18,0.546,True,1408.1,1577.8,EPL
2023-10-22,Aston Villa,West Ham,home_win,home_win,0.4262,0.4262,0.2982,0.2755,True,1604.7,1497.8,EPL
2023-10-23,Tottenham,Fulham,home_win,home_win,0.4835,0.4835,0.2876,0.2289,True,1601.2,1488.2,EPL
2023-10-27,Crystal Palace,Tottenham,away_win,away_win,0.4291,0.2819,0.289,0.4291,True,1494.4,1610.2,EPL
2023-10-28,Wolves,Newcastle,draw,away_win,0.4074,0.2872,0.3054,0.4074,False,1472.8,1608.8,EPL
2023-10-28,Bournemouth,Burnley,home_win,draw,0.4108,0.3031,0.4108,0.2861,False,1359.6,1430.4,EPL
2023-10-28,Chelsea,Brentford,away_win,draw,0.3695,0.3226,0.3695,0.3079,False,1462.4,1521.7,EPL
2023-10-28,Arsenal,Sheffield United,home_win,home_win,0.445,0.445,0.2922,0.2628,True,1664.7,1397.4,EPL
2023-10-29,West Ham,Everton,away_win,home_win,0.5097,0.5097,0.2857,0.2046,False,1488.6,1410.4,EPL
2023-10-29,Aston Villa,Luton,home_win,home_win,0.4195,0.4195,0.3023,0.2782,True,1613.9,1429.4,EPL
2023-10-29,Brighton,Fulham,draw,home_win,0.4489,0.4489,0.2859,0.2653,False,1564.5,1479.2,EPL
2023-10-29,Liverpool,Nottingham Forest,home_win,home_win,0.6459,0.6459,0.18,0.1741,True,1634.8,1457.0,EPL
2023-10-29,Manchester United,Manchester City,away_win,away_win,0.4795,0.34,0.1805,0.4795,True,1588.5,1698.3,EPL
2023-11-04,Burnley,Crystal Palace,away_win,home_win,0.3732,0.3732,0.3476,0.2792,False,1413.4,1481.4,EPL
2023-11-04,Newcastle,Arsenal,home_win,home_win,0.4743,0.4743,0.2558,0.2699,True,1605.0,1669.2,EPL
2023-11-04,Sheffield United,Wolves,home_win,draw,0.4555,0.2906,0.4555,0.2538,False,1393.0,1476.7,EPL
2023-11-04,Manchester City,Bournemouth,home_win,home_win,0.7394,0.7394,0.18,0.0806,True,1711.5,1376.5,EPL
2023-11-04,Brentford,West Ham,home_win,home_win,0.4384,0.4384,0.2995,0.2622,True,1537.2,1466.9,EPL
2023-11-04,Fulham,Manchester United,away_win,away_win,0.4351,0.3453,0.2197,0.4351,True,1485.1,1575.2,EPL
2023-11-04,Everton,Brighton,draw,away_win,0.4478,0.2711,0.2811,0.4478,False,1432.0,1558.5,EPL
2023-11-05,Luton,Liverpool,draw,away_win,0.3583,0.298,0.3437,0.3583,False,1422.8,1641.6,EPL
2023-11-05,Nottingham Forest,Aston Villa,home_win,away_win,0.5465,0.2735,0.18,0.5465,False,1450.2,1620.5,EPL
2023-11-06,Tottenham,Chelsea,away_win,home_win,0.5145,0.5145,0.2674,0.2182,False,1623.2,1446.8,EPL
2023-11-11,Bournemouth,Newcastle,home_win,away_win,0.4401,0.2812,0.2787,0.4401,False,1373.4,1621.6,EPL
2023-11-11,Crystal Palace,Everton,away_win,home_win,0.4668,0.4668,0.2852,0.248,False,1496.6,1435.5,EPL
2023-11-11,Manchester United,Luton,home_win,home_win,0.631,0.631,0.18,0.189,True,1589.4,1430.0,EPL
2023-11-11,Wolves,Tottenham,home_win,away_win,0.4084,0.2754,0.3162,0.4084,False,1459.1,1598.0,EPL
2023-11-11,Arsenal,Burnley,home_win,home_win,0.46,0.46,0.2668,0.2733,True,1652.5,1398.3,EPL
2023-11-12,Aston Villa,Fulham,home_win,home_win,0.4556,0.4556,0.2823,0.2621,True,1599.2,1470.9,EPL
2023-11-12,Brighton,Sheffield United,draw,home_win,0.4208,0.4208,0.3447,0.2344,False,1555.1,1410.5,EPL
2023-11-12,Liverpool,Brentford,home_win,home_win,0.466,0.466,0.2588,0.2751,True,1634.3,1547.9,EPL
2023-11-12,West Ham,Nottingham Forest,home_win,home_win,0.39,0.39,0.2906,0.3194,True,1456.2,1471.5,EPL
2023-11-12,Chelsea,Manchester City,draw,away_win,0.6166,0.2034,0.18,0.6166,False,1472.0,1714.7,EPL
2023-11-25,Newcastle,Chelsea,home_win,home_win,0.4903,0.4903,0.2583,0.2514,True,1597.4,1480.1,EPL
2023-11-25,Brentford,Arsenal,away_win,home_win,0.4622,0.4622,0.2173,0.3205,False,1537.9,1657.2,EPL
2023-11-25,Sheffield United,Bournemouth,away_win,home_win,0.3864,0.3864,0.3455,0.2682,False,1418.6,1397.6,EPL
2023-11-25,Nottingham Forest,Brighton,away_win,away_win,0.4343,0.3453,0.2204,0.4343,True,1457.1,1546.9,EPL
2023-11-25,Burnley,West Ham,away_win,draw,0.4264,0.2891,0.4264,0.2845,False,1393.5,1470.6,EPL
2023-11-25,Manchester City,Liverpool,draw,home_win,0.538,0.538,0.18,0.282,False,1706.6,1644.4,EPL
2023-11-25,Luton,Crystal Palace,home_win,home_win,0.4157,0.4157,0.3431,0.2411,True,1422.6,1475.6,EPL
2023-11-26,Tottenham,Aston Villa,away_win,home_win,0.4169,0.4169,0.3088,0.2744,False,1578.0,1607.6,EPL
2023-11-26,Everton,Manchester United,away_win,away_win,0.5143,0.3057,0.18,0.5143,True,1456.5,1596.8,EPL
2023-11-27,Fulham,Wolves,home_win,home_win,0.3806,0.3806,0.3375,0.2819,True,1462.5,1479.1,EPL
2023-12-02,Burnley,Sheffield United,home_win,draw,0.47,0.2827,0.47,0.2473,False,1378.8,1399.4,EPL
2023-12-02,Nottingham Forest,Everton,away_win,home_win,0.4536,0.4536,0.2032,0.3433,False,1442.9,1444.5,EPL
2023-12-02,Arsenal,Wolves,home_win,home_win,0.479,0.479,0.2669,0.2542,True,1670.1,1464.7,EPL
2023-12-02,Brentford,Luton,home_win,home_win,0.4046,0.4046,0.3098,0.2856,True,1525.0,1438.8,EPL
2023-12-02,Newcastle,Manchester United,home_win,home_win,0.4515,0.4515,0.205,0.3435,True,1606.2,1608.7,EPL
2023-12-03,Manchester City,Tottenham,draw,home_win,0.6147,0.6147,0.18,0.2053,False,1701.6,1561.1,EPL
2023-12-03,Liverpool,Fulham,home_win,home_win,0.521,0.521,0.2621,0.2169,True,1649.4,1477.0,EPL
2023-12-03,West Ham,Crystal Palace,draw,home_win,0.45,0.45,0.298,0.2521,False,1485.4,1459.5,EPL
2023-12-03,Bournemouth,Aston Villa,draw,away_win,0.3604,0.3068,0.3329,0.3604,False,1416.9,1624.5,EPL
2023-12-03,Chelsea,Brighton,home_win,draw,0.3413,0.3408,0.3413,0.3179,False,1471.2,1561.1,EPL
2023-12-05,Wolves,Burnley,home_win,home_win,0.3796,0.3796,0.3459,0.2745,True,1458.7,1393.4,EPL
2023-12-05,Luton,Arsenal,away_win,home_win,0.3812,0.3812,0.2914,0.3274,False,1428.7,1676.1,EPL
2023-12-06,Manchester United,Chelsea,home_win,home_win,0.5825,0.5825,0.18,0.2375,True,1594.9,1489.0,EPL
2023-12-06,Brighton,Brentford,home_win,home_win,0.3603,0.3603,0.3415,0.2982,True,1543.3,1535.1,EPL
2023-12-06,Crystal Palace,Bournemouth,away_win,draw,0.3473,0.3442,0.3473,0.3086,False,1462.9,1423.7,EPL
2023-12-06,Fulham,Nottingham Forest,home_win,home_win,0.5197,0.5197,0.18,0.3003,True,1470.0,1424.7,EPL
2023-12-06,Sheffield United,Liverpool,away_win,away_win,0.4242,0.255,0.3208,0.4242,True,1384.8,1656.3,EPL
2023-12-06,Aston Villa,Manchester City,home_win,away_win,0.3716,0.3202,0.3082,0.3716,False,1617.7,1693.6,EPL
2023-12-07,Tottenham,West Ham,away_win,home_win,0.4477,0.4477,0.3067,0.2457,False,1569.1,1482.0,EPL
2023-12-07,Everton,Newcastle,home_win,away_win,0.4876,0.2415,0.2709,0.4876,False,1462.7,1620.0,EPL
2023-12-09,Crystal Palace,Liverpool,away_win,away_win,0.4912,0.2453,0.2635,0.4912,True,1442.9,1663.3,EPL
2023-12-09,Brighton,Burnley,draw,home_win,0.4573,0.4573,0.314,0.2287,False,1556.6,1382.5,EPL
2023-12-09,Manchester United,Bournemouth,away_win,home_win,0.6319,0.6319,0.18,0.1881,False,1604.2,1443.7,EPL
2023-12-09,Sheffield United,Brentford,home_win,draw,0.4017,0.2714,0.4017,0.3269,False,1377.8,1521.7,EPL
2023-12-09,Wolves,Nottingham Forest,draw,home_win,0.5319,0.5319,0.18,0.2881,False,1469.6,1413.0,EPL
2023-12-09,Aston Villa,Arsenal,home_win,home_win,0.4287,0.4287,0.2808,0.2904,True,1634.9,1683.8,EPL
2023-12-10,Fulham,West Ham,home_win,draw,0.3982,0.3203,0.3982,0.2815,False,1481.7,1504.0,EPL
2023-12-10,Luton,Manchester City,away_win,away_win,0.6277,0.1923,0.18,0.6277,True,1421.0,1676.4,EPL
2023-12-10,Everton,Chelsea,home_win,away_win,0.3666,0.3054,0.3279,0.3666,False,1483.5,1479.8,EPL
2023-12-10,Tottenham,Newcastle,home_win,draw,0.3931,0.3289,0.3931,0.278,False,1547.1,1599.2,EPL
2023-12-15,Nottingham Forest,Tottenham,away_win,away_win,0.5198,0.3002,0.18,0.5198,True,1417.8,1563.2,EPL
2023-12-16,Chelsea,Sheffield United,home_win,home_win,0.4027,0.4027,0.3263,0.271,True,1466.2,1398.0,EPL
2023-12-16,Manchester City,Crystal Palace,draw,home_win,0.6961,0.6961,0.18,0.1239,False,1683.9,1434.2,EPL
2023-12-16,Newcastle,Fulham,home_win,home_win,0.4724,0.4724,0.2781,0.2495,True,1583.1,1496.4,EPL
2023-12-16,Burnley,Everton,away_win,home_win,0.4021,0.4021,0.3022,0.2956,False,1391.6,1497.1,EPL
2023-12-17,Arsenal,Brighton,home_win,home_win,0.434,0.434,0.2389,0.3271,True,1667.9,1547.5,EPL
2023-12-17,Brentford,Aston Villa,away_win,home_win,0.3412,0.3412,0.3273,0.3316,False,1501.5,1650.9,EPL
2023-12-17,West Ham,Wolves,home_win,home_win,0.4137,0.4137,0.3286,0.2578,True,1489.2,1464.8,EPL
2023-12-17,Liverpool,Manchester United,draw,home_win,0.5694,0.5694,0.18,0.2506,False,1672.0,1579.5,EPL
2023-12-21,Crystal Palace,Brighton,draw,draw,0.3612,0.2852,0.3612,0.3537,True,1445.3,1538.8,EPL
2023-12-22,Aston Villa,Sheffield United,draw,home_win,0.455,0.455,0.3388,0.2062,False,1662.4,1387.2,EPL
2023-12-23,West Ham,Manchester United,home_win,away_win,0.3882,0.3195,0.2923,0.3882,False,1501.9,1585.7,EPL
2023-12-23,Fulham,Burnley,away_win,home_win,0.4257,0.4257,0.3204,0.2538,False,1486.4,1378.2,EPL
2023-12-23,Luton,Newcastle,home_win,draw,0.3602,0.3025,0.3602,0.3373,False,1413.5,1593.1,EPL
2023-12-23,Nottingham Forest,Bournemouth,away_win,away_win,0.344,0.3205,0.3354,0.344,True,1406.1,1468.4,EPL
2023-12-23,Tottenham,Everton,home_win,home_win,0.5372,0.5372,0.2605,0.2023,True,1574.9,1510.5,EPL
2023-12-23,Liverpool,Arsenal,draw,home_win,0.5284,0.5284,0.2192,0.2524,False,1665.8,1676.6,EPL
2023-12-24,Wolves,Chelsea,home_win,draw,0.3851,0.3128,0.3851,0.3021,False,1452.2,1477.0,EPL
2023-12-26,Burnley,Liverpool,away_win,away_win,0.4429,0.2643,0.2927,0.4429,True,1401.0,1664.0,EPL
2023-12-26,Sheffield United,Luton,away_win,draw,0.4812,0.2618,0.4812,0.2571,False,1399.0,1435.2,EPL
2023-12-26,Manchester United,Aston Villa,home_win,away_win,0.3855,0.3196,0.2949,0.3855,False,1568.2,1650.7,EPL
2023-12-26,Newcastle,Nottingham Forest,away_win,home_win,0.6483,0.6483,0.18,0.1717,False,1571.4,1390.6,EPL
2023-12-26,Bournemouth,Fulham,home_win,home_win,0.4283,0.4283,0.2864,0.2853,True,1483.8,1463.6,EPL
2023-12-27,Chelsea,Crystal Palace,home_win,home_win,0.4757,0.4757,0.2587,0.2656,True,1462.1,1447.3,EPL
2023-12-27,Everton,Manchester City,away_win,away_win,0.5495,0.2705,0.18,0.5495,True,1499.6,1672.8,EPL
2023-12-27,Brentford,Wolves,away_win,home_win,0.4397,0.4397,0.3008,0.2596,False,1490.0,1467.0,EPL
2023-12-28,Arsenal,West Ham,away_win,home_win,0.4322,0.4322,0.2567,0.3111,False,1678.4,1519.4,EPL
2023-12-28,Brighton,Tottenham,home_win,draw,0.4008,0.2963,0.4008,0.3028,False,1536.8,1585.8,EPL
2023-12-30,Luton,Chelsea,away_win,home_win,0.4159,0.4159,0.3145,0.2696,False,1451.8,1475.2,EPL
2023-12-30,Aston Villa,Burnley,home_win,home_win,0.4687,0.4687,0.3092,0.2222,True,1633.2,1393.7,EPL
2023-12-30,Crystal Palace,Brentford,home_win,draw,0.3841,0.2832,0.3841,0.3327,False,1434.3,1470.6,EPL
2023-12-30,Manchester City,Sheffield United,home_win,home_win,0.724,0.724,0.18,0.096,True,1683.3,1382.3,EPL
2023-12-30,Wolves,Everton,home_win,home_win,0.4245,0.4245,0.3172,0.2582,True,1486.3,1489.1,EPL
2023-12-30,Nottingham Forest,Manchester United,home_win,away_win,0.546,0.274,0.18,0.546,False,1415.9,1585.7,EPL
2023-12-31,Fulham,Arsenal,home_win,home_win,0.3563,0.3563,0.2931,0.3506,True,1450.8,1653.8,EPL
2023-12-31,Tottenham,Bournemouth,home_win,home_win,0.4532,0.4532,0.287,0.2598,True,1569.8,1496.6,EPL
2024-01-01,Liverpool,Newcastle,home_win,home_win,0.4846,0.4846,0.2561,0.2594,True,1671.3,1546.1,EPL
2024-01-02,West Ham,Brighton,draw,home_win,0.3904,0.3904,0.3176,0.292,False,1544.0,1552.8,EPL
2024-01-12,Burnley,Luton,draw,draw,0.4567,0.2616,0.4567,0.2817,True,1388.6,1434.6,EPL
2024-01-13,Chelsea,Fulham,home_win,home_win,0.4358,0.4358,0.2685,0.2957,True,1492.4,1473.4,EPL
2024-01-13,Newcastle,Manchester City,away_win,away_win,0.5243,0.2957,0.18,0.5243,True,1537.6,1687.1,EPL
2024-01-14,Everton,Aston Villa,draw,away_win,0.4538,0.2668,0.2793,0.4538,False,1475.2,1638.3,EPL
2024-01-14,Manchester United,Tottenham,draw,home_win,0.3885,0.3885,0.2921,0.3195,False,1564.4,1580.4,EPL
2024-01-20,Arsenal,Crystal Palace,home_win,home_win,0.5024,0.5024,0.2449,0.2527,True,1631.2,1449.7,EPL
2024-01-20,Brentford,Nottingham Forest,home_win,home_win,0.4893,0.4893,0.18,0.3307,True,1455.3,1437.2,EPL
2024-01-21,Sheffield United,West Ham,draw,draw,0.428,0.2518,0.428,0.3203,True,1378.6,1542.1,EPL
2024-01-21,Bournemouth,Liverpool,away_win,away_win,0.4248,0.3117,0.2635,0.4248,True,1486.0,1679.8,EPL
2024-01-22,Brighton,Wolves,draw,home_win,0.4365,0.4365,0.3067,0.2568,False,1554.7,1500.2,EPL
2024-01-30,Aston Villa,Newcastle,away_win,home_win,0.4302,0.4302,0.272,0.2977,False,1633.3,1526.0,EPL
2024-01-30,Crystal Palace,Sheffield United,home_win,draw,0.4083,0.3236,0.4083,0.2681,False,1443.0,1383.6,EPL
2024-01-30,Fulham,Everton,draw,home_win,0.4491,0.4491,0.3001,0.2507,False,1460.6,1480.3,EPL
2024-01-30,Nottingham Forest,Arsenal,away_win,away_win,0.5899,0.2301,0.18,0.5899,True,1424.3,1637.9,EPL
2024-01-30,Luton,Brighton,home_win,draw,0.3599,0.3445,0.3599,0.2956,False,1434.8,1550.0,EPL
2024-01-31,Manchester City,Burnley,home_win,home_win,0.7284,0.7284,0.18,0.0916,True,1698.6,1388.5,EPL
2024-01-31,Tottenham,Brentford,home_win,home_win,0.4677,0.4677,0.284,0.2483,True,1581.9,1468.2,EPL
2024-01-31,Liverpool,Chelsea,home_win,home_win,0.5286,0.5286,0.2434,0.228,True,1689.6,1505.3,EPL
2024-02-01,West Ham,Bournemouth,draw,home_win,0.4219,0.4219,0.3047,0.2734,False,1537.1,1476.3,EPL
2024-02-01,Wolves,Manchester United,away_win,draw,0.3441,0.3204,0.3441,0.3355,False,1504.8,1562.8,EPL
2024-02-03,Burnley,Fulham,draw,draw,0.4102,0.3092,0.4102,0.2806,True,1384.9,1459.2,EPL
2024-02-03,Sheffield United,Aston Villa,away_win,away_win,0.3828,0.2846,0.3326,0.3828,True,1372.5,1610.5,EPL
2024-02-03,Newcastle,Luton,draw,home_win,0.4102,0.4102,0.3067,0.2831,False,1548.8,1453.7,EPL
2024-02-03,Brighton,Crystal Palace,home_win,home_win,0.483,0.483,0.278,0.239,True,1531.0,1454.1,EPL
2024-02-03,Everton,Tottenham,draw,away_win,0.4612,0.2583,0.2805,0.4612,False,1481.7,1590.9,EPL
2024-02-04,Bournemouth,Nottingham Forest,draw,home_win,0.5419,0.5419,0.18,0.2781,False,1481.2,1415.3,EPL
2024-02-04,Chelsea,Wolves,away_win,home_win,0.434,0.434,0.2882,0.2778,False,1498.7,1489.2,EPL
2024-02-04,Manchester United,West Ham,home_win,home_win,0.5208,0.5208,0.18,0.2992,True,1578.4,1532.2,EPL
2024-02-04,Arsenal,Liverpool,home_win,away_win,0.4254,0.3033,0.2713,0.4254,False,1646.8,1696.2,EPL
2024-02-05,Brentford,Manchester City,away_win,away_win,0.6169,0.2031,0.18,0.6169,True,1459.2,1702.2,EPL
2024-02-10,Tottenham,Brighton,home_win,home_win,0.4551,0.4551,0.2821,0.2628,True,1588.2,1541.4,EPL
2024-02-10,Nottingham Forest,Newcastle,away_win,away_win,0.4938,0.3262,0.18,0.4938,True,1420.5,1542.5,EPL
2024-02-10,Luton,Sheffield United,away_win,home_win,0.4138,0.4138,0.3757,0.2105,False,1460.1,1364.4,EPL
2024-02-10,Wolves,Brentford,away_win,draw,0.3685,0.3523,0.3685,0.2792,False,1507.9,1451.3,EPL
2024-02-10,Fulham,Bournemouth,home_win,draw,0.3748,0.3333,0.3748,0.2919,False,1458.0,1476.1,EPL
2024-02-10,Liverpool,Burnley,home_win,home_win,0.5238,0.5238,0.2907,0.1855,True,1680.2,1386.0,EPL
2024-02-10,Manchester City,Everton,home_win,home_win,0.6808,0.6808,0.18,0.1392,True,1710.1,1484.4,EPL
2024-02-11,West Ham,Arsenal,away_win,home_win,0.3844,0.3844,0.3031,0.3125,False,1520.5,1662.8,EPL
2024-02-11,Aston Villa,Manchester United,away_win,home_win,0.5011,0.5011,0.18,0.3189,False,1618.6,1590.1,EPL
2024-02-12,Crystal Palace,Chelsea,away_win,draw,0.371,0.2974,0.371,0.3316,False,1443.7,1480.0,EPL
2024-02-17,Manchester City,Chelsea,draw,home_win,0.6762,0.6762,0.18,0.1438,False,1715.6,1496.6,EPL
2024-02-17,Tottenham,Wolves,away_win,home_win,0.4823,0.4823,0.3075,0.2102,False,1599.9,1487.2,EPL
2024-02-17,Nottingham Forest,West Ham,home_win,away_win,0.4591,0.3426,0.1983,0.4591,False,1407.8,1508.6,EPL
2024-02-17,Newcastle,Bournemouth,draw,home_win,0.4622,0.4622,0.2772,0.2606,False,1555.2,1461.6,EPL
2024-02-17,Fulham,Aston Villa,away_win,draw,0.3396,0.3246,0.3396,0.3358,False,1472.6,1599.0,EPL
2024-02-17,Burnley,Arsenal,away_win,away_win,0.3698,0.3164,0.3138,0.3698,True,1382.1,1674.7,EPL
2024-02-17,Brentford,Liverpool,away_win,away_win,0.4276,0.3132,0.2592,0.4276,True,1472.0,1684.1,EPL
2024-02-18,Sheffield United,Brighton,away_win,draw,0.401,0.2836,0.401,0.3154,False,1386.8,1529.8,EPL
2024-02-18,Luton,Manchester United,away_win,away_win,0.5483,0.2717,0.18,0.5483,True,1437.7,1609.7,EPL
2024-02-19,Everton,Crystal Palace,draw,home_win,0.3946,0.3946,0.2926,0.3128,False,1478.9,1427.1,EPL
2024-02-20,Manchester City,Brentford,home_win,home_win,0.6914,0.6914,0.18,0.1286,True,1705.2,1463.0,EPL
2024-02-21,Liverpool,Luton,home_win,home_win,0.4787,0.4787,0.2905,0.2308,True,1693.1,1427.1,EPL
2024-02-24,Bournemouth,Manchester City,away_win,away_win,0.6163,0.2037,0.18,0.6163,True,1467.8,1710.2,EPL
2024-02-24,Manchester United,Fulham,away_win,home_win,0.6317,0.6317,0.18,0.1883,False,1620.3,1460.0,EPL
2024-02-24,Arsenal,Newcastle,home_win,home_win,0.3853,0.3853,0.2912,0.3235,True,1681.0,1549.0,EPL
2024-02-24,Brighton,Everton,draw,home_win,0.5163,0.5163,0.2659,0.2178,False,1541.6,1474.4,EPL
2024-02-24,Aston Villa,Nottingham Forest,home_win,home_win,0.6519,0.6519,0.18,0.1681,True,1611.6,1426.1,EPL
2024-02-24,Crystal Palace,Burnley,home_win,draw,0.3787,0.3413,0.3787,0.2801,False,1431.6,1375.8,EPL
2024-02-25,Wolves,Sheffield United,home_win,home_win,0.3887,0.3887,0.3779,0.2334,True,1510.1,1374.9,EPL
2024-02-26,West Ham,Brentford,home_win,home_win,0.4046,0.4046,0.3011,0.2943,True,1490.3,1458.0,EPL
2024-03-02,Brentford,Chelsea,draw,draw,0.365,0.3457,0.365,0.2893,True,1445.7,1507.0,EPL
2024-03-02,Everton,West Ham,away_win,draw,0.3909,0.2698,0.3909,0.3392,False,1479.6,1502.6,EPL
2024-03-02,Fulham,Brighton,home_win,draw,0.3989,0.3171,0.3989,0.2841,False,1484.7,1536.4,EPL
2024-03-02,Newcastle,Wolves,home_win,home_win,0.4421,0.4421,0.2975,0.2604,True,1540.7,1518.3,EPL
2024-03-02,Nottingham Forest,Liverpool,away_win,away_win,0.6461,0.1739,0.18,0.6461,True,1419.5,1697.6,EPL
2024-03-02,Tottenham,Crystal Palace,home_win,home_win,0.5306,0.5306,0.2758,0.1936,True,1576.9,1442.9,EPL
2024-03-02,Luton,Aston Villa,away_win,draw,0.3495,0.327,0.3495,0.3235,False,1422.6,1618.1,EPL
2024-03-03,Manchester City,Manchester United,home_win,home_win,0.5984,0.5984,0.18,0.2216,True,1718.1,1595.6,EPL
2024-03-03,Burnley,Bournemouth,away_win,draw,0.389,0.2992,0.389,0.3117,False,1364.5,1459.9,EPL
2024-03-04,Sheffield United,Arsenal,away_win,away_win,0.3673,0.2943,0.3384,0.3673,True,1366.7,1689.3,EPL
2024-03-09,Manchester United,Everton,home_win,home_win,0.6003,0.6003,0.18,0.2197,True,1587.0,1462.3,EPL
2024-03-09,Bournemouth,Sheffield United,draw,home_win,0.4148,0.4148,0.3472,0.238,False,1473.8,1361.2,EPL
2024-03-09,Crystal Palace,Luton,draw,draw,0.3679,0.3008,0.3679,0.3313,True,1434.7,1413.0,EPL
2024-03-09,Wolves,Fulham,home_win,draw,0.3817,0.3376,0.3817,0.2807,False,1505.6,1500.8,EPL
2024-03-09,Arsenal,Brentford,home_win,home_win,0.4574,0.4574,0.2338,0.3089,True,1694.8,1446.2,EPL
2024-03-10,Aston Villa,Tottenham,away_win,home_win,0.356,0.356,0.3421,0.3019,False,1627.8,1585.1,EPL
2024-03-10,Brighton,Nottingham Forest,home_win,home_win,0.5842,0.5842,0.18,0.2358,True,1520.3,1412.7,EPL
2024-03-10,West Ham,Burnley,draw,home_win,0.4504,0.4504,0.3369,0.2128,False,1519.8,1350.6,EPL
2024-03-10,Liverpool,Manchester City,draw,home_win,0.3751,0.3751,0.3049,0.32,False,1704.4,1726.8,EPL
2024-03-11,Chelsea,Newcastle,home_win,draw,0.3723,0.3264,0.3723,0.3013,False,1506.5,1553.4,EPL
2024-03-13,Bournemouth,Luton,home_win,draw,0.3735,0.3477,0.3735,0.2788,False,1466.8,1416.2,EPL
2024-03-16,Fulham,Tottenham,home_win,away_win,0.3949,0.3115,0.2937,0.3949,False,1487.3,1605.3,EPL
2024-03-16,Luton,Nottingham Forest,draw,home_win,0.4599,0.4599,0.1976,0.3425,False,1404.7,1403.5,EPL
2024-03-16,Burnley,Brentford,home_win,draw,0.3975,0.2974,0.3975,0.3051,False,1359.5,1441.4,EPL
2024-03-17,West Ham,Aston Villa,draw,draw,0.365,0.3343,0.365,0.3007,True,1510.9,1607.6,EPL
2024-03-30,Newcastle,West Ham,home_win,home_win,0.4181,0.4181,0.2964,0.2856,True,1537.5,1513.0,EPL
2024-03-30,Bournemouth,Everton,home_win,home_win,0.5068,0.5068,0.2628,0.2304,True,1478.3,1453.8,EPL
2024-03-30,Chelsea,Burnley,draw,home_win,0.4634,0.4634,0.2963,0.2403,False,1522.3,1377.0,EPL
2024-03-30,Nottingham Forest,Crystal Palace,draw,home_win,0.3687,0.3687,0.3111,0.3202,False,1405.9,1431.4,EPL
2024-03-30,Sheffield United,Fulham,draw,draw,0.4076,0.2828,0.4076,0.3096,True,1368.2,1506.4,EPL
2024-03-30,Tottenham,Luton,home_win,home_win,0.4462,0.4462,0.3185,0.2352,True,1586.2,1402.4,EPL
2024-03-30,Aston Villa,Wolves,home_win,home_win,0.4414,0.4414,0.3039,0.2546,True,1605.5,1519.1,EPL
2024-03-30,Brentford,Manchester United,draw,away_win,0.5479,0.2721,0.18,0.5479,False,1423.9,1595.5,EPL
2024-03-31,Liverpool,Brighton,home_win,home_win,0.5231,0.5231,0.2569,0.22,True,1703.1,1529.5,EPL
2024-03-31,Manchester City,Arsenal,draw,home_win,0.5009,0.5009,0.18,0.3191,False,1728.1,1699.7,EPL
2024-04-02,West Ham,Tottenham,draw,draw,0.3856,0.2924,0.3856,0.322,True,1500.4,1592.8,EPL
2024-04-02,Burnley,Wolves,draw,draw,0.4008,0.2976,0.4008,0.3016,True,1385.1,1509.1,EPL
2024-04-02,Newcastle,Everton,draw,home_win,0.5618,0.5618,0.252,0.1863,False,1550.1,1441.1,EPL
2024-04-02,Nottingham Forest,Fulham,home_win,away_win,0.4518,0.3435,0.2047,0.4518,False,1404.8,1502.4,EPL
2024-04-02,Bournemouth,Crystal Palace,home_win,home_win,0.4856,0.4856,0.2765,0.2378,True,1490.9,1432.5,EPL
2024-04-03,Arsenal,Luton,home_win,home_win,0.436,0.436,0.2524,0.3115,True,1703.2,1395.8,EPL
2024-04-03,Brentford,Brighton,draw,draw,0.3507,0.3418,0.3507,0.3075,True,1429.3,1522.6,EPL
2024-04-03,Manchester City,Aston Villa,home_win,home_win,0.5855,0.5855,0.18,0.2345,True,1724.5,1615.5,EPL
2024-04-04,Liverpool,Sheffield United,home_win,home_win,0.5033,0.5033,0.3213,0.1755,True,1710.0,1372.2,EPL
2024-04-04,Chelsea,Manchester United,home_win,away_win,0.3718,0.3202,0.3081,0.3718,False,1514.2,1590.2,EPL
2024-04-06,Wolves,West Ham,away_win,draw,0.3999,0.3189,0.3999,0.2812,False,1505.7,1502.3,EPL
2024-04-06,Brighton,Arsenal,away_win,home_win,0.3712,0.3712,0.2868,0.342,False,1520.6,1706.9,EPL
2024-04-06,Luton,Bournemouth,home_win,draw,0.3662,0.3339,0.3662,0.2999,False,1392.2,1502.1,EPL
2024-04-06,Aston Villa,Brentford,draw,home_win,0.4562,0.4562,0.2749,0.2689,False,1606.4,1431.3,EPL
2024-04-06,Everton,Burnley,home_win,draw,0.3729,0.321,0.3729,0.3061,False,1448.0,1388.5,EPL
2024-04-06,Crystal Palace,Manchester City,away_win,away_win,0.6716,0.1484,0.18,0.6716,True,1421.4,1733.7,EPL
2024-04-06,Fulham,Newcastle,away_win,draw,0.3887,0.3026,0.3887,0.3087,False,1484.2,1543.3,EPL
2024-04-07,Manchester United,Liverpool,draw,away_win,0.5141,0.3059,0.18,0.5141,False,1573.0,1713.1,EPL
2024-04-07,Sheffield United,Chelsea,draw,draw,0.3836,0.2814,0.3836,0.335,True,1369.1,1531.4,EPL
2024-04-07,Tottenham,Nottingham Forest,home_win,home_win,0.638,0.638,0.18,0.182,True,1590.9,1422.9,EPL
2024-04-13,Bournemouth,Manchester United,draw,away_win,0.4429,0.3445,0.2127,0.4429,False,1483.4,1577.0,EPL
2024-04-13,Manchester City,Luton,home_win,home_win,0.7366,0.7366,0.18,0.0834,True,1739.4,1410.9,EPL
2024-04-13,Nottingham Forest,Wolves,draw,away_win,0.3625,0.3204,0.3171,0.3625,False,1415.8,1487.3,EPL
2024-04-13,Brentford,Sheffield United,home_win,home_win,0.4008,0.4008,0.3423,0.2569,True,1440.4,1374.1,EPL
2024-04-13,Newcastle,Tottenham,home_win,draw,0.3869,0.3242,0.3869,0.2888,False,1558.9,1598.0,EPL
2024-04-13,Burnley,Brighton,draw,draw,0.372,0.2987,0.372,0.3293,True,1377.4,1510.6,EPL
2024-04-14,Liverpool,Crystal Palace,away_win,home_win,0.6,0.6,0.2499,0.1501,False,1709.1,1415.6,EPL
2024-04-14,West Ham,Fulham,away_win,home_win,0.4287,0.4287,0.3067,0.2646,False,1520.8,1468.6,EPL
2024-04-14,Arsenal,Aston Villa,away_win,home_win,0.4532,0.4532,0.2364,0.3104,False,1716.9,1597.2,EPL
2024-04-15,Chelsea,Everton,home_win,home_win,0.543,0.543,0.2445,0.2125,True,1526.4,1459.1,EPL
2024-04-20,Luton,Brentford,away_win,home_win,0.3733,0.3733,0.3516,0.2751,False,1407.6,1451.2,EPL
2024-04-20,Sheffield United,Burnley,away_win,draw,0.4659,0.2983,0.4659,0.2358,False,1363.2,1381.1,EPL
2024-04-20,Wolves,Arsenal,away_win,away_win,0.365,0.3142,0.3209,0.365,True,1486.3,1693.7,EPL
2024-04-21,Fulham,Liverpool,away_win,away_win,0.4381,0.2945,0.2675,0.4381,True,1489.2,1680.9,EPL
2024-04-21,Crystal Palace,West Ham,home_win,draw,0.4155,0.2692,0.4155,0.3153,False,1443.7,1500.2,EPL
2024-04-21,Aston Villa,Bournemouth,home_win,home_win,0.4454,0.4454,0.279,0.2756,True,1620.5,1485.4,EPL
2024-04-21,Everton,Nottingham Forest,home_win,home_win,0.5044,0.5044,0.18,0.3156,True,1448.3,1416.8,EPL
2024-04-23,Arsenal,Chelsea,home_win,home_win,0.4461,0.4461,0.2241,0.3298,True,1702.9,1537.2,EPL
2024-04-24,Wolves,Bournemouth,away_win,draw,0.382,0.3238,0.382,0.2941,False,1477.1,1477.2,EPL
2024-04-24,Crystal Palace,Newcastle,home_win,away_win,0.4285,0.2922,0.2793,0.4285,False,1460.0,1574.4,EPL
2024-04-24,Everton,Liverpool,home_win,away_win,0.5363,0.2096,0.2541,0.5363,False,1460.6,1690.8,EPL
2024-04-24,Manchester United,Sheffield United,home_win,home_win,0.6831,0.6831,0.18,0.1369,True,1575.0,1345.8,EPL
2024-04-25,Brighton,Manchester City,away_win,away_win,0.6106,0.2094,0.18,0.6106,True,1506.8,1742.7,EPL
2024-04-27,Aston Villa,Chelsea,draw,home_win,0.4434,0.4434,0.2611,0.2954,False,1628.7,1530.0,EPL
2024-04-27,Everton,Brentford,home_win,away_win,0.3619,0.3041,0.334,0.3619,False,1484.2,1467.5,EPL
2024-04-27,Wolves,Luton,home_win,draw,0.3985,0.3235,0.3985,0.278,False,1458.8,1391.4,EPL
2024-04-27,Newcastle,Sheffield United,home_win,home_win,0.4618,0.4618,0.339,0.1992,True,1555.4,1340.4,EPL
2024-04-27,Manchester United,Burnley,draw,home_win,0.649,0.649,0.18,0.171,False,1580.4,1398.6,EPL
2024-04-27,Fulham,Crystal Palace,draw,home_win,0.4327,0.4327,0.2934,0.2739,False,1479.4,1478.9,EPL
2024-04-27,West Ham,Liverpool,draw,away_win,0.4142,0.3036,0.2822,0.4142,False,1483.9,1667.1,EPL
2024-04-28,Bournemouth,Brighton,home_win,home_win,0.4113,0.4113,0.2927,0.2961,True,1495.4,1498.6,EPL
2024-04-28,Tottenham,Arsenal,away_win,home_win,0.4606,0.4606,0.221,0.3184,False,1582.5,1710.0,EPL
2024-04-28,Nottingham Forest,Manchester City,away_win,away_win,0.694,0.126,0.18,0.694,True,1404.5,1750.9,EPL
2024-05-02,Chelsea,Tottenham,home_win,draw,0.3709,0.3251,0.3709,0.304,False,1536.5,1570.0,EPL
2024-05-03,Luton,Everton,draw,home_win,0.442,0.442,0.2753,0.2828,False,1380.6,1497.2,EPL
2024-05-04,Manchester City,Wolves,home_win,home_win,0.7165,0.7165,0.18,0.1035,True,1755.8,1469.6,EPL
2024-05-04,Burnley,Newcastle,away_win,away_win,0.3872,0.3038,0.3091,0.3872,True,1407.9,1561.2,EPL
2024-05-04,Sheffield United,Nottingham Forest,away_win,away_win,0.3492,0.3205,0.3303,0.3492,True,1334.7,1399.6,EPL
2024-05-04,Arsenal,Bournemouth,home_win,home_win,0.4533,0.4533,0.2387,0.308,True,1722.5,1509.3,EPL
2024-05-04,Brentford,Fulham,draw,home_win,0.3997,0.3997,0.3104,0.2899,False,1454.6,1477.1,EPL
2024-05-05,Brighton,Aston Villa,home_win,away_win,0.3408,0.3259,0.3333,0.3408,False,1484.8,1622.2,EPL
2024-05-05,Chelsea,West Ham,home_win,home_win,0.4333,0.4333,0.2856,0.281,True,1551.7,1489.8,EPL
2024-05-05,Liverpool,Tottenham,home_win,home_win,0.4615,0.4615,0.2672,0.2713,True,1661.3,1554.7,EPL
2024-05-06,Crystal Palace,Manchester United,home_win,away_win,0.4343,0.3453,0.2204,0.4343,False,1481.2,1571.0,EPL
2024-05-11,West Ham,Luton,home_win,home_win,0.3917,0.3917,0.3344,0.2739,True,1478.7,1383.6,EPL
2024-05-11,Nottingham Forest,Chelsea,away_win,away_win,0.5225,0.2975,0.18,0.5225,True,1414.9,1562.7,EPL
2024-05-11,Wolves,Crystal Palace,away_win,draw,0.4125,0.3294,0.4125,0.2581,False,1465.6,1499.1,EPL
2024-05-11,Tottenham,Burnley,home_win,home_win,0.4661,0.4661,0.3181,0.2158,True,1545.5,1396.6,EPL
2024-05-11,Newcastle,Brighton,draw,home_win,0.4655,0.4655,0.2727,0.2618,False,1572.5,1504.7,EPL
2024-05-11,Everton,Sheffield United,home_win,home_win,0.3857,0.3857,0.342,0.2723,True,1494.2,1319.4,EPL
2024-05-11,Bournemouth,Brentford,away_win,home_win,0.4266,0.4266,0.2816,0.2918,False,1503.5,1453.3,EPL
2024-05-11,Fulham,Manchester City,away_win,away_win,0.6488,0.1712,0.18,0.6488,True,1478.3,1759.8,EPL
2024-05-12,Manchester United,Arsenal,away_win,away_win,0.5515,0.2685,0.18,0.5515,True,1553.2,1728.3,EPL
2024-05-13,Aston Villa,Liverpool,draw,draw,0.3545,0.3014,0.3545,0.3441,True,1602.3,1670.5,EPL
2024-05-14,Tottenham,Manchester City,away_win,away_win,0.5897,0.2303,0.18,0.5897,True,1553.2,1766.5,EPL
2024-05-15,Brighton,Chelsea,away_win,draw,0.3662,0.3249,0.3662,0.3089,False,1510.0,1574.3,EPL
2024-05-15,Manchester United,Newcastle,home_win,home_win,0.3706,0.3706,0.3092,0.3202,True,1542.7,1567.3,EPL
2024-05-19,Luton,Fulham,away_win,draw,0.3769,0.3446,0.3769,0.2785,False,1373.9,1471.7,EPL
2024-05-19,Liverpool,Wolves,home_win,home_win,0.5397,0.5397,0.2801,0.1801,True,1669.7,1448.8,EPL
2024-05-19,Manchester City,West Ham,home_win,home_win,0.717,0.717,0.18,0.103,True,1775.5,1488.4,EPL
2024-05-19,Crystal Palace,Aston Villa,home_win,draw,0.3626,0.3004,0.3626,0.337,False,1515.8,1603.1,EPL
2024-05-19,Sheffield United,Tottenham,away_win,away_win,0.4006,0.2479,0.3515,0.4006,True,1312.5,1544.2,EPL
2024-05-19,Burnley,Nottingham Forest,away_win,home_win,0.3918,0.3918,0.2889,0.3193,False,1388.8,1403.3,EPL
2024-05-19,Brighton,Manchester United,away_win,away_win,0.3454,0.3205,0.3341,0.3454,True,1494.6,1557.6,EPL
2024-05-19,Brentford,Newcastle,away_win,draw,0.3624,0.3265,0.3624,0.3111,False,1473.8,1552.5,EPL
2024-05-19,Arsenal,Everton,home_win,home_win,0.5654,0.5654,0.2388,0.1958,True,1738.8,1501.1,EPL
2024-05-19,Chelsea,Bournemouth,home_win,home_win,0.4633,0.4633,0.267,0.2697,True,1589.7,1483.0,EPL
2024-08-16,Manchester United,Fulham,home_win,home_win,0.5643,0.5643,0.18,0.2557,True,1573.0,1485.5,EPL
2024-08-17,Nottingham Forest,Bournemouth,draw,draw,0.3542,0.3202,0.3542,0.3256,True,1420.9,1473.8,EPL
2024-08-17,Newcastle,Southampton,home_win,home_win,0.5141,0.5141,0.3342,0.1517,True,1567.2,1338.7,EPL
2024-08-17,West Ham,Aston Villa,away_win,draw,0.3612,0.334,0.3612,0.3048,False,1484.4,1585.4,EPL
2024-08-17,Arsenal,Wolves,home_win,home_win,0.5046,0.5046,0.2669,0.2285,True,1743.9,1443.2,EPL
2024-08-17,Ipswich,Liverpool,away_win,away_win,0.4106,0.2798,0.3096,0.4106,True,1500.0,1675.2,EPL
2024-08-17,Everton,Brighton,away_win,away_win,0.3417,0.3172,0.3411,0.3417,True,1495.9,1479.2,EPL
2024-08-18,Brentford,Crystal Palace,home_win,home_win,0.4126,0.4126,0.3022,0.2852,True,1459.1,1533.5,EPL
2024-08-18,Chelsea,Manchester City,away_win,away_win,0.5573,0.2627,0.18,0.5573,True,1598.9,1779.5,EPL
2024-08-19,Leicester,Tottenham,draw,away_win,0.3976,0.2617,0.3407,0.3976,False,1406.6,1552.5,EPL
2024-08-24,Aston Villa,Arsenal,away_win,home_win,0.3724,0.3724,0.2878,0.3398,False,1599.1,1747.6,EPL
2024-08-24,Brighton,Manchester United,home_win,away_win,0.39,0.3194,0.2906,0.39,False,1498.2,1582.9,EPL
2024-08-24,Crystal Palace,West Ham,away_win,draw,0.3674,0.3411,0.3674,0.2915,False,1516.4,1470.7,EPL
2024-08-24,Fulham,Leicester,home_win,home_win,0.4187,0.4187,0.3382,0.2431,True,1475.5,1410.9,EPL
2024-08-24,Manchester City,Ipswich,home_win,home_win,0.7236,0.7236,0.18,0.0964,True,1789.8,1489.5,EPL
2024-08-24,Southampton,Nottingham Forest,away_win,away_win,0.4297,0.3458,0.2245,0.4297,True,1333.3,1421.1,EPL
2024-08-24,Tottenham,Everton,home_win,home_win,0.5405,0.5405,0.2605,0.1989,True,1548.2,1476.9,EPL
2024-08-25,Wolves,Chelsea,away_win,away_win,0.4107,0.2955,0.2938,0.4107,True,1439.5,1588.6,EPL
2024-08-25,Liverpool,Brentford,home_win,home_win,0.5139,0.5139,0.2588,0.2272,True,1685.7,1476.2,EPL
2024-08-25,Bournemouth,Newcastle,draw,draw,0.3487,0.3171,0.3487,0.3342,True,1473.7,1572.5,EPL
2024-08-31,Arsenal,Brighton,draw,home_win,0.4771,0.4771,0.2389,0.284,False,1759.2,1515.8,EPL
2024-08-31,Brentford,Southampton,home_win,home_win,0.4847,0.4847,0.3378,0.1774,True,1470.4,1319.1,EPL
2024-08-31,Everton,Bournemouth,away_win,draw,0.3578,0.2855,0.3578,0.3567,False,1466.3,1475.9,EPL
2024-08-31,Ipswich,Fulham,draw,draw,0.407,0.3328,0.407,0.2602,True,1485.8,1486.4,EPL
2024-08-31,Leicester,Aston Villa,away_win,away_win,0.3939,0.2771,0.3291,0.3939,True,1400.0,1587.5,EPL
2024-08-31,Nottingham Forest,Wolves,draw,home_win,0.4741,0.4741,0.1852,0.3407,False,1435.3,1427.9,EPL
2024-08-31,West Ham,Manchester City,away_win,away_win,0.6646,0.1554,0.18,0.6646,True,1491.0,1793.5,EPL
2024-09-01,Manchester United,Liverpool,away_win,away_win,0.4985,0.3215,0.18,0.4985,True,1565.4,1691.6,EPL
2024-09-01,Chelsea,Crystal Palace,draw,home_win,0.5185,0.5185,0.2587,0.2227,False,1600.2,1496.1,EPL
2024-09-01,Newcastle,Tottenham,home_win,home_win,0.4052,0.4052,0.2828,0.312,True,1570.3,1558.9,EPL
2024-09-14,Bournemouth,Chelsea,away_win,home_win,0.3352,0.3352,0.3351,0.3296,False,1493.8,1593.5,EPL
2024-09-14,Aston Villa,Everton,home_win,home_win,0.5401,0.5401,0.2667,0.1931,True,1597.5,1448.4,EPL
2024-09-14,Manchester City,Brentford,home_win,home_win,0.7336,0.7336,0.18,0.0864,True,1799.6,1478.0,EPL
2024-09-14,Liverpool,Nottingham Forest,away_win,home_win,0.7086,0.7086,0.18,0.1114,False,1704.1,1432.7,EPL
2024-09-14,Brighton,Ipswich,draw,home_win,0.4024,0.4024,0.3303,0.2673,False,1526.8,1483.5,EPL
2024-09-14,Crystal Palace,Leicester,draw,home_win,0.4143,0.4143,0.341,0.2448,False,1502.8,1390.0,EPL
2024-09-14,Southampton,Manchester United,away_win,away_win,0.6155,0.2045,0.18,0.6155,True,1311.4,1552.8,EPL
2024-09-14,Fulham,West Ham,draw,draw,0.3748,0.3451,0.3748,0.28,True,1488.7,1485.0,EPL
2024-09-15,Wolves,Newcastle,away_win,away_win,0.4158,0.2789,0.3054,0.4158,True,1430.6,1583.5,EPL
2024-09-15,Tottenham,Arsenal,away_win,home_win,0.3922,0.3922,0.281,0.3268,False,1545.7,1748.2,EPL
2024-09-21,Tottenham,Brentford,home_win,home_win,0.4439,0.4439,0.284,0.272,True,1536.3,1474.6,EPL
2024-09-21,Southampton,Ipswich,draw,draw,0.4103,0.2174,0.4103,0.3723,True,1303.4,1487.7,EPL
2024-09-21,Crystal Palace,Manchester United,draw,away_win,0.3495,0.3205,0.33,0.3495,False,1495.8,1560.8,EPL
2024-09-21,Liverpool,Bournemouth,home_win,home_win,0.5146,0.5146,0.2616,0.2238,True,1676.5,1480.0,EPL
2024-09-21,Leicester,Everton,draw,draw,0.38,0.3636,0.38,0.2563,True,1397.0,1440.7,EPL
2024-09-21,Fulham,Newcastle,home_win,away_win,0.3553,0.3006,0.344,0.3553,False,1486.2,1594.9,EPL
2024-09-21,Aston Villa,Wolves,home_win,home_win,0.4816,0.4816,0.3039,0.2145,True,1605.2,1419.2,EPL
2024-09-21,West Ham,Chelsea,away_win,draw,0.3451,0.3157,0.3451,0.3392,False,1487.4,1607.3,EPL
2024-09-22,Brighton,Nottingham Forest,draw,home_win,0.5381,0.5381,0.18,0.2819,False,1522.7,1460.4,EPL
2024-09-22,Manchester City,Arsenal,draw,home_win,0.5198,0.5198,0.18,0.3002,False,1803.0,1757.6,EPL
2024-09-28,Nottingham Forest,Fulham,away_win,home_win,0.3404,0.3404,0.3391,0.3205,False,1465.4,1504.9,EPL
2024-09-28,Everton,Crystal Palace,home_win,draw,0.4016,0.2863,0.4016,0.3121,False,1441.0,1496.5,EPL
2024-09-28,Chelsea,Brighton,home_win,home_win,0.4771,0.4771,0.2632,0.2597,True,1620.1,1517.7,EPL
2024-09-28,Wolves,Liverpool,away_win,away_win,0.4771,0.234,0.2889,0.4771,True,1412.6,1682.7,EPL
2024-09-28,Arsenal,Leicester,home_win,home_win,0.5073,0.5073,0.2885,0.2042,True,1761.9,1396.7,EPL
2024-09-28,Newcastle,Manchester City,draw,away_win,0.5983,0.2217,0.18,0.5983,False,1576.2,1798.7,EPL
2024-09-28,Brentford,West Ham,draw,home_win,0.387,0.387,0.3183,0.2946,False,1463.6,1474.6,EPL
2024-09-29,Ipswich,Aston Villa,draw,draw,0.3842,0.2927,0.3842,0.3232,True,1481.8,1611.7,EPL
2024-09-29,Manchester United,Tottenham,away_win,home_win,0.4833,0.4833,0.18,0.3367,False,1560.1,1547.3,EPL
2024-09-30,Bournemouth,Southampton,home_win,home_win,0.481,0.481,0.3445,0.1746,True,1473.8,1309.3,EPL
2024-10-05,Everton,Newcastle,draw,away_win,0.4722,0.2569,0.2709,0.4722,False,1457.2,1583.6,EPL
2024-10-05,Crystal Palace,Liverpool,away_win,away_win,0.4866,0.25,0.2635,0.4866,True,1480.2,1689.7,EPL
2024-10-05,Arsenal,Southampton,home_win,home_win,0.5336,0.5336,0.3037,0.1627,True,1764.6,1302.1,EPL
2024-10-05,Brentford,Wolves,home_win,home_win,0.4562,0.4562,0.3008,0.243,True,1461.8,1405.6,EPL
2024-10-05,Leicester,Bournemouth,home_win,draw,0.4179,0.2663,0.4179,0.3158,False,1394.0,1481.0,EPL
2024-10-05,Manchester City,Fulham,home_win,home_win,0.7078,0.7078,0.18,0.1122,True,1791.3,1521.4,EPL
2024-10-05,West Ham,Ipswich,home_win,draw,0.371,0.3585,0.371,0.2705,False,1476.4,1485.4,EPL
2024-10-06,Brighton,Tottenham,home_win,draw,0.3946,0.2957,0.3946,0.3097,False,1508.3,1566.2,EPL
2024-10-06,Chelsea,Nottingham Forest,draw,home_win,0.6481,0.6481,0.18,0.1719,False,1629.5,1448.9,EPL
2024-10-06,Aston Villa,Manchester United,draw,home_win,0.5429,0.5429,0.18,0.2771,False,1608.1,1541.2,EPL
2024-10-19,Tottenham,West Ham,home_win,home_win,0.4346,0.4346,0.3067,0.2587,True,1549.8,1490.5,EPL
2024-10-19,Fulham,Aston Villa,away_win,draw,0.3612,0.3339,0.3612,0.3048,False,1517.0,1602.9,EPL
2024-10-19,Ipswich,Everton,away_win,home_win,0.4349,0.4349,0.3228,0.2424,False,1471.3,1460.7,EPL
2024-10-19,Manchester United,Brentford,home_win,home_win,0.5497,0.5497,0.18,0.2703,True,1546.4,1473.1,EPL
2024-10-19,Newcastle,Brighton,away_win,home_win,0.4595,0.4595,0.2727,0.2678,False,1580.1,1524.6,EPL
2024-10-19,Southampton,Leicester,away_win,draw,0.4743,0.233,0.4743,0.2926,False,1300.5,1411.7,EPL
2024-10-19,Bournemouth,Arsenal,home_win,away_win,0.3734,0.3428,0.2838,0.3734,False,1463.3,1766.2,EPL
2024-10-20,Wolves,Manchester City,away_win,away_win,0.7242,0.0958,0.18,0.7242,True,1394.3,1795.7,EPL
2024-10-20,Liverpool,Chelsea,home_win,home_win,0.4855,0.4855,0.2434,0.2711,True,1698.9,1620.2,EPL
2024-10-21,Nottingham Forest,Crystal Palace,home_win,home_win,0.4282,0.4282,0.2258,0.3459,True,1458.2,1471.1,EPL
2024-10-25,Leicester,Nottingham Forest,away_win,draw,0.3551,0.3248,0.3551,0.3202,False,1424.9,1472.5,EPL
2024-10-26,Aston Villa,Bournemouth,draw,home_win,0.4425,0.4425,0.279,0.2785,False,1617.3,1489.3,EPL
2024-10-26,Brentford,Ipswich,home_win,home_win,0.4018,0.4018,0.3259,0.2722,True,1462.5,1452.5,EPL
2024-10-26,Brighton,Wolves,draw,home_win,0.4803,0.4803,0.3067,0.213,False,1545.3,1390.6,EPL
2024-10-26,Manchester City,Southampton,home_win,home_win,0.789,0.789,0.18,0.031,True,1799.4,1287.3,EPL
2024-10-26,Everton,Fulham,draw,draw,0.3776,0.2824,0.3776,0.34,True,1479.5,1502.6,EPL
2024-10-27,Chelsea,Newcastle,home_win,home_win,0.4338,0.4338,0.2611,0.3052,True,1609.9,1559.4,EPL
2024-10-27,Crystal Palace,Tottenham,home_win,away_win,0.42,0.2857,0.2943,0.42,False,1456.8,1560.9,EPL
2024-10-27,West Ham,Manchester United,home_win,away_win,0.3751,0.32,0.3048,0.3751,False,1479.4,1557.0,EPL
2024-10-27,Arsenal,Liverpool,draw,away_win,0.3786,0.3434,0.2779,0.3786,False,1740.2,1709.2,EPL
2024-11-02,Wolves,Crystal Palace,draw,draw,0.4038,0.3151,0.4038,0.2811,True,1399.1,1475.3,EPL
2024-11-02,Southampton,Everton,home_win,away_win,0.3631,0.2809,0.356,0.3631,False,1286.1,1478.2,EPL
2024-11-02,Nottingham Forest,West Ham,home_win,home_win,0.439,0.439,0.2161,0.3449,True,1488.6,1496.7,EPL
2024-11-02,Newcastle,Arsenal,home_win,home_win,0.3987,0.3987,0.2745,0.3268,True,1547.9,1736.6,EPL
2024-11-02,Ipswich,Leicester,draw,draw,0.389,0.3684,0.389,0.2426,True,1439.3,1408.8,EPL
2024-11-02,Bournemouth,Manchester City,home_win,away_win,0.6656,0.1544,0.18,0.6656,False,1496.8,1800.7,EPL
2024-11-02,Liverpool,Brighton,home_win,home_win,0.524,0.524,0.2569,0.2191,True,1712.9,1536.9,EPL
2024-11-03,Tottenham,Aston Villa,home_win,home_win,0.3975,0.3975,0.3116,0.291,True,1542.5,1609.7,EPL
2024-11-03,Manchester United,Chelsea,draw,away_win,0.3836,0.3197,0.2967,0.3836,False,1539.7,1621.4,EPL
2024-11-04,Fulham,Brentford,home_win,home_win,0.3989,0.3989,0.2858,0.3153,True,1503.9,1475.8,EPL
2024-11-09,Liverpool,Aston Villa,home_win,home_win,0.5269,0.5269,0.2483,0.2248,True,1719.7,1592.9,EPL
2024-11-09,Brighton,Manchester City,home_win,away_win,0.6184,0.2016,0.18,0.6184,False,1530.0,1774.7,EPL
2024-11-09,Wolves,Southampton,home_win,home_win,0.4047,0.4047,0.384,0.2112,True,1400.3,1308.3,EPL
2024-11-09,Crystal Palace,Fulham,away_win,draw,0.3995,0.2919,0.3995,0.3086,False,1474.1,1516.3,EPL
2024-11-09,Brentford,Bournemouth,home_win,draw,0.3857,0.3286,0.3857,0.2857,False,1463.3,1522.8,EPL
2024-11-09,West Ham,Everton,draw,home_win,0.4845,0.4845,0.2857,0.2298,False,1482.6,1456.0,EPL
2024-11-10,Manchester United,Leicester,home_win,home_win,0.6041,0.6041,0.18,0.2159,True,1541.2,1412.5,EPL
2024-11-10,Nottingham Forest,Newcastle,away_win,away_win,0.3541,0.3205,0.3254,0.3541,True,1502.7,1570.0,EPL
2024-11-10,Tottenham,Ipswich,away_win,home_win,0.4554,0.4554,0.3336,0.211,False,1559.2,1435.6,EPL
2024-11-10,Chelsea,Arsenal,draw,home_win,0.4669,0.4669,0.2234,0.3097,False,1619.9,1714.5,EPL
2024-11-23,Everton,Brentford,draw,away_win,0.4013,0.2975,0.3013,0.4013,False,1459.5,1479.8,EPL
2024-11-23,Manchester City,Tottenham,away_win,home_win,0.6733,0.6733,0.18,0.1467,False,1750.6,1535.9,EPL
2024-11-23,Bournemouth,Brighton,away_win,draw,0.3928,0.3352,0.3928,0.272,False,1506.4,1554.1,EPL
2024-11-23,Fulham,Wolves,away_win,home_win,0.4608,0.4608,0.3136,0.2256,False,1532.7,1410.1,EPL
2024-11-23,Arsenal,Nottingham Forest,home_win,home_win,0.6803,0.6803,0.18,0.1397,True,1712.4,1487.5,EPL
2024-11-23,Aston Villa,Crystal Palace,draw,home_win,0.4929,0.4929,0.2769,0.2302,False,1584.4,1457.7,EPL
2024-11-23,Leicester,Chelsea,away_win,away_win,0.4306,0.2526,0.3168,0.4306,True,1404.0,1621.9,EPL
2024-11-24,Southampton,Liverpool,away_win,away_win,0.5173,0.1566,0.326,0.5173,True,1298.5,1728.2,EPL
2024-11-24,Ipswich,Manchester United,draw,away_win,0.4359,0.3452,0.2189,0.4359,False,1459.0,1549.6,EPL
2024-11-25,Newcastle,West Ham,away_win,home_win,0.4568,0.4568,0.2964,0.2468,False,1585.2,1479.1,EPL
2024-11-29,Brighton,Southampton,draw,home_win,0.5074,0.5074,0.3448,0.1477,False,1570.2,1295.3,EPL
2024-11-30,Wolves,Bournemouth,away_win,draw,0.4209,0.2782,0.4209,0.301,False,1433.4,1490.2,EPL
2024-11-30,Nottingham Forest,Ipswich,home_win,home_win,0.4928,0.4928,0.18,0.3272,True,1482.0,1460.9,EPL
2024-11-30,West Ham,Arsenal,away_win,home_win,0.353,0.353,0.3031,0.3439,False,1501.8,1717.9,EPL
2024-11-30,Brentford,Leicester,home_win,home_win,0.4518,0.4518,0.3254,0.2228,True,1481.1,1395.2,EPL
2024-11-30,Crystal Palace,Newcastle,draw,away_win,0.4131,0.2961,0.2909,0.4131,False,1465.2,1562.4,EPL
2024-12-01,Chelsea,Aston Villa,home_win,home_win,0.4754,0.4754,0.2556,0.269,True,1630.8,1576.9,EPL
2024-12-01,Manchester United,Everton,home_win,home_win,0.5664,0.5664,0.18,0.2536,True,1547.7,1458.1,EPL
2024-12-01,Tottenham,Fulham,draw,home_win,0.4558,0.4558,0.2876,0.2565,False,1562.1,1509.3,EPL
2024-12-01,Liverpool,Manchester City,home_win,home_win,0.4736,0.4736,0.1857,0.3408,True,1731.4,1724.3,EPL
2024-12-03,Ipswich,Crystal Palace,away_win,home_win,0.3762,0.3762,0.358,0.2658,False,1448.1,1467.4,EPL
2024-12-03,Leicester,West Ham,home_win,draw,0.4213,0.256,0.4213,0.3226,False,1385.2,1493.0,EPL
2024-12-04,Arsenal,Manchester United,home_win,home_win,0.639,0.639,0.18,0.181,True,1726.8,1557.6,EPL
2024-12-04,Everton,Wolves,home_win,draw,0.3753,0.3289,0.3753,0.2958,False,1448.2,1417.7,EPL
2024-12-04,Manchester City,Nottingham Forest,home_win,home_win,0.6743,0.6743,0.18,0.1457,True,1710.9,1494.8,EPL
2024-12-04,Newcastle,Liverpool,draw,away_win,0.4162,0.3274,0.2564,0.4162,False,1560.3,1744.8,EPL
2024-12-04,Southampton,Chelsea,away_win,away_win,0.4818,0.1858,0.3324,0.4818,True,1307.0,1642.1,EPL
2024-12-04,Aston Villa,Brentford,home_win,home_win,0.4143,0.4143,0.2749,0.3107,True,1565.6,1491.2,EPL
2024-12-05,Bournemouth,Tottenham,home_win,draw,0.4025,0.3051,0.4025,0.2924,False,1505.9,1557.5,EPL
2024-12-05,Fulham,Brighton,home_win,draw,0.3955,0.3217,0.3955,0.2828,False,1513.9,1558.5,EPL
2024-12-07,Aston Villa,Southampton,home_win,home_win,0.5002,0.5002,0.3423,0.1576,True,1576.1,1301.8,EPL
2024-12-07,Brentford,Newcastle,home_win,draw,0.3563,0.3263,0.3563,0.3174,False,1480.7,1566.2,EPL
2024-12-07,Crystal Palace,Manchester City,draw,away_win,0.6069,0.2131,0.18,0.6069,False,1484.8,1716.6,EPL
2024-12-07,Manchester United,Nottingham Forest,away_win,home_win,0.5372,0.5372,0.18,0.2828,False,1550.6,1489.1,EPL
2024-12-08,Fulham,Arsenal,draw,home_win,0.3558,0.3558,0.2931,0.351,False,1529.7,1733.8,EPL
2024-12-08,Ipswich,Bournemouth,away_win,draw,0.411,0.2794,0.411,0.3096,False,1430.7,1522.0,EPL
2024-12-08,Leicester,Brighton,draw,away_win,0.3787,0.2864,0.3348,0.3787,False,1403.8,1542.8,EPL
2024-12-08,Tottenham,Chelsea,away_win,home_win,0.3467,0.3467,0.3311,0.3222,False,1541.5,1647.3,EPL
2024-12-09,West Ham,Wolves,home_win,home_win,0.4355,0.4355,0.3286,0.2359,True,1474.3,1405.4,EPL
2024-12-14,Nottingham Forest,Aston Villa,home_win,away_win,0.3602,0.3204,0.3194,0.3602,False,1510.1,1580.4,EPL
2024-12-14,Wolves,Ipswich,away_win,draw,0.4534,0.2883,0.4534,0.2583,False,1394.7,1416.6,EPL
2024-12-14,Arsenal,Everton,draw,home_win,0.5732,0.5732,0.2388,0.188,False,1727.2,1460.6,EPL
2024-12-14,Liverpool,Fulham,draw,home_win,0.5314,0.5314,0.2621,0.2065,False,1738.9,1536.4,EPL
2024-12-14,Newcastle,Leicester,home_win,home_win,0.478,0.478,0.322,0.2,True,1548.5,1407.8,EPL
2024-12-15,Brighton,Crystal Palace,away_win,home_win,0.4683,0.4683,0.278,0.2537,False,1538.8,1492.5,EPL
2024-12-15,Manchester City,Manchester United,away_win,home_win,0.6471,0.6471,0.18,0.1729,False,1708.9,1529.6,EPL
2024-12-15,Chelsea,Brentford,home_win,home_win,0.481,0.481,0.2638,0.2551,True,1660.8,1498.3,EPL
2024-12-15,Southampton,Tottenham,away_win,away_win,0.4416,0.2023,0.3562,0.4416,True,1297.5,1528.0,EPL
2024-12-16,Bournemouth,West Ham,draw,home_win,0.4207,0.4207,0.3043,0.275,False,1536.1,1485.0,EPL
2024-12-21,Crystal Palace,Arsenal,away_win,away_win,0.3849,0.3123,0.3028,0.3849,True,1512.8,1715.6,EPL
2024-12-21,West Ham,Brighton,draw,draw,0.3957,0.3372,0.3957,0.2671,True,1489.6,1518.4,EPL
2024-12-21,Aston Villa,Manchester City,home_win,away_win,0.4917,0.3283,0.18,0.4917,False,1563.4,1683.6,EPL
2024-12-21,Brentford,Nottingham Forest,away_win,home_win,0.3475,0.3475,0.3319,0.3205,False,1491.0,1527.0,EPL
2024-12-21,Ipswich,Newcastle,away_win,draw,0.3866,0.2716,0.3866,0.3418,False,1433.9,1556.5,EPL
2024-12-22,Everton,Chelsea,draw,away_win,0.5033,0.2344,0.2623,0.5033,False,1472.1,1668.0,EPL
2024-12-22,Fulham,Southampton,draw,home_win,0.4958,0.4958,0.3525,0.1516,False,1546.3,1289.2,EPL
2024-12-22,Leicester,Wolves,away_win,draw,0.3674,0.3669,0.3674,0.2657,False,1399.8,1377.4,EPL
2024-12-22,Manchester United,Bournemouth,away_win,home_win,0.4952,0.4952,0.18,0.3248,False,1554.8,1531.6,EPL
2024-12-22,Tottenham,Liverpool,away_win,away_win,0.4086,0.3257,0.2657,0.4086,True,1536.4,1729.0,EPL
2024-12-26,Liverpool,Leicester,home_win,home_win,0.5532,0.5532,0.3038,0.143,True,1738.8,1380.5,EPL
2024-12-26,Wolves,Manchester United,home_win,away_win,0.5126,0.3074,0.18,0.5126,False,1396.7,1535.5,EPL
2024-12-26,Southampton,West Ham,away_win,away_win,0.4009,0.2224,0.3767,0.4009,True,1300.5,1488.6,EPL
2024-12-26,Nottingham Forest,Tottenham,home_win,home_win,0.4881,0.4881,0.18,0.3319,True,1543.6,1526.6,EPL
2024-12-26,Chelsea,Fulham,away_win,home_win,0.4861,0.4861,0.2685,0.2453,False,1661.7,1535.0,EPL
2024-12-26,Bournemouth,Crystal Palace,draw,home_win,0.4803,0.4803,0.2765,0.2431,False,1550.9,1503.4,EPL
2024-12-26,Manchester City,Everton,draw,home_win,0.6523,0.6523,0.18,0.1677,False,1664.4,1478.5,EPL
2024-12-26,Newcastle,Aston Villa,home_win,home_win,0.4334,0.4334,0.2853,0.2813,True,1569.2,1582.6,EPL
2024-12-27,Brighton,Brentford,draw,home_win,0.4127,0.4127,0.2799,0.3074,False,1519.4,1474.4,EPL
2024-12-27,Arsenal,Ipswich,home_win,home_win,0.4801,0.4801,0.2846,0.2353,True,1725.0,1421.2,EPL
2024-12-29,Tottenham,Wolves,draw,home_win,0.4754,0.4754,0.3075,0.2171,False,1513.6,1416.7,EPL
2024-12-29,Fulham,Bournemouth,draw,home_win,0.3614,0.3614,0.3495,0.2891,False,1558.5,1546.5,EPL
2024-12-29,West Ham,Liverpool,away_win,away_win,0.4398,0.278,0.2822,0.4398,True,1498.6,1741.6,EPL
2024-12-29,Crystal Palace,Southampton,home_win,home_win,0.4594,0.4594,0.3579,0.1827,True,1507.8,1290.5,EPL
2024-12-29,Leicester,Manchester City,away_win,away_win,0.6455,0.1745,0.18,0.6455,True,1377.7,1655.0,EPL
2024-12-29,Everton,Nottingham Forest,away_win,away_win,0.3568,0.3205,0.3227,0.3568,True,1487.9,1556.6,EPL
2024-12-30,Ipswich,Chelsea,home_win,away_win,0.4187,0.2677,0.3136,0.4187,False,1417.5,1638.2,EPL
2024-12-30,Manchester United,Newcastle,away_win,away_win,0.3556,0.3205,0.3239,0.3556,True,1515.5,1583.6,EPL
2024-12-30,Aston Villa,Brighton,draw,home_win,0.4225,0.4225,0.2766,0.3009,False,1568.3,1515.1,EPL
2025-01-01,Brentford,Arsenal,away_win,home_win,0.3718,0.3718,0.2773,0.3509,False,1478.6,1728.7,EPL
2025-01-04,Tottenham,Newcastle,away_win,draw,0.3578,0.3285,0.3578,0.3138,False,1507.3,1598.7,EPL
2025-01-04,Aston Villa,Leicester,home_win,home_win,0.4694,0.4694,0.3278,0.2028,True,1563.7,1370.9,EPL
2025-01-04,Bournemouth,Everton,home_win,home_win,0.5321,0.5321,0.2628,0.205,True,1549.4,1472.8,EPL
2025-01-04,Crystal Palace,Chelsea,draw,away_win,0.4133,0.3097,0.2771,0.4133,False,1513.4,1614.9,EPL
2025-01-04,Manchester City,West Ham,home_win,home_win,0.6407,0.6407,0.18,0.1793,True,1661.8,1490.6,EPL
2025-01-04,Southampton,Brentford,away_win,away_win,0.4231,0.2289,0.3479,0.4231,True,1284.9,1471.0,EPL
2025-01-04,Brighton,Arsenal,draw,home_win,0.3588,0.3588,0.2868,0.3544,False,1519.8,1736.4,EPL
2025-01-05,Liverpool,Manchester United,draw,home_win,0.6957,0.6957,0.18,0.1243,False,1749.5,1500.3,EPL
2025-01-05,Fulham,Ipswich,draw,home_win,0.4297,0.4297,0.3372,0.2331,False,1555.6,1440.8,EPL
2025-01-06,Wolves,Nottingham Forest,away_win,away_win,0.5234,0.2966,0.18,0.5234,True,1423.1,1571.7,EPL
2025-01-14,Brentford,Manchester City,draw,away_win,0.5646,0.2554,0.18,0.5646,False,1481.0,1668.8,EPL
2025-01-14,Chelsea,Bournemouth,draw,home_win,0.4383,0.4383,0.267,0.2946,False,1612.6,1559.8,EPL
2025-01-14,West Ham,Fulham,home_win,draw,0.4072,0.3166,0.4072,0.2762,False,1483.6,1548.6,EPL
2025-01-14,Nottingham Forest,Liverpool,draw,away_win,0.5303,0.2897,0.18,0.5303,False,1583.3,1738.3,EPL
2025-01-15,Everton,Aston Villa,away_win,away_win,0.4249,0.2936,0.2815,0.4249,True,1462.4,1570.0,EPL
2025-01-15,Leicester,Crystal Palace,away_win,draw,0.3983,0.2776,0.3983,0.3241,False,1364.6,1515.8,EPL
2025-01-15,Newcastle,Wolves,home_win,home_win,0.5184,0.5184,0.2975,0.1841,True,1612.8,1411.5,EPL
2025-01-15,Arsenal,Tottenham,home_win,home_win,0.4444,0.4444,0.2387,0.3168,True,1729.3,1493.2,EPL
2025-01-16,Manchester United,Southampton,home_win,home_win,0.6879,0.6879,0.18,0.1321,True,1511.5,1274.8,EPL
2025-01-16,Ipswich,Brighton,away_win,draw,0.4188,0.2899,0.4188,0.2913,False,1447.8,1526.9,EPL
2025-01-18,Newcastle,Bournemouth,away_win,home_win,0.4439,0.4439,0.2772,0.2789,False,1618.9,1564.4,EPL
2025-01-18,Brentford,Liverpool,away_win,away_win,0.4418,0.299,0.2592,0.4418,True,1487.0,1733.6,EPL
2025-01-18,Leicester,Fulham,away_win,away_win,0.393,0.2655,0.3415,0.393,True,1353.1,1531.9,EPL
2025-01-18,West Ham,Crystal Palace,away_win,home_win,0.4048,0.4048,0.3312,0.264,False,1500.3,1527.3,EPL
2025-01-18,Arsenal,Aston Villa,draw,home_win,0.4659,0.4659,0.2364,0.2978,False,1734.4,1583.4,EPL
2025-01-19,Everton,Tottenham,home_win,away_win,0.4032,0.2728,0.3239,0.4032,False,1449.0,1488.0,EPL
2025-01-19,Manchester United,Brighton,away_win,home_win,0.37,0.37,0.3098,0.3202,False,1516.7,1541.6,EPL
2025-01-19,Nottingham Forest,Southampton,home_win,home_win,0.7321,0.7321,0.18,0.0879,True,1588.0,1269.7,EPL
2025-01-19,Ipswich,Manchester City,away_win,away_win,0.6049,0.2151,0.18,0.6049,True,1433.2,1662.8,EPL
2025-01-20,Chelsea,Wolves,home_win,home_win,0.5176,0.5176,0.2877,0.1947,True,1608.0,1405.4,EPL
2025-01-25,Manchester City,Chelsea,home_win,home_win,0.5326,0.5326,0.18,0.2874,True,1671.2,1614.0,EPL
2025-01-25,Wolves,Arsenal,away_win,away_win,0.4411,0.298,0.2609,0.4411,True,1399.3,1726.1,EPL
2025-01-25,Southampton,Newcastle,away_win,away_win,0.4805,0.1751,0.3445,0.4805,True,1266.3,1598.3,EPL
2025-01-25,Bournemouth,Nottingham Forest,home_win,home_win,0.4428,0.4428,0.2127,0.3445,True,1585.0,1591.4,EPL
2025-01-25,Brighton,Everton,away_win,home_win,0.5288,0.5288,0.2659,0.2053,False,1558.7,1464.5,EPL
2025-01-25,Liverpool,Ipswich,home_win,home_win,0.5308,0.5308,0.3049,0.1642,True,1741.4,1424.8,EPL
2025-01-26,Aston Villa,West Ham,draw,home_win,0.4269,0.4269,0.2982,0.2748,False,1591.7,1483.3,EPL
2025-01-26,Crystal Palace,Brentford,away_win,home_win,0.3521,0.3521,0.3423,0.3056,False,1544.3,1479.2,EPL
2025-01-26,Tottenham,Leicester,away_win,home_win,0.4701,0.4701,0.3328,0.197,False,1472.5,1342.8,EPL
2025-01-26,Fulham,Manchester United,away_win,home_win,0.5169,0.5169,0.18,0.3031,False,1542.2,1499.5,EPL
2025-02-01,Newcastle,Fulham,away_win,home_win,0.47,0.47,0.2781,0.2519,False,1603.5,1522.0,EPL
2025-02-01,Ipswich,Southampton,away_win,home_win,0.4271,0.4271,0.4054,0.1676,False,1421.3,1261.0,EPL
2025-02-01,Wolves,Aston Villa,home_win,away_win,0.405,0.2898,0.3052,0.405,False,1393.9,1584.9,EPL
2025-02-01,Bournemouth,Liverpool,away_win,away_win,0.3694,0.3071,0.3235,0.3694,True,1599.1,1744.9,EPL
2025-02-01,Nottingham Forest,Brighton,home_win,home_win,0.515,0.515,0.18,0.305,True,1577.4,1536.4,EPL
2025-02-01,Everton,Leicester,home_win,home_win,0.3938,0.3938,0.34,0.2662,True,1486.8,1366.4,EPL
2025-02-02,Brentford,Tottenham,away_win,home_win,0.4235,0.4235,0.2857,0.2908,False,1500.3,1448.9,EPL
2025-02-02,Manchester United,Crystal Palace,away_win,home_win,0.4492,0.4492,0.2071,0.3438,False,1519.7,1523.2,EPL
2025-02-02,Arsenal,Manchester City,home_win,home_win,0.5239,0.5239,0.18,0.2961,True,1731.5,1682.4,EPL
2025-02-03,Chelsea,West Ham,home_win,home_win,0.4565,0.4565,0.2856,0.2579,True,1602.8,1490.1,EPL
2025-02-12,Everton,Liverpool,draw,away_win,0.5485,0.1974,0.2541,0.5485,False,1495.5,1756.6,EPL
2025-02-14,Brighton,Chelsea,home_win,draw,0.3456,0.3244,0.3456,0.3301,False,1524.5,1611.8,EPL
2025-02-15,Crystal Palace,Everton,away_win,home_win,0.4551,0.4551,0.2852,0.2597,False,1541.3,1504.2,EPL
2025-02-15,West Ham,Brentford,away_win,draw,0.369,0.3508,0.369,0.2802,False,1481.1,1479.8,EPL
2025-02-15,Southampton,Bournemouth,away_win,away_win,0.4612,0.1854,0.3534,0.4612,True,1285.6,1587.4,EPL
2025-02-15,Fulham,Nottingham Forest,home_win,draw,0.351,0.3287,0.351,0.3203,False,1543.8,1589.3,EPL
2025-02-15,Aston Villa,Ipswich,draw,home_win,0.4475,0.4475,0.3261,0.2264,False,1562.8,1396.7,EPL
2025-02-15,Leicester,Arsenal,away_win,away_win,0.4523,0.2644,0.2833,0.4523,True,1357.7,1743.0,EPL
2025-02-15,Manchester City,Newcastle,home_win,home_win,0.5659,0.5659,0.18,0.2541,True,1670.8,1581.7,EPL
2025-02-16,Liverpool,Wolves,home_win,home_win,0.5669,0.5669,0.2801,0.1529,True,1747.9,1416.1,EPL
2025-02-16,Tottenham,Manchester United,home_win,home_win,0.3553,0.3553,0.3242,0.3205,True,1469.4,1501.5,EPL
2025-02-19,Aston Villa,Liverpool,draw,away_win,0.4599,0.2831,0.2569,0.4599,False,1553.9,1751.1,EPL
2025-02-21,Leicester,Brentford,away_win,away_win,0.3964,0.2712,0.3324,0.3964,True,1353.6,1498.1,EPL
2025-02-22,Ipswich,Tottenham,away_win,draw,0.4265,0.2687,0.4265,0.3049,False,1405.5,1484.6,EPL
2025-02-22,Aston Villa,Chelsea,home_win,draw,0.3605,0.3263,0.3605,0.3131,False,1560.3,1594.1,EPL
2025-02-22,Fulham,Crystal Palace,away_win,home_win,0.4568,0.4568,0.2849,0.2583,False,1559.6,1521.4,EPL
2025-02-22,Southampton,Brighton,away_win,away_win,0.4405,0.2075,0.352,0.4405,True,1279.6,1542.2,EPL
2025-02-22,Arsenal,West Ham,away_win,home_win,0.4704,0.4704,0.2567,0.2729,False,1747.1,1462.7,EPL
2025-02-22,Everton,Manchester United,draw,home_win,0.5114,0.5114,0.18,0.3086,False,1524.1,1486.4,EPL
2025-02-22,Bournemouth,Wolves,away_win,home_win,0.4994,0.4994,0.3066,0.194,False,1593.4,1412.9,EPL
2025-02-23,Newcastle,Nottingham Forest,home_win,home_win,0.4533,0.4533,0.2034,0.3433,True,1571.8,1573.5,EPL
2025-02-23,Manchester City,Liverpool,away_win,away_win,0.3474,0.3205,0.3321,0.3474,True,1680.7,1744.7,EPL
2025-02-25,Brighton,Bournemouth,home_win,draw,0.3693,0.3381,0.3693,0.2926,False,1549.5,1568.1,EPL
2025-02-25,Crystal Palace,Aston Villa,home_win,draw,0.3819,0.3146,0.3819,0.3035,False,1541.4,1575.6,EPL
2025-02-25,Wolves,Fulham,away_win,draw,0.3848,0.2858,0.3848,0.3294,False,1438.2,1539.6,EPL
2025-02-25,Chelsea,Southampton,home_win,home_win,0.5361,0.5361,0.3232,0.1406,True,1578.8,1272.3,EPL
2025-02-26,Tottenham,Manchester City,away_win,away_win,0.5421,0.2779,0.18,0.5421,True,1499.3,1665.4,EPL
2025-02-26,Nottingham Forest,Arsenal,draw,away_win,0.535,0.285,0.18,0.535,False,1559.7,1719.2,EPL
2025-02-26,Liverpool,Newcastle,home_win,home_win,0.5037,0.5037,0.2561,0.2402,True,1760.1,1585.6,EPL
2025-02-26,Brentford,Everton,draw,home_win,0.4901,0.4901,0.2736,0.2363,False,1509.9,1520.2,EPL
2025-02-26,Manchester United,Ipswich,home_win,home_win,0.5763,0.5763,0.18,0.2437,True,1490.3,1390.9,EPL
2025-02-27,West Ham,Leicester,home_win,home_win,0.4524,0.4524,0.3544,0.1932,True,1490.7,1341.9,EPL
2025-03-08,Nottingham Forest,Manchester City,home_win,away_win,0.4819,0.3381,0.18,0.4819,False,1564.6,1676.2,EPL
2025-03-08,Brighton,Fulham,home_win,home_win,0.4124,0.4124,0.2859,0.3018,True,1564.1,1553.3,EPL
2025-03-08,Crystal Palace,Ipswich,home_win,home_win,0.4279,0.4279,0.3375,0.2346,True,1556.6,1381.3,EPL
2025-03-08,Liverpool,Southampton,home_win,home_win,0.5779,0.5779,0.3146,0.1076,True,1767.0,1268.6,EPL
2025-03-08,Brentford,Aston Villa,away_win,home_win,0.396,0.396,0.3192,0.2848,False,1508.1,1560.3,EPL
2025-03-08,Wolves,Everton,draw,draw,0.377,0.3431,0.377,0.2798,True,1424.5,1522.0,EPL
2025-03-09,Chelsea,Leicester,home_win,home_win,0.5144,0.5144,0.3113,0.1744,True,1582.5,1334.1,EPL
2025-03-09,Tottenham,Bournemouth,draw,draw,0.3873,0.3306,0.3873,0.282,True,1488.4,1553.6,EPL
2025-03-09,Manchester United,Arsenal,draw,away_win,0.5908,0.2292,0.18,0.5908,False,1499.8,1714.3,EPL
2025-03-10,West Ham,Newcastle,away_win,draw,0.3848,0.3052,0.3848,0.31,False,1498.4,1578.7,EPL
2025-03-15,Southampton,Wolves,away_win,draw,0.3874,0.2484,0.3874,0.3642,False,1267.3,1426.7,EPL
2025-03-15,Bournemouth,Brentford,away_win,home_win,0.4317,0.4317,0.2816,0.2867,False,1552.9,1492.2,EPL
2025-03-15,Manchester City,Brighton,draw,home_win,0.5568,0.5568,0.18,0.2632,False,1657.4,1577.3,EPL
2025-03-15,Everton,West Ham,draw,draw,0.3612,0.3134,0.3612,0.3253,True,1519.8,1483.8,EPL
2025-03-15,Ipswich,Nottingham Forest,away_win,away_win,0.5855,0.2345,0.18,0.5855,True,1374.5,1583.4,EPL
2025-03-16,Arsenal,Chelsea,home_win,home_win,0.428,0.428,0.2241,0.3479,True,1707.2,1587.4,EPL
2025-03-16,Fulham,Tottenham,home_win,home_win,0.3993,0.3993,0.2937,0.3071,True,1540.1,1489.1,EPL
2025-03-16,Leicester,Manchester United,away_win,away_win,0.5542,0.2658,0.18,0.5542,True,1329.3,1506.9,EPL
2025-04-01,Arsenal,Fulham,home_win,home_win,0.4525,0.4525,0.2445,0.3031,True,1716.0,1551.5,EPL
2025-04-01,Wolves,West Ham,home_win,draw,0.4478,0.2699,0.4478,0.2823,False,1437.8,1487.7,EPL
2025-04-01,Nottingham Forest,Manchester United,home_win,home_win,0.5518,0.5518,0.18,0.2682,True,1592.6,1517.3,EPL
2025-04-02,Liverpool,Everton,home_win,home_win,0.6319,0.6319,0.2339,0.1342,True,1768.3,1515.9,EPL
2025-04-02,Southampton,Crystal Palace,draw,away_win,0.4279,0.213,0.3591,0.4279,False,1256.2,1563.5,EPL
2025-04-02,Newcastle,Brentford,home_win,home_win,0.4518,0.4518,0.2742,0.274,True,1593.3,1513.1,EPL
2025-04-02,Manchester City,Leicester,home_win,home_win,0.7385,0.7385,0.18,0.0815,True,1651.7,1318.9,EPL
2025-04-02,Brighton,Aston Villa,away_win,home_win,0.429,0.429,0.2761,0.2949,False,1583.0,1576.2,EPL
2025-04-02,Bournemouth,Ipswich,away_win,home_win,0.4644,0.4644,0.3314,0.2043,False,1532.0,1365.3,EPL
2025-04-03,Chelsea,Tottenham,home_win,home_win,0.4434,0.4434,0.2717,0.2849,True,1578.6,1477.6,EPL
2025-04-05,Everton,Arsenal,draw,away_win,0.4631,0.291,0.2459,0.4631,False,1511.2,1723.2,EPL
2025-04-05,Crystal Palace,Brighton,home_win,draw,0.3652,0.3212,0.3652,0.3136,False,1553.4,1564.4,EPL
2025-04-05,Ipswich,Wolves,away_win,draw,0.4639,0.2838,0.4639,0.2523,False,1390.2,1453.8,EPL
2025-04-05,West Ham,Bournemouth,draw,draw,0.4056,0.3192,0.4056,0.2752,True,1471.7,1507.1,EPL
2025-04-05,Aston Villa,Nottingham Forest,home_win,home_win,0.4386,0.4386,0.2165,0.3449,True,1594.8,1603.0,EPL
2025-04-06,Manchester United,Manchester City,draw,away_win,0.5228,0.2972,0.18,0.5228,False,1506.8,1654.9,EPL
2025-04-06,Tottenham,Southampton,home_win,home_win,0.5008,0.5008,0.3454,0.1538,True,1468.2,1266.3,EPL
2025-04-06,Brentford,Chelsea,draw,home_win,0.3453,0.3453,0.3435,0.3112,False,1502.8,1588.1,EPL
2025-04-06,Fulham,Liverpool,home_win,away_win,0.4541,0.2785,0.2675,0.4541,False,1544.3,1773.0,EPL
2025-04-07,Leicester,Newcastle,away_win,away_win,0.4591,0.2118,0.3291,0.4591,True,1315.7,1603.6,EPL
2025-04-12,Manchester City,Crystal Palace,home_win,home_win,0.5595,0.5595,0.18,0.2605,True,1650.5,1567.7,EPL
2025-04-12,Brighton,Leicester,draw,home_win,0.4927,0.4927,0.3311,0.1763,False,1550.2,1309.2,EPL
2025-04-12,Nottingham Forest,Everton,away_win,home_win,0.5471,0.5471,0.18,0.2729,False,1589.0,1518.1,EPL
2025-04-12,Southampton,Aston Villa,away_win,away_win,0.4613,0.1914,0.3473,0.4613,True,1260.2,1608.9,EPL
2025-04-12,Arsenal,Brentford,draw,home_win,0.4465,0.4465,0.2338,0.3197,False,1716.2,1504.5,EPL
2025-04-13,Wolves,Tottenham,home_win,draw,0.3898,0.3074,0.3898,0.3028,False,1469.2,1474.3,EPL
2025-04-13,Chelsea,Ipswich,draw,home_win,0.4895,0.4895,0.3114,0.1991,False,1586.4,1374.8,EPL
2025-04-13,Liverpool,West Ham,home_win,home_win,0.5274,0.5274,0.28,0.1926,True,1749.5,1471.0,EPL
2025-04-13,Newcastle,Manchester United,home_win,home_win,0.5757,0.5757,0.18,0.2443,True,1610.1,1511.2,EPL
2025-04-14,Bournemouth,Fulham,home_win,draw,0.3913,0.3317,0.3913,0.2771,False,1507.8,1567.9,EPL
2025-04-16,Newcastle,Crystal Palace,home_win,home_win,0.501,0.501,0.267,0.232,True,1619.6,1557.5,EPL
2025-04-19,West Ham,Southampton,draw,home_win,0.4774,0.4774,0.3689,0.1537,False,1466.8,1255.3,EPL
2025-04-19,Everton,Manchester City,away_win,away_win,0.4928,0.3272,0.18,0.4928,True,1539.5,1660.6,EPL
2025-04-19,Aston Villa,Newcastle,home_win,draw,0.3562,0.3259,0.3562,0.3178,False,1613.7,1630.6,EPL
2025-04-19,Brentford,Brighton,home_win,home_win,0.3996,0.3996,0.3068,0.2936,True,1514.6,1539.3,EPL
2025-04-19,Crystal Palace,Bournemouth,draw,draw,0.3473,0.3363,0.3473,0.3164,True,1546.5,1524.2,EPL
2025-04-20,Manchester United,Wolves,away_win,home_win,0.4898,0.4898,0.18,0.3302,False,1501.7,1483.1,EPL
2025-04-20,Leicester,Liverpool,away_win,away_win,0.5086,0.1796,0.3118,0.5086,True,1320.2,1753.7,EPL
2025-04-20,Fulham,Chelsea,away_win,draw,0.3623,0.3415,0.3623,0.2962,False,1551.4,1576.3,EPL
2025-04-20,Ipswich,Arsenal,away_win,away_win,0.421,0.3036,0.2754,0.421,True,1385.0,1706.0,EPL
2025-04-21,Tottenham,Nottingham Forest,away_win,away_win,0.4738,0.3407,0.1854,0.4738,True,1460.3,1567.6,EPL
2025-04-22,Manchester City,Aston Villa,home_win,home_win,0.5196,0.5196,0.18,0.3004,True,1673.4,1628.2,EPL
2025-04-23,Arsenal,Crystal Palace,draw,home_win,0.4977,0.4977,0.2449,0.2574,False,1711.6,1543.2,EPL
2025-04-26,Chelsea,Everton,home_win,home_win,0.5427,0.5427,0.2445,0.2127,True,1593.4,1526.7,EPL
2025-04-26,Brighton,West Ham,home_win,home_win,0.419,0.419,0.3029,0.2782,True,1524.4,1456.6,EPL
2025-04-26,Newcastle,Ipswich,home_win,home_win,0.4978,0.4978,0.3226,0.1796,True,1616.1,1379.4,EPL
2025-04-26,Southampton,Fulham,away_win,away_win,0.4371,0.2037,0.3591,0.4371,True,1265.5,1534.3,EPL
2025-04-26,Wolves,Leicester,home_win,home_win,0.4388,0.4388,0.3673,0.1939,True,1502.2,1317.0,EPL
2025-04-27,Bournemouth,Manchester United,draw,home_win,0.5194,0.5194,0.18,0.3006,False,1527.5,1482.5,EPL
2025-04-27,Liverpool,Tottenham,home_win,home_win,0.5268,0.5268,0.2672,0.206,True,1756.8,1446.9,EPL
2025-05-01,Nottingham Forest,Brentford,away_win,home_win,0.5265,0.5265,0.18,0.2935,False,1581.0,1529.5,EPL
2025-05-02,Manchester City,Wolves,home_win,home_win,0.6448,0.6448,0.18,0.1752,True,1685.1,1508.8,EPL
2025-05-03,Aston Villa,Fulham,home_win,home_win,0.4322,0.4322,0.2823,0.2855,True,1616.5,1541.3,EPL
2025-05-03,Everton,Ipswich,draw,home_win,0.3922,0.3922,0.3341,0.2737,False,1515.9,1374.3,EPL
2025-05-03,Leicester,Southampton,home_win,draw,0.4116,0.368,0.4116,0.2205,False,1310.4,1258.5,EPL
2025-05-03,Arsenal,Bournemouth,away_win,home_win,0.442,0.442,0.2387,0.3193,False,1702.7,1523.2,EPL
2025-05-04,Brentford,Manchester United,home_win,home_win,0.5391,0.5391,0.18,0.2809,True,1550.0,1486.8,EPL
2025-05-04,Brighton,Newcastle,draw,draw,0.3585,0.3073,0.3585,0.3342,True,1535.2,1621.3,EPL
2025-05-04,West Ham,Tottenham,draw,draw,0.3765,0.3413,0.3765,0.2822,True,1445.8,1443.4,EPL
2025-05-04,Chelsea,Liverpool,home_win,away_win,0.4195,0.3339,0.2466,0.4195,False,1604.2,1760.4,EPL
2025-05-05,Crystal Palace,Nottingham Forest,draw,home_win,0.4384,0.4384,0.2167,0.3449,False,1552.1,1560.4,EPL
2025-05-10,Bournemouth,Aston Villa,away_win,draw,0.3612,0.3516,0.3612,0.2871,False,1548.5,1627.0,EPL
2025-05-10,Wolves,Brighton,away_win,draw,0.4112,0.3016,0.4112,0.2872,False,1502.0,1536.9,EPL
2025-05-10,Fulham,Everton,away_win,home_win,0.4858,0.4858,0.2734,0.2408,False,1530.9,1507.9,EPL
2025-05-10,Ipswich,Brentford,away_win,away_win,0.4008,0.2693,0.3299,0.4008,True,1382.3,1561.0,EPL
2025-05-10,Southampton,Manchester City,draw,away_win,0.7435,0.0765,0.18,0.7435,False,1247.0,1692.0,EPL
2025-05-11,Newcastle,Chelsea,home_win,home_win,0.4235,0.4235,0.2721,0.3043,True,1619.6,1625.0,EPL
2025-05-11,Manchester United,West Ham,away_win,home_win,0.5055,0.5055,0.18,0.3145,False,1475.9,1443.4,EPL
2025-05-11,Nottingham Forest,Leicester,draw,home_win,0.6903,0.6903,0.18,0.1297,False,1562.4,1321.9,EPL
2025-05-11,Tottenham,Crystal Palace,away_win,home_win,0.4103,0.4103,0.2808,0.3089,False,1445.8,1550.2,EPL
2025-05-11,Liverpool,Arsenal,draw,home_win,0.5757,0.5757,0.2005,0.2238,False,1739.7,1677.4,EPL
2025-05-16,Aston Villa,Tottenham,home_win,home_win,0.4572,0.4572,0.2821,0.2607,True,1641.7,1432.2,EPL
2025-05-16,Chelsea,Manchester United,home_win,home_win,0.6272,0.6272,0.18,0.1928,True,1611.0,1456.1,EPL
2025-05-18,Arsenal,Newcastle,home_win,away_win,0.3582,0.3507,0.2912,0.3582,False,1682.4,1633.6,EPL
2025-05-18,Leicester,Ipswich,home_win,draw,0.4956,0.2586,0.4956,0.2458,False,1332.8,1372.0,EPL
2025-05-18,West Ham,Nottingham Forest,away_win,away_win,0.4308,0.3457,0.2235,0.4308,True,1463.2,1551.4,EPL
2025-05-18,Everton,Southampton,home_win,home_win,0.4505,0.4505,0.36,0.1894,True,1527.2,1260.0,EPL
2025-05-18,Brentford,Fulham,away_win,home_win,0.4574,0.4574,0.2812,0.2615,False,1571.3,1511.6,EPL
2025-05-19,Brighton,Liverpool,home_win,away_win,0.4334,0.3047,0.2619,0.4334,False,1553.6,1734.7,EPL
2025-05-20,Crystal Palace,Wolves,home_win,home_win,0.411,0.411,0.3166,0.2724,True,1563.7,1485.3,EPL
2025-05-20,Manchester City,Bournemouth,home_win,home_win,0.6188,0.6188,0.18,0.2012,True,1679.0,1533.8,EPL
2025-05-25,Newcastle,Everton,away_win,home_win,0.5535,0.5535,0.252,0.1945,False,1622.0,1531.6,EPL
2025-05-25,Southampton,Arsenal,away_win,away_win,0.4782,0.2181,0.3037,0.4782,True,1255.6,1694.0,EPL
2025-05-25,Nottingham Forest,Chelsea,away_win,draw,0.3542,0.3202,0.3542,0.3256,False,1565.7,1618.5,EPL
2025-05-25,Manchester United,Aston Villa,home_win,away_win,0.5757,0.2443,0.18,0.5757,False,1448.6,1647.5,EPL
2025-05-25,Tottenham,Brighton,away_win,draw,0.3421,0.3243,0.3421,0.3337,False,1426.4,1575.3,EPL
2025-05-25,Ipswich,West Ham,away_win,draw,0.4318,0.2691,0.4318,0.299,False,1356.5,1448.9,EPL
2025-05-25,Fulham,Manchester City,away_win,away_win,0.5296,0.2904,0.18,0.5296,True,1532.5,1686.8,EPL
2025-05-25,Bournemouth,Leicester,home_win,home_win,0.4807,0.4807,0.3314,0.1879,True,1526.0,1348.3,EPL
2025-05-25,Liverpool,Crystal Palace,draw,home_win,0.5518,0.5518,0.2499,0.1982,False,1712.9,1574.1,EPL
2025-05-25,Wolves,Brentford,draw,draw,0.3995,0.2754,0.3995,0.3251,True,1474.9,1550.4,EPL
2023-08-19,Empoli,Hellas Verona,away_win,home_win,0.5296,0.5296,0.18,0.2904,False,1461.4,1407.0,Serie_A
2023-08-19,Frosinone,Napoli,away_win,home_win,0.3379,0.3379,0.3376,0.3245,False,1500.0,1668.0,Serie_A
2023-08-19,Genoa,Fiorentina,away_win,draw,0.4114,0.2926,0.4114,0.296,False,1500.0,1552.3,Serie_A
2023-08-19,Inter Milan,Monza,home_win,home_win,0.5546,0.5546,0.18,0.2654,True,1599.3,1521.2,Serie_A
2023-08-20,Roma,Salernitana,draw,draw,0.3734,0.3381,0.3734,0.2885,True,1531.1,1476.0,Serie_A
2023-08-20,Sassuolo,Atalanta,away_win,draw,0.3496,0.3357,0.3496,0.3147,False,1452.9,1541.4,Serie_A
2023-08-20,Lecce,Lazio,home_win,away_win,0.4371,0.245,0.3179,0.4371,False,1413.4,1611.7,Serie_A
2023-08-20,Udinese,Juventus,away_win,away_win,0.3582,0.3077,0.3342,0.3582,True,1435.5,1579.5,Serie_A
2023-08-21,Torino,Cagliari,draw,home_win,0.3777,0.3777,0.3251,0.2972,False,1515.1,1500.0,Serie_A
2023-08-21,Bologna,Milan,away_win,draw,0.3668,0.3487,0.3668,0.2846,False,1535.1,1583.9,Serie_A
2023-08-26,Hellas Verona,Roma,home_win,away_win,0.4542,0.3432,0.2026,0.4542,False,1427.7,1526.4,Serie_A
2023-08-26,Milan,Torino,home_win,home_win,0.4553,0.4553,0.2772,0.2675,True,1600.0,1512.1,Serie_A
2023-08-26,Monza,Empoli,home_win,home_win,0.3951,0.3951,0.3672,0.2378,True,1510.8,1440.7,Serie_A
2023-08-26,Frosinone,Atalanta,home_win,draw,0.3826,0.3441,0.3826,0.2733,False,1489.2,1555.7,Serie_A
2023-08-27,Fiorentina,Lecce,draw,home_win,0.5108,0.5108,0.3062,0.183,False,1568.2,1435.9,Serie_A
2023-08-27,Juventus,Bologna,draw,home_win,0.449,0.449,0.2562,0.2948,False,1591.2,1519.0,Serie_A
2023-08-27,Lazio,Genoa,away_win,home_win,0.4322,0.4322,0.2934,0.2744,False,1589.2,1484.1,Serie_A
2023-08-27,Napoli,Sassuolo,home_win,home_win,0.4728,0.4728,0.2727,0.2544,True,1678.8,1438.7,Serie_A
2023-08-28,Salernitana,Udinese,draw,home_win,0.3923,0.3923,0.3601,0.2476,False,1480.7,1423.7,Serie_A
2023-08-28,Cagliari,Inter Milan,away_win,away_win,0.4724,0.3409,0.1867,0.4724,True,1503.0,1609.6,Serie_A
2023-09-01,Sassuolo,Hellas Verona,home_win,home_win,0.4296,0.4296,0.2246,0.3458,True,1433.6,1445.9,Serie_A
2023-09-01,Roma,Milan,away_win,away_win,0.4225,0.3299,0.2475,0.4225,True,1508.1,1610.0,Serie_A
2023-09-02,Napoli,Lazio,away_win,home_win,0.4798,0.4798,0.259,0.2612,False,1683.9,1566.5,Serie_A
2023-09-02,Atalanta,Monza,home_win,home_win,0.4287,0.4287,0.2969,0.2743,True,1538.9,1521.5,Serie_A
2023-09-02,Udinese,Frosinone,draw,draw,0.4212,0.2657,0.4212,0.3131,True,1428.5,1506.0,Serie_A
2023-09-02,Bologna,Cagliari,home_win,home_win,0.4183,0.4183,0.2973,0.2844,True,1524.4,1489.5,Serie_A
2023-09-03,Inter Milan,Fiorentina,home_win,home_win,0.5384,0.5384,0.18,0.2816,True,1623.0,1560.5,Serie_A
2023-09-03,Torino,Genoa,home_win,draw,0.3904,0.3343,0.3904,0.2753,False,1502.2,1506.8,Serie_A
2023-09-03,Empoli,Juventus,away_win,away_win,0.4234,0.2848,0.2918,0.4234,True,1430.0,1585.8,Serie_A
2023-09-03,Lecce,Salernitana,home_win,draw,0.4787,0.2384,0.4787,0.2829,False,1443.6,1475.9,Serie_A
2023-09-16,Juventus,Lazio,home_win,home_win,0.4482,0.4482,0.2556,0.2961,True,1597.1,1589.7,Serie_A
2023-09-16,Inter Milan,Milan,home_win,home_win,0.4806,0.4806,0.18,0.3394,True,1634.0,1623.6,Serie_A
2023-09-16,Genoa,Napoli,draw,away_win,0.3618,0.3068,0.3314,0.3618,False,1492.9,1660.7,Serie_A
2023-09-17,Roma,Empoli,home_win,home_win,0.4282,0.4282,0.2949,0.277,True,1494.5,1418.8,Serie_A
2023-09-17,Fiorentina,Atalanta,home_win,home_win,0.4148,0.4148,0.2744,0.3108,True,1549.5,1551.9,Serie_A
2023-09-17,Monza,Lecce,draw,home_win,0.4057,0.4057,0.3652,0.2291,False,1508.6,1458.8,Serie_A
2023-09-17,Frosinone,Sassuolo,home_win,home_win,0.422,0.422,0.3241,0.2539,True,1504.7,1447.9,Serie_A
2023-09-17,Cagliari,Udinese,draw,home_win,0.4011,0.4011,0.3205,0.2784,False,1477.4,1429.7,Serie_A
2023-09-18,Salernitana,Torino,away_win,draw,0.4724,0.2846,0.4724,0.2431,False,1460.7,1516.1,Serie_A
2023-09-18,Hellas Verona,Bologna,draw,away_win,0.4685,0.3414,0.1901,0.4685,False,1431.7,1536.6,Serie_A
2023-09-22,Salernitana,Frosinone,draw,draw,0.4722,0.2509,0.4722,0.2769,True,1445.0,1516.0,Serie_A
2023-09-22,Lecce,Genoa,home_win,draw,0.4324,0.2617,0.4324,0.3059,False,1463.2,1498.1,Serie_A
2023-09-23,Milan,Hellas Verona,home_win,home_win,0.6447,0.6447,0.18,0.1753,True,1610.3,1434.2,Serie_A
2023-09-23,Sassuolo,Juventus,home_win,away_win,0.3595,0.3132,0.3273,0.3595,False,1436.6,1610.5,Serie_A
2023-09-23,Lazio,Monza,draw,home_win,0.415,0.415,0.3244,0.2606,False,1576.3,1504.1,Serie_A
2023-09-24,Torino,Roma,draw,home_win,0.4471,0.4471,0.2763,0.2767,False,1531.8,1505.0,Serie_A
2023-09-24,Bologna,Napoli,draw,home_win,0.3504,0.3504,0.3145,0.3351,False,1534.1,1655.5,Serie_A
2023-09-24,Empoli,Inter Milan,away_win,away_win,0.6133,0.2067,0.18,0.6133,True,1408.3,1647.3,Serie_A
2023-09-24,Atalanta,Cagliari,home_win,home_win,0.4468,0.4468,0.2776,0.2756,True,1538.0,1473.0,Serie_A
2023-09-24,Udinese,Fiorentina,away_win,draw,0.3641,0.2858,0.3641,0.3501,False,1434.1,1563.3,Serie_A
2023-09-26,Juventus,Lecce,home_win,home_win,0.5185,0.5185,0.2776,0.2039,True,1589.0,1478.5,Serie_A
2023-09-27,Cagliari,Milan,away_win,away_win,0.3607,0.3033,0.336,0.3607,True,1462.1,1617.2,Serie_A
2023-09-27,Empoli,Salernitana,home_win,draw,0.4922,0.242,0.4922,0.2659,False,1400.2,1445.9,Serie_A
2023-09-27,Hellas Verona,Atalanta,away_win,away_win,0.4933,0.3267,0.18,0.4933,True,1427.3,1548.9,Serie_A
2023-09-27,Inter Milan,Sassuolo,away_win,home_win,0.6608,0.6608,0.18,0.1592,False,1655.3,1458.1,Serie_A
2023-09-27,Lazio,Torino,home_win,home_win,0.4043,0.4043,0.3019,0.2938,True,1570.9,1528.3,Serie_A
2023-09-27,Napoli,Udinese,home_win,home_win,0.4834,0.4834,0.278,0.2386,True,1652.2,1421.7,Serie_A
2023-09-28,Genoa,Roma,home_win,home_win,0.4165,0.4165,0.2984,0.2851,True,1482.8,1508.4,Serie_A
2023-09-28,Frosinone,Fiorentina,draw,draw,0.4184,0.3171,0.4184,0.2646,True,1515.0,1575.7,Serie_A
2023-09-28,Monza,Bologna,draw,draw,0.4172,0.2936,0.4172,0.2892,True,1509.5,1537.3,Serie_A
2023-09-30,Lecce,Napoli,away_win,away_win,0.4517,0.253,0.2953,0.4517,True,1469.5,1657.5,Serie_A
2023-09-30,Milan,Lazio,home_win,home_win,0.4614,0.4614,0.2544,0.2842,True,1628.5,1582.7,Serie_A
2023-09-30,Salernitana,Inter Milan,away_win,away_win,0.5762,0.2438,0.18,0.5762,True,1430.1,1629.5,Serie_A
2023-10-01,Roma,Frosinone,home_win,away_win,0.3865,0.303,0.3105,0.3865,False,1493.6,1515.5,Serie_A
2023-10-01,Bologna,Empoli,home_win,home_win,0.4776,0.4776,0.3077,0.2147,True,1538.3,1416.0,Serie_A
2023-10-01,Udinese,Genoa,draw,draw,0.3976,0.3067,0.3976,0.2957,True,1416.4,1497.7,Serie_A
2023-10-01,Atalanta,Juventus,draw,home_win,0.3647,0.3647,0.3403,0.2949,False,1561.7,1598.1,Serie_A
2023-10-02,Torino,Hellas Verona,draw,home_win,0.5787,0.5787,0.18,0.2413,False,1516.5,1414.6,Serie_A
2023-10-02,Fiorentina,Cagliari,home_win,home_win,0.462,0.462,0.3042,0.2338,True,1575.2,1450.8,Serie_A
2023-10-02,Sassuolo,Monza,away_win,home_win,0.3706,0.3706,0.366,0.2635,False,1483.9,1508.5,Serie_A
2023-10-06,Empoli,Udinese,draw,draw,0.4159,0.2982,0.4159,0.2859,True,1407.4,1417.8,Serie_A
2023-10-06,Lecce,Sassuolo,draw,draw,0.4022,0.2745,0.4022,0.3233,True,1459.5,1466.7,Serie_A
2023-10-07,Inter Milan,Bologna,draw,home_win,0.5689,0.5689,0.18,0.2511,False,1639.1,1547.0,Serie_A
2023-10-07,Juventus,Torino,home_win,home_win,0.4622,0.4622,0.2766,0.2612,True,1598.7,1509.9,Serie_A
2023-10-07,Genoa,Milan,away_win,away_win,0.3616,0.3086,0.3298,0.3616,True,1496.3,1640.2,Serie_A
2023-10-08,Napoli,Fiorentina,away_win,home_win,0.4219,0.4219,0.2655,0.3126,False,1667.5,1583.8,Serie_A
2023-10-08,Monza,Salernitana,home_win,draw,0.3924,0.3722,0.3924,0.2354,False,1525.7,1420.6,Serie_A
2023-10-08,Frosinone,Hellas Verona,home_win,home_win,0.5562,0.5562,0.18,0.2638,True,1500.8,1421.2,Serie_A
2023-10-08,Lazio,Atalanta,home_win,home_win,0.3584,0.3584,0.3195,0.3221,True,1571.0,1561.0,Serie_A
2023-10-08,Cagliari,Roma,away_win,home_win,0.392,0.392,0.3117,0.2963,False,1442.2,1508.3,Serie_A
2023-10-21,Sassuolo,Lazio,away_win,draw,0.345,0.3448,0.345,0.3102,False,1468.7,1584.3,Serie_A
2023-10-21,Hellas Verona,Napoli,away_win,away_win,0.6096,0.2104,0.18,0.6096,True,1410.9,1645.6,Serie_A
2023-10-21,Torino,Inter Milan,away_win,away_win,0.506,0.314,0.18,0.506,True,1500.0,1632.9,Serie_A
2023-10-22,Roma,Monza,home_win,draw,0.3824,0.3279,0.3824,0.2897,False,1523.5,1535.0,Serie_A
2023-10-22,Bologna,Frosinone,home_win,draw,0.3693,0.3481,0.3693,0.2827,False,1553.2,1511.1,Serie_A
2023-10-22,Salernitana,Cagliari,draw,draw,0.4457,0.3102,0.4457,0.2441,True,1411.3,1427.0,Serie_A
2023-10-22,Atalanta,Genoa,home_win,home_win,0.4546,0.4546,0.2703,0.2751,True,1547.8,1484.5,Serie_A
2023-10-22,Milan,Juventus,away_win,home_win,0.4448,0.4448,0.2383,0.3169,False,1652.0,1608.7,Serie_A
2023-10-23,Udinese,Lecce,draw,home_win,0.3825,0.3825,0.3695,0.2481,False,1419.7,1457.5,Serie_A
2023-10-23,Fiorentina,Empoli,away_win,home_win,0.5073,0.5073,0.3143,0.1783,False,1605.7,1405.6,Serie_A
2023-10-27,Genoa,Salernitana,home_win,home_win,0.3807,0.3807,0.3559,0.2634,True,1473.5,1409.7,Serie_A
2023-10-28,Lecce,Torino,away_win,draw,0.4387,0.2664,0.4387,0.2948,False,1458.1,1487.7,Serie_A
2023-10-28,Juventus,Hellas Verona,home_win,home_win,0.6811,0.6811,0.18,0.1389,True,1628.9,1402.6,Serie_A
2023-10-28,Sassuolo,Bologna,draw,draw,0.3498,0.3225,0.3498,0.3277,True,1455.7,1565.1,Serie_A
2023-10-29,Cagliari,Frosinone,home_win,draw,0.4298,0.262,0.4298,0.3082,False,1428.5,1499.2,Serie_A
2023-10-29,Monza,Udinese,draw,home_win,0.3971,0.3971,0.3471,0.2558,False,1520.7,1419.1,Serie_A
2023-10-29,Inter Milan,Roma,home_win,home_win,0.5839,0.5839,0.18,0.2361,True,1645.1,1537.8,Serie_A
2023-10-29,Napoli,Milan,draw,home_win,0.4273,0.4273,0.2408,0.3319,False,1653.8,1631.8,Serie_A
2023-10-30,Empoli,Atalanta,away_win,away_win,0.4144,0.2925,0.2931,0.4144,True,1431.4,1558.7,Serie_A
2023-10-30,Lazio,Fiorentina,home_win,home_win,0.3449,0.3449,0.3442,0.3109,True,1597.3,1579.8,Serie_A
2023-11-03,Bologna,Lazio,home_win,home_win,0.385,0.385,0.3243,0.2907,True,1562.4,1610.2,Serie_A
2023-11-04,Salernitana,Napoli,away_win,away_win,0.4033,0.2856,0.3111,0.4033,True,1398.8,1650.6,Serie_A
2023-11-04,Atalanta,Inter Milan,away_win,away_win,0.3866,0.3196,0.2938,0.3866,True,1571.2,1654.3,Serie_A
2023-11-04,Milan,Udinese,away_win,home_win,0.4892,0.4892,0.2748,0.236,False,1635.0,1425.7,Serie_A
2023-11-05,Fiorentina,Juventus,away_win,draw,0.3588,0.3451,0.3588,0.2961,False,1566.9,1634.3,Serie_A
2023-11-05,Roma,Lecce,home_win,home_win,0.4645,0.4645,0.2927,0.2427,True,1528.6,1441.2,Serie_A
2023-11-05,Hellas Verona,Monza,away_win,away_win,0.488,0.332,0.18,0.488,True,1397.2,1514.1,Serie_A
2023-11-05,Cagliari,Genoa,home_win,draw,0.4189,0.3112,0.4189,0.2698,False,1445.5,1484.5,Serie_A
2023-11-06,Frosinone,Empoli,home_win,home_win,0.4474,0.4474,0.3388,0.2138,True,1482.3,1418.9,Serie_A
2023-11-06,Torino,Sassuolo,home_win,home_win,0.382,0.382,0.3169,0.3011,True,1504.7,1458.4,Serie_A
2023-11-10,Sassuolo,Salernitana,draw,home_win,0.3925,0.3925,0.3546,0.253,False,1446.7,1391.2,Serie_A
2023-11-10,Genoa,Hellas Verona,home_win,home_win,0.5614,0.5614,0.18,0.2586,True,1469.0,1384.3,Serie_A
2023-11-11,Lecce,Milan,draw,away_win,0.4595,0.2504,0.2901,0.4595,False,1431.2,1608.9,Serie_A
2023-11-11,Juventus,Cagliari,home_win,home_win,0.492,0.492,0.2765,0.2315,True,1649.5,1461.0,Serie_A
2023-11-11,Monza,Torino,draw,draw,0.4117,0.3273,0.4117,0.261,True,1527.1,1516.4,Serie_A
2023-11-12,Inter Milan,Frosinone,home_win,home_win,0.6442,0.6442,0.18,0.1758,True,1668.8,1493.2,Serie_A
2023-11-12,Lazio,Roma,draw,home_win,0.4663,0.4663,0.2568,0.2769,False,1594.3,1538.5,Serie_A
2023-11-12,Napoli,Empoli,away_win,home_win,0.5152,0.5152,0.2922,0.1925,False,1658.2,1408.0,Serie_A
2023-11-12,Fiorentina,Bologna,home_win,draw,0.3746,0.3464,0.3746,0.279,False,1551.7,1578.3,Serie_A
2023-11-12,Udinese,Atalanta,draw,away_win,0.3425,0.3164,0.3411,0.3425,False,1451.8,1556.8,Serie_A
2023-11-25,Salernitana,Lazio,home_win,draw,0.3935,0.2711,0.3935,0.3354,False,1395.9,1589.6,Serie_A
2023-11-25,Atalanta,Napoli,away_win,home_win,0.3721,0.3721,0.3273,0.3006,False,1554.2,1631.0,Serie_A
2023-11-25,Milan,Fiorentina,home_win,home_win,0.4119,0.4119,0.2631,0.3251,True,1603.3,1566.6,Serie_A
2023-11-26,Cagliari,Monza,draw,draw,0.4434,0.2934,0.4434,0.2632,True,1454.5,1524.3,Serie_A
2023-11-26,Empoli,Sassuolo,away_win,draw,0.4055,0.2947,0.4055,0.2998,False,1435.2,1442.0,Serie_A
2023-11-26,Frosinone,Genoa,home_win,home_win,0.4155,0.4155,0.322,0.2625,True,1486.4,1479.1,Serie_A
2023-11-26,Roma,Udinese,home_win,home_win,0.4077,0.4077,0.2764,0.3159,True,1543.3,1454.3,Serie_A
2023-11-26,Juventus,Inter Milan,draw,home_win,0.3807,0.3807,0.2994,0.3198,False,1655.9,1675.7,Serie_A
2023-11-27,Bologna,Torino,home_win,home_win,0.4317,0.4317,0.2974,0.2709,True,1563.3,1519.1,Serie_A
2023-11-27,Hellas Verona,Lecce,draw,away_win,0.3447,0.3205,0.3347,0.3447,False,1374.2,1436.8,Serie_A
2023-12-01,Monza,Juventus,away_win,away_win,0.3968,0.303,0.3002,0.3968,True,1523.4,1654.6,Serie_A
2023-12-02,Genoa,Empoli,draw,home_win,0.4208,0.4208,0.3286,0.2507,False,1465.7,1417.2,Serie_A
2023-12-02,Lazio,Cagliari,home_win,home_win,0.4282,0.4282,0.3005,0.2713,True,1567.3,1455.4,Serie_A
2023-12-02,Milan,Frosinone,home_win,home_win,0.4142,0.4142,0.2856,0.3002,True,1615.4,1499.7,Serie_A
2023-12-03,Lecce,Bologna,draw,away_win,0.4345,0.2543,0.3112,0.4345,False,1436.2,1575.1,Serie_A
2023-12-03,Fiorentina,Salernitana,home_win,home_win,0.4313,0.4313,0.345,0.2237,True,1554.5,1418.2,Serie_A
2023-12-03,Udinese,Hellas Verona,draw,home_win,0.5458,0.5458,0.18,0.2742,False,1444.4,1374.8,Serie_A
2023-12-03,Sassuolo,Roma,away_win,home_win,0.419,0.419,0.2735,0.3075,False,1460.0,1553.2,Serie_A
2023-12-03,Napoli,Inter Milan,away_win,home_win,0.357,0.357,0.3225,0.3205,False,1645.8,1677.1,Serie_A
2023-12-04,Torino,Atalanta,home_win,draw,0.3787,0.318,0.3787,0.3033,False,1507.4,1539.5,Serie_A
2023-12-08,Juventus,Napoli,home_win,home_win,0.4714,0.4714,0.2373,0.2912,True,1666.9,1628.9,Serie_A
2023-12-09,Hellas Verona,Lazio,draw,away_win,0.5731,0.2469,0.18,0.5731,False,1380.1,1576.4,Serie_A
2023-12-09,Atalanta,Milan,home_win,home_win,0.3598,0.3598,0.3062,0.334,True,1524.3,1624.3,Serie_A
2023-12-09,Inter Milan,Udinese,home_win,home_win,0.6991,0.6991,0.18,0.1209,True,1693.9,1439.1,Serie_A
2023-12-10,Frosinone,Torino,draw,home_win,0.3746,0.3746,0.3655,0.2598,False,1490.8,1522.5,Serie_A
2023-12-10,Monza,Genoa,home_win,home_win,0.381,0.381,0.3418,0.2772,True,1511.1,1461.3,Serie_A
2023-12-10,Salernitana,Bologna,away_win,draw,0.3957,0.2663,0.3957,0.338,False,1410.0,1571.1,Serie_A
2023-12-10,Roma,Fiorentina,draw,away_win,0.3453,0.3274,0.3273,0.3453,False,1567.2,1562.7,Serie_A
2023-12-11,Empoli,Lecce,draw,draw,0.3834,0.3558,0.3834,0.2608,True,1421.6,1440.2,Serie_A
2023-12-11,Cagliari,Sassuolo,home_win,draw,0.3842,0.3305,0.3842,0.2853,False,1446.4,1446.0,Serie_A
2023-12-15,Genoa,Juventus,draw,away_win,0.439,0.2904,0.2706,0.439,False,1449.7,1678.9,Serie_A
2023-12-16,Lecce,Frosinone,home_win,draw,0.3953,0.2471,0.3953,0.3576,False,1441.7,1490.0,Serie_A
2023-12-16,Napoli,Cagliari,home_win,home_win,0.4618,0.4618,0.2803,0.2579,True,1616.9,1460.1,Serie_A
2023-12-16,Torino,Empoli,home_win,home_win,0.4344,0.4344,0.3397,0.2259,True,1523.4,1420.2,Serie_A
2023-12-17,Milan,Monza,home_win,home_win,0.4503,0.4503,0.297,0.2527,True,1606.0,1522.6,Serie_A
2023-12-17,Fiorentina,Hellas Verona,home_win,home_win,0.6467,0.6467,0.18,0.1733,True,1565.2,1386.4,Serie_A
2023-12-17,Udinese,Sassuolo,draw,draw,0.3801,0.3367,0.3801,0.2833,True,1434.4,1432.3,Serie_A
2023-12-17,Bologna,Roma,home_win,home_win,0.4828,0.4828,0.2477,0.2695,True,1582.1,1564.7,Serie_A
2023-12-17,Lazio,Inter Milan,away_win,away_win,0.5012,0.3188,0.18,0.5012,True,1570.0,1698.6,Serie_A
2023-12-18,Atalanta,Salernitana,home_win,home_win,0.4464,0.4464,0.3145,0.2391,True,1542.6,1398.9,Serie_A
2023-12-22,Salernitana,Milan,draw,away_win,0.4011,0.2893,0.3095,0.4011,False,1391.0,1616.1,Serie_A
2023-12-22,Monza,Fiorentina,away_win,draw,0.4368,0.2653,0.4368,0.298,False,1512.5,1571.9,Serie_A
2023-12-22,Empoli,Lazio,away_win,away_win,0.3869,0.2965,0.3166,0.3869,True,1410.8,1557.6,Serie_A
2023-12-22,Sassuolo,Genoa,away_win,home_win,0.3816,0.3816,0.3336,0.2848,False,1434.6,1457.3,Serie_A
2023-12-23,Frosinone,Juventus,away_win,away_win,0.3489,0.3113,0.3398,0.3489,True,1474.1,1671.3,Serie_A
2023-12-23,Bologna,Atalanta,home_win,home_win,0.4399,0.4399,0.2575,0.3026,True,1595.1,1550.5,Serie_A
2023-12-23,Torino,Udinese,draw,home_win,0.4169,0.4169,0.3225,0.2606,False,1532.7,1432.0,Serie_A
2023-12-23,Inter Milan,Lecce,home_win,home_win,0.6983,0.6983,0.18,0.1217,True,1711.1,1457.6,Serie_A
2023-12-23,Hellas Verona,Cagliari,home_win,away_win,0.3656,0.3203,0.3141,0.3656,False,1379.7,1452.6,Serie_A
2023-12-23,Roma,Napoli,home_win,away_win,0.3471,0.3159,0.337,0.3471,False,1551.8,1624.4,Serie_A
2023-12-29,Lazio,Frosinone,home_win,home_win,0.3887,0.3887,0.3076,0.3037,True,1569.2,1464.5,Serie_A
2023-12-29,Genoa,Inter Milan,draw,away_win,0.6154,0.2046,0.18,0.6154,False,1474.6,1715.8,Serie_A
2023-12-29,Napoli,Monza,draw,home_win,0.4503,0.4503,0.3018,0.2479,False,1607.3,1496.9,Serie_A
2023-12-29,Fiorentina,Torino,home_win,home_win,0.442,0.442,0.304,0.254,True,1587.5,1526.2,Serie_A
2023-12-30,Atalanta,Lecce,home_win,home_win,0.5125,0.5125,0.2771,0.2104,True,1538.7,1452.8,Serie_A
2023-12-30,Cagliari,Empoli,draw,home_win,0.4121,0.4121,0.3362,0.2518,False,1435.6,1399.1,Serie_A
2023-12-30,Udinese,Bologna,home_win,away_win,0.3989,0.3053,0.2958,0.3989,False,1438.5,1606.8,Serie_A
2023-12-30,Milan,Sassuolo,home_win,home_win,0.4695,0.4695,0.2704,0.2601,True,1608.7,1417.4,Serie_A
2023-12-30,Hellas Verona,Salernitana,away_win,home_win,0.4532,0.4532,0.2035,0.3433,False,1396.7,1398.5,Serie_A
2023-12-30,Juventus,Roma,home_win,home_win,0.538,0.538,0.2307,0.2313,True,1680.9,1568.8,Serie_A
2024-01-05,Bologna,Genoa,draw,home_win,0.4588,0.4588,0.2897,0.2516,False,1585.6,1482.6,Serie_A
2024-01-06,Frosinone,Monza,away_win,draw,0.4046,0.3474,0.4046,0.248,False,1455.2,1503.8,Serie_A
2024-01-06,Lecce,Cagliari,draw,draw,0.3997,0.2996,0.3997,0.3007,True,1442.8,1431.7,Serie_A
2024-01-06,Inter Milan,Hellas Verona,home_win,home_win,0.737,0.737,0.18,0.083,True,1707.8,1378.5,Serie_A
2024-01-06,Sassuolo,Fiorentina,home_win,away_win,0.4005,0.3015,0.298,0.4005,False,1411.0,1598.5,Serie_A
2024-01-07,Salernitana,Juventus,away_win,away_win,0.4244,0.2648,0.3107,0.4244,True,1416.7,1690.0,Serie_A
2024-01-07,Udinese,Lazio,away_win,draw,0.3537,0.3251,0.3537,0.3212,False,1459.8,1578.5,Serie_A
2024-01-07,Roma,Atalanta,draw,away_win,0.3529,0.3469,0.3002,0.3529,False,1559.8,1548.8,Serie_A
2024-01-07,Empoli,Milan,away_win,away_win,0.4434,0.2647,0.2919,0.4434,True,1403.0,1615.1,Serie_A
2024-01-07,Torino,Napoli,home_win,draw,0.3627,0.3231,0.3627,0.3142,False,1515.2,1600.4,Serie_A
2024-01-13,Genoa,Torino,draw,draw,0.4244,0.3084,0.4244,0.2673,True,1489.2,1532.8,Serie_A
2024-01-13,Napoli,Salernitana,home_win,home_win,0.4383,0.4383,0.3156,0.2461,True,1582.8,1409.8,Serie_A
2024-01-13,Hellas Verona,Empoli,home_win,home_win,0.3828,0.3828,0.2974,0.3197,True,1375.3,1394.0,Serie_A
2024-01-13,Monza,Inter Milan,away_win,away_win,0.568,0.252,0.18,0.568,True,1519.9,1711.1,Serie_A
2024-01-14,Lazio,Lecce,home_win,home_win,0.4913,0.4913,0.3109,0.1978,True,1591.4,1440.0,Serie_A
2024-01-14,Cagliari,Bologna,home_win,draw,0.3586,0.2847,0.3586,0.3567,False,1434.5,1579.0,Serie_A
2024-01-14,Fiorentina,Udinese,draw,home_win,0.4618,0.4618,0.3022,0.2359,False,1576.5,1446.9,Serie_A
2024-01-14,Milan,Roma,home_win,home_win,0.5091,0.5091,0.2325,0.2583,True,1624.1,1557.0,Serie_A
2024-01-15,Atalanta,Frosinone,home_win,home_win,0.4234,0.4234,0.2891,0.2875,True,1551.6,1439.1,Serie_A
2024-01-16,Juventus,Sassuolo,home_win,home_win,0.4975,0.4975,0.2708,0.2317,True,1696.9,1433.0,Serie_A
2024-01-20,Udinese,Milan,away_win,away_win,0.3688,0.2981,0.3331,0.3688,True,1454.5,1634.9,Serie_A
2024-01-20,Roma,Hellas Verona,home_win,home_win,0.6284,0.6284,0.18,0.1916,True,1546.2,1389.8,Serie_A
2024-01-21,Frosinone,Cagliari,home_win,home_win,0.3742,0.3742,0.3599,0.2659,True,1430.1,1454.7,Serie_A
2024-01-21,Empoli,Monza,home_win,draw,0.4285,0.2517,0.4285,0.3198,False,1379.4,1510.0,Serie_A
2024-01-21,Salernitana,Genoa,away_win,draw,0.4351,0.2869,0.4351,0.2779,False,1402.8,1488.9,Serie_A
2024-01-21,Lecce,Juventus,away_win,away_win,0.5037,0.2073,0.2891,0.5037,True,1432.4,1701.4,Serie_A
2024-01-26,Cagliari,Torino,away_win,draw,0.3987,0.3005,0.3987,0.3008,False,1439.9,1533.1,Serie_A
2024-01-27,Atalanta,Udinese,home_win,home_win,0.4669,0.4669,0.2758,0.2573,True,1560.6,1444.2,Serie_A
2024-01-27,Juventus,Empoli,draw,home_win,0.5485,0.5485,0.2858,0.1657,False,1708.5,1399.1,Serie_A
2024-01-27,Milan,Bologna,draw,home_win,0.4483,0.4483,0.2563,0.2954,False,1645.2,1558.7,Serie_A
2024-01-28,Fiorentina,Inter Milan,away_win,away_win,0.527,0.293,0.18,0.527,True,1568.9,1720.9,Serie_A
2024-01-28,Lazio,Napoli,draw,home_win,0.4151,0.4151,0.2607,0.3242,False,1599.1,1589.7,Serie_A
2024-01-28,Genoa,Lecce,home_win,home_win,0.461,0.461,0.3233,0.2157,True,1503.3,1425.3,Serie_A
2024-01-28,Monza,Sassuolo,home_win,home_win,0.3713,0.3713,0.3405,0.2882,True,1490.4,1428.5,Serie_A
2024-01-28,Hellas Verona,Frosinone,draw,away_win,0.3446,0.3205,0.3349,0.3446,False,1382.4,1444.9,Serie_A
2024-01-29,Salernitana,Roma,away_win,draw,0.3653,0.3147,0.3653,0.32,False,1388.5,1553.7,Serie_A
2024-02-02,Lecce,Fiorentina,home_win,away_win,0.4369,0.2451,0.318,0.4369,False,1414.9,1557.5,Serie_A
2024-02-03,Empoli,Genoa,draw,draw,0.3998,0.2687,0.3998,0.3315,True,1411.5,1513.6,Serie_A
2024-02-03,Udinese,Monza,draw,draw,0.4432,0.2983,0.4432,0.2586,True,1435.4,1501.4,Serie_A
2024-02-03,Frosinone,Milan,away_win,away_win,0.3436,0.3188,0.3377,0.3436,True,1444.3,1639.2,Serie_A
2024-02-03,Bologna,Sassuolo,home_win,home_win,0.4546,0.4546,0.2914,0.254,True,1564.7,1417.5,Serie_A
2024-02-04,Inter Milan,Juventus,home_win,home_win,0.5098,0.5098,0.18,0.3102,True,1732.3,1696.1,Serie_A
2024-02-04,Atalanta,Lazio,home_win,home_win,0.4206,0.4206,0.2867,0.2928,True,1569.5,1596.3,Serie_A
2024-02-04,Napoli,Hellas Verona,home_win,home_win,0.6697,0.6697,0.18,0.1503,True,1592.4,1382.9,Serie_A
2024-02-04,Torino,Salernitana,draw,home_win,0.4165,0.4165,0.3661,0.2173,False,1547.1,1377.6,Serie_A
2024-02-05,Roma,Cagliari,home_win,home_win,0.4323,0.4323,0.2792,0.2885,True,1564.6,1425.8,Serie_A
2024-02-09,Salernitana,Empoli,away_win,draw,0.4104,0.341,0.4104,0.2486,False,1386.5,1413.9,Serie_A
2024-02-10,Cagliari,Lazio,away_win,draw,0.3571,0.2991,0.3571,0.3438,False,1417.8,1581.4,Serie_A
2024-02-10,Roma,Inter Milan,away_win,away_win,0.5481,0.2719,0.18,0.5481,True,1572.6,1744.4,Serie_A
2024-02-10,Sassuolo,Torino,draw,draw,0.3722,0.3115,0.3722,0.3162,True,1409.7,1538.2,Serie_A
2024-02-11,Genoa,Atalanta,away_win,draw,0.3659,0.3126,0.3659,0.3215,False,1511.2,1584.4,Serie_A
2024-02-11,Monza,Hellas Verona,draw,home_win,0.5994,0.5994,0.18,0.2206,False,1500.7,1377.1,Serie_A
2024-02-11,Milan,Napoli,home_win,home_win,0.4693,0.4693,0.2384,0.2923,True,1648.9,1598.3,Serie_A
2024-02-11,Fiorentina,Frosinone,home_win,home_win,0.4123,0.4123,0.3178,0.2699,True,1537.3,1434.7,Serie_A
2024-02-11,Bologna,Lecce,home_win,home_win,0.5133,0.5133,0.3001,0.1866,True,1572.5,1435.1,Serie_A
2024-02-12,Juventus,Udinese,away_win,home_win,0.5071,0.5071,0.2746,0.2183,False,1684.0,1436.1,Serie_A
2024-02-14,Bologna,Fiorentina,home_win,home_win,0.4121,0.4121,0.2831,0.3048,True,1580.6,1546.7,Serie_A
2024-02-16,Torino,Lecce,home_win,home_win,0.4607,0.4607,0.3356,0.2037,True,1534.6,1427.0,Serie_A
2024-02-16,Inter Milan,Salernitana,home_win,home_win,0.7582,0.7582,0.18,0.0618,True,1755.0,1369.5,Serie_A
2024-02-17,Napoli,Genoa,draw,home_win,0.4415,0.4415,0.2735,0.2849,False,1586.8,1496.3,Serie_A
2024-02-17,Hellas Verona,Juventus,draw,away_win,0.6416,0.1784,0.18,0.6416,False,1384.5,1656.8,Serie_A
2024-02-17,Atalanta,Sassuolo,home_win,home_win,0.4801,0.4801,0.2725,0.2475,True,1599.3,1413.3,Serie_A
2024-02-18,Monza,Milan,home_win,away_win,0.409,0.2911,0.2999,0.409,False,1493.3,1660.4,Serie_A
2024-02-18,Udinese,Cagliari,draw,home_win,0.4125,0.4125,0.3198,0.2676,False,1463.2,1406.8,Serie_A
2024-02-18,Frosinone,Roma,away_win,home_win,0.4091,0.4091,0.2685,0.3224,False,1425.3,1562.0,Serie_A
2024-02-18,Lazio,Bologna,away_win,draw,0.3468,0.3412,0.3468,0.312,False,1592.4,1592.8,Serie_A
2024-02-18,Empoli,Fiorentina,draw,away_win,0.3869,0.2858,0.3273,0.3869,False,1430.9,1534.5,Serie_A
2024-02-22,Torino,Lazio,away_win,draw,0.3965,0.3327,0.3965,0.2708,False,1543.8,1574.1,Serie_A
2024-02-23,Bologna,Hellas Verona,home_win,home_win,0.6753,0.6753,0.18,0.1447,True,1611.1,1393.5,Serie_A
2024-02-24,Sassuolo,Empoli,away_win,home_win,0.3845,0.3845,0.3559,0.2596,False,1406.7,1433.4,Serie_A
2024-02-24,Salernitana,Monza,away_win,draw,0.4486,0.2552,0.4486,0.2961,False,1367.1,1514.5,Serie_A
2024-02-24,Genoa,Udinese,home_win,home_win,0.4005,0.4005,0.313,0.2865,True,1502.4,1458.5,Serie_A
2024-02-25,Lecce,Inter Milan,away_win,away_win,0.6898,0.1302,0.18,0.6898,True,1417.8,1757.4,Serie_A
2024-02-25,Juventus,Frosinone,home_win,home_win,0.4623,0.4623,0.2866,0.2511,True,1647.8,1413.2,Serie_A
2024-02-25,Cagliari,Napoli,draw,away_win,0.357,0.3055,0.3375,0.357,False,1411.6,1580.7,Serie_A
2024-02-25,Milan,Atalanta,draw,home_win,0.4304,0.4304,0.2401,0.3295,False,1639.2,1605.9,Serie_A
2024-02-26,Fiorentina,Lazio,home_win,home_win,0.3859,0.3859,0.3236,0.2905,True,1532.0,1591.0,Serie_A
2024-02-26,Roma,Torino,home_win,home_win,0.4004,0.4004,0.2814,0.3182,True,1574.1,1526.9,Serie_A
2024-02-28,Sassuolo,Napoli,away_win,away_win,0.3501,0.3239,0.3261,0.3501,True,1389.6,1575.4,Serie_A
2024-02-28,Inter Milan,Atalanta,home_win,home_win,0.6255,0.6255,0.18,0.1945,True,1762.5,1609.6,Serie_A
2024-03-01,Lazio,Milan,away_win,draw,0.3621,0.3168,0.3621,0.3212,False,1574.6,1635.4,Serie_A
2024-03-02,Udinese,Salernitana,draw,home_win,0.3958,0.3958,0.3613,0.2429,False,1446.7,1355.5,Serie_A
2024-03-02,Monza,Roma,away_win,draw,0.4057,0.3203,0.4057,0.274,False,1526.1,1585.7,Serie_A
2024-03-02,Torino,Fiorentina,draw,draw,0.4071,0.298,0.4071,0.2949,True,1515.3,1548.4,Serie_A
2024-03-03,Hellas Verona,Sassuolo,home_win,home_win,0.4761,0.4761,0.1835,0.3404,True,1387.9,1379.6,Serie_A
2024-03-03,Empoli,Cagliari,away_win,draw,0.4006,0.3303,0.4006,0.269,False,1450.4,1416.9,Serie_A
2024-03-03,Frosinone,Lecce,draw,home_win,0.4307,0.4307,0.343,0.2263,False,1408.0,1412.7,Serie_A
2024-03-03,Atalanta,Bologna,away_win,home_win,0.3665,0.3665,0.3395,0.294,False,1602.0,1616.7,Serie_A
2024-03-03,Napoli,Juventus,home_win,draw,0.3394,0.3245,0.3394,0.3361,False,1585.4,1653.0,Serie_A
2024-03-04,Inter Milan,Genoa,home_win,home_win,0.6997,0.6997,0.18,0.1203,True,1770.1,1514.2,Serie_A
2024-03-08,Napoli,Torino,draw,home_win,0.4425,0.4425,0.2812,0.2763,False,1602.3,1514.5,Serie_A
2024-03-09,Cagliari,Salernitana,home_win,home_win,0.3841,0.3841,0.3644,0.2515,True,1436.6,1361.6,Serie_A
2024-03-09,Sassuolo,Frosinone,home_win,draw,0.4317,0.2871,0.4317,0.2812,False,1366.3,1405.9,Serie_A
2024-03-09,Bologna,Inter Milan,away_win,away_win,0.5144,0.3056,0.18,0.5144,True,1634.3,1774.8,Serie_A
2024-03-09,Genoa,Monza,away_win,home_win,0.3754,0.3754,0.3493,0.2753,False,1509.5,1510.6,Serie_A
2024-03-10,Lecce,Hellas Verona,away_win,home_win,0.4842,0.4842,0.18,0.3358,False,1414.8,1401.2,Serie_A
2024-03-10,Milan,Empoli,home_win,home_win,0.5194,0.5194,0.287,0.1937,True,1650.9,1430.7,Serie_A
2024-03-10,Juventus,Atalanta,draw,home_win,0.4476,0.4476,0.24,0.3124,False,1636.2,1584.4,Serie_A
2024-03-10,Fiorentina,Roma,draw,home_win,0.4239,0.4239,0.304,0.2721,False,1549.2,1601.3,Serie_A
2024-03-11,Lazio,Udinese,away_win,home_win,0.4284,0.4284,0.2979,0.2736,False,1559.1,1440.5,Serie_A
2024-03-15,Empoli,Bologna,away_win,away_win,0.4343,0.2518,0.3139,0.4343,True,1425.1,1622.4,Serie_A
2024-03-16,Frosinone,Lazio,away_win,draw,0.3581,0.3346,0.3581,0.3073,False,1390.4,1535.9,Serie_A
2024-03-16,Salernitana,Lecce,away_win,draw,0.4211,0.3448,0.4211,0.2341,False,1351.2,1395.9,Serie_A
2024-03-16,Monza,Cagliari,home_win,home_win,0.3896,0.3896,0.3501,0.2604,True,1528.8,1447.1,Serie_A
2024-03-16,Udinese,Torino,away_win,draw,0.4282,0.3061,0.4282,0.2658,False,1463.7,1520.5,Serie_A
2024-03-17,Juventus,Genoa,draw,home_win,0.4825,0.4825,0.2695,0.248,False,1631.6,1491.3,Serie_A
2024-03-17,Hellas Verona,Milan,away_win,away_win,0.611,0.209,0.18,0.611,True,1420.1,1656.5,Serie_A
2024-03-17,Roma,Sassuolo,home_win,home_win,0.4446,0.4446,0.2693,0.2861,True,1601.2,1381.8,Serie_A
2024-03-17,Inter Milan,Napoli,draw,home_win,0.6558,0.6558,0.18,0.1642,False,1786.7,1596.2,Serie_A
2024-03-30,Napoli,Atalanta,away_win,home_win,0.3752,0.3752,0.3027,0.3221,False,1605.8,1589.0,Serie_A
2024-03-30,Genoa,Frosinone,draw,home_win,0.4017,0.4017,0.326,0.2722,False,1499.3,1378.7,Serie_A
2024-03-30,Torino,Monza,home_win,home_win,0.3625,0.3625,0.3618,0.2757,True,1536.2,1539.0,Serie_A
2024-03-30,Lazio,Juventus,home_win,draw,0.3486,0.31,0.3486,0.3414,False,1547.6,1623.7,Serie_A
2024-03-30,Fiorentina,Milan,away_win,home_win,0.3476,0.3476,0.319,0.3334,False,1549.3,1664.6,Serie_A
2024-04-01,Inter Milan,Empoli,home_win,home_win,0.7499,0.7499,0.18,0.0701,True,1777.1,1415.5,Serie_A
2024-04-01,Lecce,Roma,draw,away_win,0.4329,0.2695,0.2976,0.4329,False,1412.1,1606.8,Serie_A
2024-04-01,Bologna,Salernitana,home_win,home_win,0.4805,0.4805,0.3366,0.1829,True,1632.0,1334.9,Serie_A
2024-04-01,Cagliari,Hellas Verona,draw,home_win,0.4971,0.4971,0.18,0.3229,False,1436.9,1411.9,Serie_A
2024-04-01,Sassuolo,Udinese,draw,draw,0.4048,0.313,0.4048,0.2822,True,1376.2,1448.0,Serie_A
2024-04-05,Salernitana,Sassuolo,draw,draw,0.4658,0.2759,0.4658,0.2583,True,1331.1,1377.2,Serie_A
2024-04-06,Empoli,Torino,home_win,away_win,0.3767,0.2806,0.3427,0.3767,False,1412.8,1550.0,Serie_A
2024-04-06,Milan,Lecce,home_win,home_win,0.5637,0.5637,0.2796,0.1567,True,1677.7,1418.4,Serie_A
2024-04-06,Roma,Lazio,home_win,home_win,0.4151,0.4151,0.2605,0.3244,True,1600.5,1564.8,Serie_A
2024-04-07,Cagliari,Atalanta,home_win,away_win,0.414,0.3068,0.2792,0.414,False,1433.5,1608.0,Serie_A
2024-04-07,Juventus,Fiorentina,home_win,home_win,0.435,0.435,0.2633,0.3018,True,1606.5,1536.3,Serie_A
2024-04-07,Frosinone,Bologna,draw,away_win,0.4015,0.2945,0.304,0.4015,False,1385.9,1635.8,Serie_A
2024-04-07,Monza,Napoli,away_win,draw,0.4065,0.3009,0.4065,0.2927,False,1525.2,1586.8,Serie_A
2024-04-07,Hellas Verona,Genoa,away_win,away_win,0.3732,0.3201,0.3067,0.3732,True,1415.3,1492.0,Serie_A
2024-04-08,Udinese,Inter Milan,away_win,away_win,0.6855,0.1345,0.18,0.6855,True,1447.0,1779.9,Serie_A
2024-04-12,Lazio,Salernitana,home_win,home_win,0.4403,0.4403,0.3383,0.2215,True,1552.7,1330.9,Serie_A
2024-04-13,Lecce,Empoli,home_win,draw,0.4478,0.2813,0.4478,0.2709,False,1413.8,1432.7,Serie_A
2024-04-13,Torino,Juventus,draw,draw,0.3596,0.3089,0.3596,0.3316,True,1530.1,1617.1,Serie_A
2024-04-13,Bologna,Monza,draw,home_win,0.4596,0.4596,0.3188,0.2216,False,1627.5,1509.7,Serie_A
2024-04-14,Napoli,Frosinone,draw,home_win,0.4387,0.4387,0.2872,0.2742,False,1602.2,1394.3,Serie_A
2024-04-14,Sassuolo,Milan,draw,away_win,0.438,0.2963,0.2657,0.438,False,1377.4,1682.3,Serie_A
2024-04-14,Inter Milan,Cagliari,draw,home_win,0.7373,0.7373,0.18,0.0827,False,1785.1,1455.0,Serie_A
2024-04-15,Atalanta,Hellas Verona,draw,home_win,0.6523,0.6523,0.18,0.1677,False,1586.5,1400.6,Serie_A
2024-04-15,Fiorentina,Genoa,draw,home_win,0.4211,0.4211,0.2962,0.2827,False,1525.6,1506.8,Serie_A
2024-04-19,Genoa,Lazio,away_win,draw,0.403,0.3282,0.403,0.2689,False,1509.9,1558.2,Serie_A
2024-04-19,Cagliari,Juventus,draw,away_win,0.3628,0.3004,0.3369,0.3628,False,1467.8,1615.4,Serie_A
2024-04-20,Empoli,Napoli,home_win,away_win,0.415,0.2897,0.2953,0.415,False,1418.1,1592.1,Serie_A
2024-04-20,Hellas Verona,Udinese,home_win,home_win,0.356,0.356,0.3235,0.3205,True,1410.0,1441.8,Serie_A
2024-04-21,Sassuolo,Lecce,away_win,home_win,0.3982,0.3982,0.3607,0.2411,False,1387.4,1428.4,Serie_A
2024-04-21,Torino,Frosinone,draw,home_win,0.3965,0.3965,0.3351,0.2685,False,1531.8,1404.3,Serie_A
2024-04-21,Salernitana,Fiorentina,away_win,away_win,0.3898,0.265,0.3452,0.3898,True,1325.4,1522.5,Serie_A
2024-04-21,Monza,Atalanta,away_win,draw,0.4068,0.2831,0.4068,0.3102,False,1516.9,1577.1,Serie_A
2024-04-22,Roma,Bologna,away_win,away_win,0.342,0.325,0.3329,0.342,True,1612.6,1620.3,Serie_A
2024-04-22,Milan,Inter Milan,away_win,away_win,0.4573,0.3428,0.1998,0.4573,True,1672.3,1772.4,Serie_A
2024-04-25,Udinese,Roma,away_win,home_win,0.3359,0.3359,0.3285,0.3356,False,1426.6,1594.7,Serie_A
2024-04-26,Frosinone,Salernitana,home_win,home_win,0.4114,0.4114,0.3741,0.2146,True,1411.9,1315.8,Serie_A
2024-04-27,Lazio,Hellas Verona,home_win,home_win,0.6222,0.6222,0.18,0.1978,True,1574.3,1425.2,Serie_A
2024-04-27,Lecce,Monza,draw,draw,0.4786,0.2441,0.4786,0.2772,True,1444.8,1501.3,Serie_A
2024-04-27,Juventus,Milan,draw,home_win,0.3558,0.3558,0.3486,0.2956,False,1611.1,1658.6,Serie_A
2024-04-28,Inter Milan,Torino,home_win,home_win,0.7032,0.7032,0.18,0.1168,True,1786.1,1524.3,Serie_A
2024-04-28,Bologna,Udinese,draw,home_win,0.4924,0.4924,0.2953,0.2123,False,1638.3,1415.9,Serie_A
2024-04-28,Atalanta,Empoli,home_win,home_win,0.5076,0.5076,0.2861,0.2063,True,1592.6,1439.6,Serie_A
2024-04-28,Napoli,Roma,draw,home_win,0.4197,0.4197,0.2784,0.3019,False,1570.7,1605.5,Serie_A
2024-04-28,Fiorentina,Sassuolo,home_win,home_win,0.4631,0.4631,0.2987,0.2381,True,1532.1,1371.0,Serie_A
2024-04-29,Genoa,Cagliari,home_win,home_win,0.3915,0.3915,0.3154,0.2931,True,1493.8,1472.2,Serie_A
2024-05-03,Torino,Bologna,draw,draw,0.3621,0.2916,0.3621,0.3463,True,1519.7,1627.8,Serie_A
2024-05-04,Monza,Lazio,draw,draw,0.4108,0.2925,0.4108,0.2967,True,1501.0,1582.0,Serie_A
2024-05-04,Sassuolo,Inter Milan,home_win,away_win,0.736,0.084,0.18,0.736,False,1363.6,1790.6,Serie_A
2024-05-05,Roma,Juventus,draw,away_win,0.3476,0.3394,0.313,0.3476,False,1606.2,1610.9,Serie_A
2024-05-05,Milan,Genoa,draw,home_win,0.4803,0.4803,0.2699,0.2497,False,1658.7,1506.6,Serie_A
2024-05-05,Cagliari,Lecce,draw,home_win,0.426,0.426,0.3308,0.2432,False,1459.4,1445.1,Serie_A
2024-05-05,Empoli,Frosinone,draw,draw,0.4081,0.293,0.4081,0.299,True,1432.0,1421.5,Serie_A
2024-05-05,Hellas Verona,Fiorentina,home_win,away_win,0.4937,0.3263,0.18,0.4937,False,1417.5,1539.4,Serie_A
2024-05-06,Salernitana,Atalanta,away_win,away_win,0.4358,0.2506,0.3136,0.4358,True,1306.1,1600.2,Serie_A
2024-05-06,Udinese,Napoli,draw,away_win,0.3429,0.3228,0.3344,0.3429,False,1426.3,1570.0,Serie_A
2024-05-10,Frosinone,Inter Milan,away_win,away_win,0.6885,0.1315,0.18,0.6885,True,1424.3,1761.9,Serie_A
2024-05-11,Napoli,Bologna,away_win,draw,0.3647,0.3096,0.3647,0.3257,False,1565.8,1625.1,Serie_A
2024-05-11,Milan,Cagliari,home_win,home_win,0.4874,0.4874,0.2768,0.2358,True,1650.3,1456.5,Serie_A
2024-05-12,Atalanta,Roma,home_win,home_win,0.4889,0.4889,0.2368,0.2744,True,1606.5,1604.1,Serie_A
2024-05-12,Juventus,Salernitana,draw,home_win,0.4927,0.4927,0.3127,0.1947,False,1613.0,1299.8,Serie_A
2024-05-12,Genoa,Sassuolo,home_win,home_win,0.4264,0.4264,0.308,0.2656,True,1514.9,1392.4,Serie_A
2024-05-12,Lazio,Empoli,home_win,home_win,0.4632,0.4632,0.3147,0.222,True,1580.6,1429.3,Serie_A
2024-05-12,Hellas Verona,Torino,away_win,away_win,0.392,0.3193,0.2887,0.392,True,1436.7,1522.4,Serie_A
2024-05-13,Lecce,Udinese,away_win,draw,0.396,0.3012,0.396,0.3029,False,1448.0,1430.6,Serie_A
2024-05-13,Fiorentina,Monza,home_win,home_win,0.4129,0.4129,0.3259,0.2612,True,1520.1,1502.5,Serie_A
2024-05-17,Fiorentina,Napoli,draw,home_win,0.4268,0.4268,0.2838,0.2894,False,1533.1,1550.2,Serie_A
2024-05-18,Lecce,Atalanta,away_win,away_win,0.4768,0.2337,0.2895,0.4768,True,1429.0,1620.1,Serie_A
2024-05-18,Torino,Milan,home_win,away_win,0.3531,0.3086,0.3383,0.3531,False,1536.7,1656.6,Serie_A
2024-05-19,Udinese,Empoli,draw,home_win,0.4133,0.4133,0.3324,0.2543,False,1449.6,1421.6,Serie_A
2024-05-19,Roma,Genoa,home_win,home_win,0.4069,0.4069,0.273,0.3201,True,1590.5,1523.6,Serie_A
2024-05-19,Inter Milan,Lazio,draw,home_win,0.6468,0.6468,0.18,0.1732,False,1767.0,1588.2,Serie_A
2024-05-19,Monza,Frosinone,away_win,draw,0.4194,0.3219,0.4194,0.2587,False,1489.5,1419.1,Serie_A
2024-05-19,Sassuolo,Cagliari,away_win,draw,0.4117,0.3148,0.4117,0.2735,False,1383.7,1450.2,Serie_A
2024-05-20,Salernitana,Hellas Verona,away_win,away_win,0.4802,0.3398,0.18,0.4802,True,1312.3,1422.4,Serie_A
2024-05-20,Bologna,Juventus,draw,home_win,0.4467,0.4467,0.255,0.2983,False,1640.7,1600.5,Serie_A
2024-05-23,Cagliari,Fiorentina,away_win,draw,0.4062,0.2921,0.4062,0.3017,False,1465.4,1531.6,Serie_A
2024-05-24,Genoa,Bologna,home_win,away_win,0.3535,0.2948,0.3516,0.3535,False,1512.8,1636.7,Serie_A
2024-05-25,Juventus,Monza,home_win,home_win,0.479,0.479,0.2962,0.2248,True,1604.6,1468.2,Serie_A
2024-05-25,Milan,Salernitana,draw,home_win,0.4926,0.4926,0.3124,0.195,False,1637.4,1299.0,Serie_A
2024-05-26,Frosinone,Udinese,away_win,home_win,0.3914,0.3914,0.3409,0.2677,False,1440.5,1446.1,Serie_A
2024-05-26,Empoli,Roma,home_win,away_win,0.3957,0.3104,0.2939,0.3957,False,1425.1,1601.3,Serie_A
2024-05-26,Lazio,Sassuolo,draw,home_win,0.4568,0.4568,0.292,0.2512,False,1597.4,1368.5,Serie_A
2024-05-26,Atalanta,Torino,home_win,home_win,0.4611,0.4611,0.2773,0.2616,True,1629.9,1555.9,Serie_A
2024-05-26,Napoli,Lecce,draw,home_win,0.5075,0.5075,0.2866,0.2059,False,1551.7,1419.1,Serie_A
2024-05-26,Hellas Verona,Inter Milan,draw,away_win,0.6784,0.1416,0.18,0.6784,False,1435.6,1757.8,Serie_A
2024-06-02,Atalanta,Fiorentina,away_win,home_win,0.4521,0.4521,0.2647,0.2832,False,1640.4,1546.8,Serie_A
2024-08-17,Genoa,Inter Milan,draw,away_win,0.5915,0.2285,0.18,0.5915,False,1532.1,1747.3,Serie_A
2024-08-17,Parma,Fiorentina,draw,away_win,0.3733,0.2843,0.3424,0.3733,False,1500.0,1569.1,Serie_A
2024-08-17,Empoli,Monza,draw,draw,0.4495,0.2957,0.4495,0.2548,True,1446.7,1460.1,Serie_A
2024-08-17,Milan,Torino,draw,home_win,0.4513,0.4513,0.2772,0.2716,False,1624.5,1545.4,Serie_A
2024-08-18,Bologna,Udinese,draw,home_win,0.4686,0.4686,0.2953,0.2361,False,1617.3,1464.1,Serie_A
2024-08-18,Hellas Verona,Napoli,home_win,away_win,0.4524,0.3434,0.2042,0.4524,False,1446.1,1544.0,Serie_A
2024-08-18,Cagliari,Roma,draw,home_win,0.3467,0.3467,0.3322,0.3211,False,1450.2,1579.7,Serie_A
2024-08-18,Lazio,Venezia,home_win,home_win,0.4397,0.4397,0.3118,0.2484,True,1586.8,1500.0,Serie_A
2024-08-19,Lecce,Atalanta,away_win,away_win,0.4769,0.2336,0.2895,0.4769,True,1426.8,1618.2,Serie_A
2024-08-19,Juventus,Como,home_win,home_win,0.492,0.492,0.2424,0.2656,True,1612.7,1500.0,Serie_A
2024-08-24,Monza,Genoa,away_win,draw,0.4311,0.2726,0.4311,0.2963,False,1461.7,1539.2,Serie_A
2024-08-24,Inter Milan,Lecce,home_win,home_win,0.7343,0.7343,0.18,0.0857,True,1740.2,1417.0,Serie_A
2024-08-24,Udinese,Lazio,home_win,draw,0.3537,0.3225,0.3537,0.3237,False,1472.5,1596.8,Serie_A
2024-08-24,Parma,Milan,home_win,away_win,0.4191,0.3024,0.2785,0.4191,False,1500.9,1618.8,Serie_A
2024-08-25,Fiorentina,Venezia,draw,home_win,0.463,0.463,0.311,0.2261,False,1568.2,1490.0,Serie_A
2024-08-25,Torino,Atalanta,home_win,draw,0.3706,0.3023,0.3706,0.3271,False,1551.1,1628.0,Serie_A
2024-08-25,Napoli,Bologna,home_win,away_win,0.3474,0.3093,0.3433,0.3474,False,1525.8,1608.9,Serie_A
2024-08-25,Roma,Empoli,away_win,home_win,0.4525,0.4525,0.2949,0.2527,False,1576.1,1445.0,Serie_A
2024-08-26,Cagliari,Como,draw,draw,0.3854,0.3342,0.3854,0.2804,True,1453.8,1491.0,Serie_A
2024-08-26,Hellas Verona,Juventus,away_win,away_win,0.5329,0.2871,0.18,0.5329,True,1464.3,1621.8,Serie_A
2024-08-30,Venezia,Torino,away_win,draw,0.4335,0.2694,0.4335,0.2971,False,1495.6,1568.3,Serie_A
2024-08-30,Inter Milan,Atalanta,home_win,home_win,0.6078,0.6078,0.18,0.2122,True,1743.6,1610.8,Serie_A
2024-08-31,Napoli,Parma,home_win,home_win,0.4475,0.4475,0.2768,0.2756,True,1543.3,1520.0,Serie_A
2024-08-31,Lazio,Milan,draw,draw,0.3469,0.3414,0.3469,0.3117,True,1577.4,1599.8,Serie_A
2024-08-31,Lecce,Cagliari,home_win,draw,0.4442,0.2527,0.4442,0.303,False,1413.7,1453.2,Serie_A
2024-08-31,Bologna,Empoli,draw,home_win,0.4777,0.4777,0.3077,0.2146,False,1591.4,1468.7,Serie_A
2024-09-01,Fiorentina,Monza,draw,home_win,0.4592,0.4592,0.3259,0.2148,False,1562.5,1447.0,Serie_A
2024-09-01,Genoa,Hellas Verona,away_win,home_win,0.5776,0.5776,0.18,0.2424,False,1553.9,1453.1,Serie_A
2024-09-01,Juventus,Roma,draw,home_win,0.5239,0.5239,0.2307,0.2454,False,1633.0,1552.5,Serie_A
2024-09-01,Udinese,Como,home_win,home_win,0.4097,0.4097,0.2886,0.3017,True,1491.9,1491.6,Serie_A
2024-09-14,Como,Bologna,draw,away_win,0.3588,0.3149,0.3263,0.3588,False,1477.9,1584.0,Serie_A
2024-09-14,Empoli,Juventus,draw,away_win,0.4212,0.287,0.2918,0.4212,False,1476.0,1627.2,Serie_A
2024-09-14,Milan,Venezia,home_win,home_win,0.4873,0.4873,0.284,0.2287,True,1601.0,1480.7,Serie_A
2024-09-15,Monza,Inter Milan,draw,away_win,0.6612,0.1588,0.18,0.6612,False,1454.1,1751.9,Serie_A
2024-09-15,Cagliari,Napoli,away_win,draw,0.3375,0.3284,0.3375,0.3341,False,1437.7,1556.0,Serie_A
2024-09-15,Torino,Lecce,draw,home_win,0.4798,0.4798,0.3356,0.1847,False,1583.3,1429.2,Serie_A
2024-09-15,Atalanta,Fiorentina,home_win,home_win,0.4302,0.4302,0.2647,0.3051,True,1602.5,1555.5,Serie_A
2024-09-15,Genoa,Roma,draw,home_win,0.4154,0.4154,0.2995,0.2851,False,1531.4,1558.2,Serie_A
2024-09-16,Parma,Udinese,away_win,draw,0.3893,0.3077,0.3893,0.303,False,1507.3,1505.6,Serie_A
2024-09-16,Lazio,Hellas Verona,home_win,home_win,0.5773,0.5773,0.18,0.2427,True,1576.2,1475.6,Serie_A
2024-09-20,Cagliari,Empoli,away_win,draw,0.4449,0.3069,0.4449,0.2482,False,1424.8,1480.6,Serie_A
2024-09-20,Hellas Verona,Torino,away_win,away_win,0.477,0.3403,0.1827,0.477,True,1466.2,1574.8,Serie_A
2024-09-21,Venezia,Genoa,home_win,draw,0.4364,0.2698,0.4364,0.2939,False,1472.0,1530.3,Serie_A
2024-09-21,Juventus,Napoli,draw,home_win,0.4792,0.4792,0.2373,0.2834,False,1622.7,1568.9,Serie_A
2024-09-21,Lecce,Parma,draw,draw,0.4599,0.2679,0.4599,0.2721,True,1437.6,1488.9,Serie_A
2024-09-22,Inter Milan,Milan,away_win,home_win,0.6074,0.6074,0.18,0.2126,False,1742.1,1609.8,Serie_A
2024-09-22,Roma,Udinese,home_win,home_win,0.3504,0.3504,0.3364,0.3132,True,1559.3,1524.0,Serie_A
2024-09-22,Monza,Bologna,away_win,away_win,0.3821,0.2948,0.3232,0.3821,True,1463.9,1581.4,Serie_A
2024-09-22,Fiorentina,Lazio,home_win,home_win,0.3935,0.3935,0.3243,0.2822,True,1543.8,1585.6,Serie_A
2024-09-24,Atalanta,Como,away_win,home_win,0.5082,0.5082,0.2428,0.249,False,1614.1,1480.4,Serie_A
2024-09-27,Milan,Lecce,home_win,home_win,0.5448,0.5448,0.2796,0.1756,True,1633.5,1437.7,Serie_A
2024-09-28,Udinese,Inter Milan,away_win,away_win,0.5832,0.2368,0.18,0.5832,True,1511.8,1718.4,Serie_A
2024-09-28,Genoa,Juventus,away_win,away_win,0.3456,0.3184,0.3359,0.3456,True,1514.0,1618.0,Serie_A
2024-09-28,Bologna,Atalanta,draw,home_win,0.4162,0.4162,0.2629,0.3209,False,1594.4,1590.4,Serie_A
2024-09-29,Torino,Lazio,away_win,home_win,0.4102,0.4102,0.3002,0.2896,False,1588.1,1570.0,Serie_A
2024-09-29,Como,Hellas Verona,home_win,home_win,0.5263,0.5263,0.18,0.2937,True,1504.2,1452.8,Serie_A
2024-09-29,Roma,Venezia,home_win,home_win,0.4352,0.4352,0.2923,0.2725,True,1571.4,1488.3,Serie_A
2024-09-29,Empoli,Fiorentina,draw,draw,0.4237,0.262,0.4237,0.3144,True,1496.3,1559.4,Serie_A
2024-09-29,Napoli,Monza,home_win,home_win,0.4555,0.4555,0.3018,0.2427,True,1573.5,1451.0,Serie_A
2024-09-30,Parma,Cagliari,away_win,home_win,0.3829,0.3829,0.3251,0.292,False,1488.9,1409.0,Serie_A
2024-10-04,Napoli,Como,home_win,home_win,0.448,0.448,0.2466,0.3054,True,1582.2,1515.7,Serie_A
2024-10-04,Hellas Verona,Venezia,home_win,home_win,0.3458,0.3458,0.3336,0.3205,True,1441.4,1478.2,Serie_A
2024-10-05,Udinese,Lecce,home_win,home_win,0.4602,0.4602,0.3264,0.2134,True,1502.6,1431.4,Serie_A
2024-10-05,Atalanta,Genoa,home_win,home_win,0.4681,0.4681,0.2703,0.2615,True,1592.9,1500.4,Serie_A
2024-10-05,Inter Milan,Torino,home_win,home_win,0.6303,0.6303,0.18,0.1897,True,1727.6,1569.0,Serie_A
2024-10-06,Juventus,Cagliari,draw,home_win,0.4962,0.4962,0.2765,0.2273,False,1631.6,1430.7,Serie_A
2024-10-06,Bologna,Parma,draw,home_win,0.5023,0.5023,0.2901,0.2076,False,1591.9,1467.2,Serie_A
2024-10-06,Lazio,Empoli,home_win,home_win,0.4384,0.4384,0.3147,0.2468,True,1589.1,1496.9,Serie_A
2024-10-06,Monza,Roma,draw,draw,0.3604,0.3048,0.3604,0.3348,True,1442.3,1581.6,Serie_A
2024-10-06,Fiorentina,Milan,home_win,home_win,0.3519,0.3519,0.3452,0.3029,True,1558.8,1639.7,Serie_A
2024-10-19,Juventus,Lazio,home_win,home_win,0.4574,0.4574,0.2533,0.2892,True,1621.7,1598.9,Serie_A
2024-10-19,Milan,Udinese,home_win,home_win,0.4515,0.4515,0.2748,0.2738,True,1622.3,1513.2,Serie_A
2024-10-19,Como,Parma,draw,home_win,0.4571,0.4571,0.2788,0.2641,False,1504.8,1474.6,Serie_A
2024-10-19,Genoa,Bologna,draw,draw,0.3662,0.3026,0.3662,0.3312,True,1490.6,1584.5,Serie_A
2024-10-20,Empoli,Napoli,away_win,draw,0.359,0.2944,0.359,0.3466,False,1487.1,1593.0,Serie_A
2024-10-20,Lecce,Fiorentina,away_win,away_win,0.4432,0.2388,0.318,0.4432,True,1420.8,1576.2,Serie_A
2024-10-20,Venezia,Atalanta,away_win,away_win,0.4245,0.285,0.2905,0.4245,True,1462.8,1602.6,Serie_A
2024-10-20,Cagliari,Torino,home_win,draw,0.3836,0.2941,0.3836,0.3223,False,1440.6,1561.6,Serie_A
2024-10-20,Roma,Inter Milan,away_win,away_win,0.5329,0.2871,0.18,0.5329,True,1577.6,1735.0,Serie_A
2024-10-21,Hellas Verona,Monza,away_win,home_win,0.4806,0.4806,0.18,0.3394,False,1456.8,1446.3,Serie_A
2024-10-25,Udinese,Cagliari,home_win,home_win,0.4065,0.4065,0.3198,0.2736,True,1504.1,1459.9,Serie_A
2024-10-25,Torino,Como,home_win,home_win,0.4182,0.4182,0.2853,0.2966,True,1542.4,1501.2,Serie_A
2024-10-26,Atalanta,Hellas Verona,home_win,home_win,0.645,0.645,0.18,0.175,True,1614.6,1438.0,Serie_A
2024-10-26,Napoli,Lecce,home_win,home_win,0.5313,0.5313,0.2866,0.1821,True,1606.4,1409.5,Serie_A
2024-10-27,Parma,Empoli,draw,draw,0.409,0.3245,0.409,0.2665,True,1478.2,1473.7,Serie_A
2024-10-27,Lazio,Genoa,home_win,home_win,0.4271,0.4271,0.2934,0.2795,True,1586.2,1492.6,Serie_A
2024-10-27,Monza,Venezia,draw,home_win,0.3707,0.3707,0.364,0.2652,False,1465.1,1450.8,Serie_A
2024-10-27,Inter Milan,Juventus,draw,home_win,0.5883,0.5883,0.18,0.2317,False,1746.2,1634.4,Serie_A
2024-10-27,Fiorentina,Roma,home_win,home_win,0.4881,0.4881,0.2519,0.26,True,1587.5,1566.4,Serie_A
2024-10-29,Cagliari,Bologna,away_win,draw,0.3586,0.2893,0.3586,0.3521,False,1448.1,1582.5,Serie_A
2024-10-29,Lecce,Hellas Verona,home_win,home_win,0.3638,0.3638,0.3158,0.3204,True,1403.3,1431.2,Serie_A
2024-10-29,Milan,Napoli,away_win,home_win,0.4534,0.4534,0.2384,0.3082,False,1631.4,1612.7,Serie_A
2024-10-30,Juventus,Parma,draw,home_win,0.5318,0.5318,0.2692,0.199,False,1641.3,1475.7,Serie_A
2024-10-30,Atalanta,Monza,home_win,home_win,0.4928,0.4928,0.2969,0.2103,True,1621.4,1462.2,Serie_A
2024-10-30,Venezia,Udinese,home_win,draw,0.4378,0.2625,0.4378,0.2997,False,1453.8,1515.8,Serie_A
2024-10-30,Empoli,Inter Milan,away_win,away_win,0.6341,0.1859,0.18,0.6341,True,1476.2,1739.3,Serie_A
2024-10-31,Genoa,Fiorentina,away_win,draw,0.3595,0.2872,0.3595,0.3534,False,1482.9,1600.3,Serie_A
2024-10-31,Como,Lazio,away_win,home_win,0.3434,0.3434,0.3243,0.3323,False,1489.3,1595.9,Serie_A
2024-10-31,Roma,Torino,home_win,draw,0.3511,0.3392,0.3511,0.3097,False,1553.6,1554.3,Serie_A
2024-11-02,Bologna,Lecce,home_win,home_win,0.5281,0.5281,0.3001,0.1718,True,1594.7,1418.3,Serie_A
2024-11-02,Udinese,Juventus,away_win,away_win,0.3533,0.3126,0.3342,0.3533,True,1499.3,1632.5,Serie_A
2024-11-02,Monza,Milan,away_win,away_win,0.4044,0.2956,0.2999,0.4044,True,1454.8,1612.3,Serie_A
2024-11-03,Hellas Verona,Roma,home_win,away_win,0.5261,0.2939,0.18,0.5261,False,1416.2,1567.3,Serie_A
2024-11-03,Inter Milan,Venezia,home_win,home_win,0.7112,0.7112,0.18,0.1088,True,1746.5,1470.3,Serie_A
2024-11-03,Napoli,Atalanta,away_win,home_win,0.365,0.365,0.309,0.326,False,1631.8,1628.8,Serie_A
2024-11-03,Torino,Fiorentina,away_win,draw,0.4018,0.2835,0.4018,0.3148,False,1540.6,1613.2,Serie_A
2024-11-04,Empoli,Como,home_win,draw,0.3747,0.326,0.3747,0.2993,False,1468.9,1475.9,Serie_A
2024-11-04,Parma,Genoa,away_win,draw,0.3776,0.3253,0.3776,0.2971,False,1484.6,1470.0,Serie_A
2024-11-04,Lazio,Cagliari,home_win,home_win,0.4526,0.4526,0.3005,0.2469,True,1609.4,1435.9,Serie_A
2024-11-07,Genoa,Como,draw,home_win,0.4227,0.4227,0.2765,0.3008,False,1488.9,1461.9,Serie_A
2024-11-08,Lecce,Empoli,draw,draw,0.4565,0.2538,0.4565,0.2897,True,1411.4,1482.9,Serie_A
2024-11-09,Venezia,Parma,away_win,home_win,0.3718,0.3718,0.3484,0.2798,False,1466.1,1465.6,Serie_A
2024-11-09,Cagliari,Milan,draw,away_win,0.4118,0.3123,0.276,0.4118,False,1429.0,1623.5,Serie_A
2024-11-09,Juventus,Torino,home_win,home_win,0.4755,0.4755,0.2766,0.2479,True,1644.7,1525.6,Serie_A
2024-11-10,Inter Milan,Napoli,draw,home_win,0.6119,0.6119,0.18,0.2081,False,1750.8,1613.4,Serie_A
2024-11-10,Roma,Bologna,away_win,draw,0.3668,0.2866,0.3668,0.3466,False,1546.8,1601.5,Serie_A
2024-11-10,Monza,Lazio,away_win,away_win,0.3873,0.2881,0.3246,0.3873,True,1443.6,1616.3,Serie_A
2024-11-10,Atalanta,Udinese,home_win,home_win,0.4845,0.4845,0.2758,0.2397,True,1647.2,1487.0,Serie_A
2024-11-10,Fiorentina,Hellas Verona,home_win,home_win,0.6565,0.6565,0.18,0.1635,True,1628.2,1436.7,Serie_A
2024-11-23,Hellas Verona,Inter Milan,away_win,away_win,0.6718,0.1482,0.18,0.6718,True,1430.3,1742.9,Serie_A
2024-11-23,Milan,Juventus,draw,home_win,0.3502,0.3502,0.34,0.3098,False,1617.2,1653.5,Serie_A
2024-11-23,Parma,Atalanta,away_win,away_win,0.4571,0.2641,0.2787,0.4571,True,1483.9,1654.6,Serie_A
2024-11-24,Genoa,Cagliari,draw,home_win,0.4057,0.4057,0.3154,0.2789,False,1485.4,1435.3,Serie_A
2024-11-24,Como,Fiorentina,away_win,away_win,0.4295,0.3008,0.2697,0.4295,True,1465.4,1634.6,Serie_A
2024-11-24,Torino,Monza,draw,home_win,0.4119,0.4119,0.3503,0.2378,False,1516.8,1433.0,Serie_A
2024-11-24,Napoli,Roma,home_win,home_win,0.5033,0.5033,0.2381,0.2586,True,1621.3,1531.0,Serie_A
2024-11-24,Lazio,Bologna,home_win,home_win,0.3511,0.3511,0.3378,0.3111,True,1626.9,1617.3,Serie_A
2024-11-25,Venezia,Lecce,away_win,home_win,0.398,0.398,0.3551,0.2469,False,1447.8,1412.4,Serie_A
2024-11-25,Empoli,Udinese,draw,draw,0.4045,0.3105,0.4045,0.2851,True,1481.9,1479.7,Serie_A
2024-11-29,Cagliari,Hellas Verona,home_win,home_win,0.4861,0.4861,0.18,0.3339,True,1439.8,1424.6,Serie_A
2024-11-30,Como,Monza,draw,home_win,0.4104,0.4104,0.3051,0.2845,False,1454.6,1438.9,Serie_A
2024-11-30,Milan,Empoli,home_win,home_win,0.4899,0.4899,0.287,0.2231,True,1616.6,1479.6,Serie_A
2024-11-30,Bologna,Venezia,home_win,home_win,0.5027,0.5027,0.3045,0.1928,True,1604.0,1427.9,Serie_A
2024-12-01,Udinese,Genoa,away_win,home_win,0.388,0.388,0.3197,0.2923,False,1482.1,1480.9,Serie_A
2024-12-01,Parma,Lazio,home_win,away_win,0.4141,0.2827,0.3032,0.4141,False,1473.3,1640.1,Serie_A
2024-12-01,Torino,Napoli,away_win,away_win,0.343,0.3166,0.3404,0.343,True,1511.0,1631.1,Serie_A
2024-12-01,Lecce,Juventus,draw,away_win,0.4851,0.2258,0.2891,0.4851,False,1432.3,1654.2,Serie_A
2024-12-02,Roma,Atalanta,away_win,away_win,0.464,0.2958,0.2402,0.464,True,1521.1,1665.2,Serie_A
2024-12-06,Atalanta,Milan,home_win,home_win,0.4739,0.4739,0.2372,0.2889,True,1677.0,1624.7,Serie_A
2024-12-06,Inter Milan,Parma,home_win,home_win,0.6987,0.6987,0.18,0.1213,True,1748.7,1494.5,Serie_A
2024-12-07,Roma,Lecce,home_win,home_win,0.4563,0.4563,0.2927,0.2509,True,1509.4,1439.6,Serie_A
2024-12-07,Genoa,Torino,draw,home_win,0.384,0.384,0.3242,0.2918,False,1499.3,1498.1,Serie_A
2024-12-07,Juventus,Bologna,draw,home_win,0.4314,0.4314,0.2562,0.3124,False,1646.8,1610.8,Serie_A
2024-12-08,Fiorentina,Cagliari,home_win,home_win,0.4877,0.4877,0.3042,0.2081,True,1645.3,1452.8,Serie_A
2024-12-08,Hellas Verona,Empoli,away_win,draw,0.3402,0.3205,0.3402,0.3393,False,1411.5,1471.4,Serie_A
2024-12-08,Venezia,Como,draw,draw,0.3934,0.3032,0.3934,0.3034,True,1421.1,1451.6,Serie_A
2024-12-08,Napoli,Lazio,away_win,home_win,0.4364,0.4364,0.259,0.3046,False,1643.9,1619.0,Serie_A
2024-12-09,Monza,Udinese,away_win,draw,0.4358,0.2899,0.4358,0.2743,False,1441.9,1463.7,Serie_A
2024-12-13,Empoli,Torino,away_win,draw,0.4239,0.3022,0.4239,0.274,False,1487.0,1500.5,Serie_A
2024-12-14,Cagliari,Atalanta,away_win,away_win,0.4433,0.2775,0.2792,0.4433,True,1446.4,1688.4,Serie_A
2024-12-14,Udinese,Napoli,away_win,away_win,0.3428,0.3228,0.3344,0.3428,True,1481.0,1624.5,Serie_A
2024-12-14,Juventus,Venezia,draw,home_win,0.5307,0.5307,0.2828,0.1865,False,1642.9,1420.2,Serie_A
2024-12-15,Milan,Genoa,draw,home_win,0.4658,0.4658,0.2699,0.2643,False,1613.3,1496.9,Serie_A
2024-12-15,Como,Roma,home_win,home_win,0.414,0.414,0.2774,0.3086,True,1452.5,1520.1,Serie_A
2024-12-15,Lecce,Monza,home_win,draw,0.4357,0.2937,0.4357,0.2706,False,1428.9,1424.6,Serie_A
2024-12-15,Bologna,Fiorentina,home_win,draw,0.3854,0.322,0.3854,0.2927,False,1614.7,1651.6,Serie_A
2024-12-15,Parma,Hellas Verona,away_win,home_win,0.5706,0.5706,0.18,0.2494,False,1489.7,1396.0,Serie_A
2024-12-16,Lazio,Inter Milan,away_win,away_win,0.4859,0.3341,0.18,0.4859,True,1638.4,1753.4,Serie_A
2024-12-20,Hellas Verona,Milan,away_win,away_win,0.5647,0.2553,0.18,0.5647,True,1418.3,1606.2,Serie_A
2024-12-21,Torino,Bologna,away_win,draw,0.3604,0.2905,0.3604,0.3491,False,1518.2,1630.1,Serie_A
2024-12-21,Genoa,Napoli,away_win,away_win,0.3459,0.3227,0.3314,0.3459,True,1504.1,1636.3,Serie_A
2024-12-21,Lecce,Lazio,away_win,away_win,0.4302,0.252,0.3179,0.4302,True,1442.4,1625.3,Serie_A
2024-12-22,Monza,Juventus,away_win,away_win,0.4388,0.2611,0.3002,0.4388,True,1411.1,1632.5,Serie_A
2024-12-22,Atalanta,Empoli,home_win,home_win,0.5328,0.5328,0.2861,0.1811,True,1696.4,1469.3,Serie_A
2024-12-22,Venezia,Cagliari,home_win,draw,0.4138,0.3019,0.4138,0.2843,False,1430.7,1438.5,Serie_A
2024-12-22,Roma,Parma,home_win,home_win,0.4293,0.4293,0.2811,0.2896,True,1503.3,1467.5,Serie_A
2024-12-23,Fiorentina,Udinese,away_win,home_win,0.4764,0.4764,0.3022,0.2214,False,1636.2,1469.2,Serie_A
2024-12-23,Inter Milan,Como,home_win,home_win,0.7221,0.7221,0.18,0.0979,True,1766.4,1469.3,Serie_A
2024-12-28,Empoli,Genoa,away_win,draw,0.4268,0.2894,0.4268,0.2838,False,1463.9,1491.8,Serie_A
2024-12-28,Parma,Monza,home_win,home_win,0.3729,0.3729,0.3532,0.2739,True,1455.3,1402.4,Serie_A
2024-12-28,Cagliari,Inter Milan,away_win,away_win,0.6937,0.1263,0.18,0.6937,True,1424.4,1770.3,Serie_A
2024-12-28,Lazio,Atalanta,draw,draw,0.3588,0.3027,0.3588,0.3385,True,1635.5,1701.8,Serie_A
2024-12-29,Milan,Roma,draw,home_win,0.5246,0.5246,0.2325,0.2429,False,1616.1,1515.4,Serie_A
2024-12-29,Juventus,Fiorentina,draw,home_win,0.4152,0.4152,0.2633,0.3215,False,1641.1,1611.4,Serie_A
2024-12-29,Udinese,Torino,draw,home_win,0.3755,0.3755,0.3391,0.2854,False,1494.1,1505.0,Serie_A
2024-12-29,Napoli,Venezia,home_win,home_win,0.5054,0.5054,0.2894,0.2051,True,1648.6,1444.7,Serie_A
2024-12-30,Como,Lecce,home_win,home_win,0.467,0.467,0.2883,0.2447,True,1465.5,1432.3,Serie_A
2024-12-30,Bologna,Hellas Verona,away_win,home_win,0.6868,0.6868,0.18,0.1332,False,1643.3,1408.3,Serie_A
2025-01-04,Venezia,Empoli,draw,draw,0.4322,0.3121,0.4322,0.2556,True,1438.7,1446.9,Serie_A
2025-01-04,Fiorentina,Napoli,away_win,home_win,0.4052,0.4052,0.3041,0.2907,False,1615.0,1654.6,Serie_A
2025-01-04,Hellas Verona,Udinese,draw,draw,0.3456,0.3204,0.3456,0.334,True,1435.1,1492.3,Serie_A
2025-01-05,Torino,Parma,draw,home_win,0.4253,0.4253,0.3225,0.2521,False,1506.8,1466.7,Serie_A
2025-01-05,Monza,Cagliari,away_win,draw,0.4447,0.285,0.4447,0.2703,False,1391.0,1419.5,Serie_A
2025-01-05,Lecce,Genoa,draw,away_win,0.3755,0.2734,0.3511,0.3755,False,1420.0,1508.8,Serie_A
2025-01-05,Roma,Lazio,home_win,away_win,0.3701,0.3094,0.3205,0.3701,False,1521.9,1636.2,Serie_A
2025-01-10,Lazio,Como,draw,home_win,0.464,0.464,0.2642,0.2718,False,1617.3,1477.8,Serie_A
2025-01-11,Torino,Juventus,draw,away_win,0.3655,0.2956,0.3389,0.3655,False,1502.7,1637.5,Serie_A
2025-01-11,Milan,Cagliari,draw,home_win,0.4802,0.4802,0.2768,0.243,False,1609.6,1436.5,Serie_A
2025-01-11,Empoli,Lecce,away_win,home_win,0.3935,0.3935,0.3576,0.2489,False,1448.8,1421.8,Serie_A
2025-01-11,Udinese,Atalanta,draw,away_win,0.4264,0.2971,0.2766,0.4264,False,1492.0,1701.0,Serie_A
2025-01-12,Genoa,Parma,home_win,home_win,0.4364,0.4364,0.3113,0.2523,True,1507.0,1470.8,Serie_A
2025-01-12,Venezia,Inter Milan,away_win,away_win,0.689,0.131,0.18,0.689,True,1436.8,1775.2,Serie_A
2025-01-12,Bologna,Roma,draw,home_win,0.5114,0.5114,0.2477,0.2409,False,1616.5,1540.9,Serie_A
2025-01-12,Napoli,Hellas Verona,home_win,home_win,0.6873,0.6873,0.18,0.1327,True,1671.1,1435.4,Serie_A
2025-01-13,Monza,Fiorentina,home_win,away_win,0.4337,0.2351,0.3313,0.4337,False,1374.0,1598.5,Serie_A
2025-01-14,Como,Milan,away_win,away_win,0.3605,0.336,0.3034,0.3605,True,1485.7,1600.5,Serie_A
2025-01-14,Atalanta,Juventus,draw,home_win,0.4692,0.4692,0.2385,0.2923,False,1694.2,1633.7,Serie_A
2025-01-15,Inter Milan,Bologna,draw,home_win,0.6392,0.6392,0.18,0.1808,False,1780.3,1610.9,Serie_A
2025-01-17,Roma,Genoa,home_win,home_win,0.3555,0.3555,0.333,0.3116,True,1546.4,1519.1,Serie_A
2025-01-18,Juventus,Milan,home_win,home_win,0.4526,0.4526,0.2368,0.3106,True,1638.6,1613.6,Serie_A
2025-01-18,Atalanta,Napoli,away_win,home_win,0.4664,0.4664,0.2374,0.2962,False,1689.3,1676.3,Serie_A
2025-01-18,Bologna,Monza,home_win,home_win,0.4977,0.4977,0.3188,0.1835,True,1619.9,1397.4,Serie_A
2025-01-19,Fiorentina,Torino,draw,home_win,0.4455,0.4455,0.304,0.2505,False,1575.1,1506.6,Serie_A
2025-01-19,Cagliari,Lecce,home_win,home_win,0.4178,0.4178,0.336,0.2462,True,1445.5,1441.3,Serie_A
2025-01-19,Parma,Venezia,draw,home_win,0.3749,0.3749,0.3413,0.2838,False,1458.7,1431.7,Serie_A
2025-01-19,Hellas Verona,Lazio,away_win,away_win,0.5557,0.2643,0.18,0.5557,True,1430.2,1609.3,Serie_A
2025-01-19,Inter Milan,Empoli,home_win,home_win,0.7423,0.7423,0.18,0.0777,True,1771.4,1429.3,Serie_A
2025-01-20,Como,Udinese,home_win,draw,0.3744,0.3304,0.3744,0.2952,False,1472.7,1498.8,Serie_A
2025-01-24,Torino,Cagliari,home_win,home_win,0.3965,0.3965,0.3251,0.2784,True,1511.8,1459.1,Serie_A
2025-01-25,Como,Atalanta,away_win,away_win,0.4395,0.3144,0.2461,0.4395,True,1487.6,1670.4,Serie_A
2025-01-25,Napoli,Juventus,home_win,home_win,0.4301,0.4301,0.2412,0.3287,True,1695.2,1651.2,Serie_A
2025-01-25,Empoli,Bologna,draw,away_win,0.4351,0.251,0.3139,0.4351,False,1426.3,1625.4,Serie_A
2025-01-26,Lazio,Fiorentina,away_win,home_win,0.3597,0.3597,0.3442,0.2961,False,1619.7,1569.8,Serie_A
2025-01-26,Lecce,Inter Milan,away_win,away_win,0.6941,0.1259,0.18,0.6941,True,1427.8,1774.4,Serie_A
2025-01-26,Milan,Parma,home_win,home_win,0.5174,0.5174,0.2709,0.2117,True,1601.0,1455.2,Serie_A
2025-01-26,Udinese,Roma,away_win,home_win,0.3984,0.3984,0.3,0.3016,False,1483.9,1558.9,Serie_A
2025-01-27,Venezia,Hellas Verona,draw,home_win,0.4861,0.4861,0.18,0.3339,False,1435.2,1419.9,Serie_A
2025-01-27,Genoa,Monza,home_win,home_win,0.4367,0.4367,0.3394,0.2239,True,1506.6,1391.9,Serie_A
2025-01-31,Parma,Lecce,away_win,home_win,0.3931,0.3931,0.3443,0.2626,False,1447.4,1422.9,Serie_A
2025-02-01,Monza,Hellas Verona,away_win,draw,0.3399,0.3396,0.3399,0.3205,False,1383.0,1422.9,Serie_A
2025-02-01,Udinese,Venezia,home_win,home_win,0.4217,0.4217,0.3291,0.2492,True,1469.1,1432.2,Serie_A
2025-02-01,Atalanta,Torino,draw,home_win,0.4965,0.4965,0.2773,0.2261,False,1680.6,1523.2,Serie_A
2025-02-01,Bologna,Como,home_win,home_win,0.4976,0.4976,0.26,0.2424,True,1618.9,1477.4,Serie_A
2025-02-02,Fiorentina,Genoa,home_win,home_win,0.4485,0.4485,0.2962,0.2553,True,1590.3,1515.6,Serie_A
2025-02-02,Roma,Napoli,draw,away_win,0.4278,0.3289,0.2433,0.4278,False,1573.8,1706.9,Serie_A
2025-02-02,Juventus,Empoli,home_win,home_win,0.5214,0.5214,0.2858,0.1929,True,1639.4,1432.8,Serie_A
2025-02-02,Milan,Inter Milan,draw,away_win,0.5467,0.2733,0.18,0.5467,False,1608.8,1779.3,Serie_A
2025-02-03,Cagliari,Lazio,away_win,draw,0.3571,0.3044,0.3571,0.3385,False,1447.7,1599.2,Serie_A
2025-02-06,Fiorentina,Inter Milan,home_win,away_win,0.5496,0.2704,0.18,0.5496,False,1600.8,1774.0,Serie_A
2025-02-07,Como,Juventus,away_win,away_win,0.4291,0.3267,0.2442,0.4291,True,1469.4,1645.4,Serie_A
2025-02-08,Empoli,Milan,away_win,away_win,0.4325,0.2756,0.2919,0.4325,True,1426.8,1614.2,Serie_A
2025-02-08,Hellas Verona,Atalanta,away_win,away_win,0.6076,0.2124,0.18,0.6076,True,1439.4,1672.0,Serie_A
2025-02-08,Torino,Genoa,draw,home_win,0.3908,0.3908,0.3172,0.292,False,1531.8,1505.1,Serie_A
2025-02-09,Napoli,Udinese,draw,home_win,0.4809,0.4809,0.278,0.2411,False,1703.2,1481.2,Serie_A
2025-02-09,Lecce,Bologna,draw,away_win,0.4564,0.2323,0.3112,0.4564,False,1442.2,1626.9,Serie_A
2025-02-09,Lazio,Monza,home_win,home_win,0.4798,0.4798,0.3244,0.1958,True,1610.6,1366.5,Serie_A
2025-02-09,Cagliari,Parma,home_win,home_win,0.4184,0.4184,0.32,0.2616,True,1436.2,1428.0,Serie_A
2025-02-09,Venezia,Roma,away_win,away_win,0.3567,0.2915,0.3518,0.3567,True,1420.1,1577.5,Serie_A
2025-02-10,Inter Milan,Fiorentina,home_win,home_win,0.6055,0.6055,0.18,0.2145,True,1752.5,1622.2,Serie_A
2025-02-14,Bologna,Torino,home_win,home_win,0.4547,0.4547,0.2974,0.2479,True,1621.0,1528.3,Serie_A
2025-02-15,Atalanta,Cagliari,draw,home_win,0.5112,0.5112,0.2776,0.2112,False,1680.3,1449.5,Serie_A
2025-02-15,Lazio,Napoli,draw,draw,0.3497,0.3262,0.3497,0.3241,True,1615.6,1692.7,Serie_A
2025-02-15,Milan,Hellas Verona,home_win,home_win,0.6577,0.6577,0.18,0.1623,True,1624.1,1431.1,Serie_A
2025-02-16,Juventus,Inter Milan,home_win,away_win,0.4687,0.3414,0.1899,0.4687,False,1655.8,1760.9,Serie_A
2025-02-16,Udinese,Empoli,home_win,home_win,0.4362,0.4362,0.3324,0.2314,True,1491.6,1416.8,Serie_A
2025-02-16,Parma,Roma,away_win,away_win,0.4114,0.3061,0.2825,0.4114,True,1414.6,1588.7,Serie_A
2025-02-16,Fiorentina,Como,away_win,home_win,0.5071,0.5071,0.2654,0.2275,False,1613.9,1459.0,Serie_A
2025-02-16,Monza,Lecce,draw,draw,0.4463,0.2935,0.4463,0.2602,True,1361.5,1448.1,Serie_A
2025-02-17,Genoa,Venezia,home_win,home_win,0.4486,0.4486,0.3254,0.226,True,1508.5,1408.9,Serie_A
2025-02-21,Lecce,Udinese,away_win,draw,0.4449,0.2425,0.4449,0.3127,False,1446.5,1502.1,Serie_A
2025-02-22,Parma,Bologna,home_win,away_win,0.4672,0.234,0.2989,0.4672,False,1404.1,1630.8,Serie_A
2025-02-22,Venezia,Lazio,draw,away_win,0.4225,0.2634,0.3141,0.4225,False,1399.4,1616.9,Serie_A
2025-02-22,Torino,Milan,home_win,away_win,0.3494,0.3123,0.3383,0.3494,False,1518.5,1630.5,Serie_A
2025-02-22,Inter Milan,Genoa,home_win,home_win,0.6798,0.6798,0.18,0.1402,True,1742.4,1518.1,Serie_A
2025-02-23,Empoli,Atalanta,away_win,away_win,0.4749,0.232,0.2931,0.4749,True,1406.3,1669.6,Serie_A
2025-02-23,Como,Napoli,home_win,away_win,0.4231,0.3323,0.2446,0.4231,False,1483.5,1691.5,Serie_A
2025-02-23,Hellas Verona,Fiorentina,home_win,away_win,0.5406,0.2794,0.18,0.5406,False,1424.7,1589.4,Serie_A
2025-02-23,Cagliari,Juventus,away_win,away_win,0.4262,0.2969,0.2769,0.4262,True,1460.2,1674.3,Serie_A
2025-02-24,Roma,Monza,home_win,home_win,0.4749,0.4749,0.3031,0.2219,True,1599.2,1363.2,Serie_A
2025-02-27,Bologna,Milan,home_win,home_win,0.4245,0.4245,0.2667,0.3088,True,1607.3,1611.7,Serie_A
2025-02-28,Fiorentina,Lecce,home_win,home_win,0.513,0.513,0.3062,0.1808,True,1568.3,1430.7,Serie_A
2025-03-01,Atalanta,Venezia,draw,home_win,0.5491,0.5491,0.283,0.1679,False,1676.8,1406.6,Serie_A
2025-03-01,Napoli,Inter Milan,draw,away_win,0.3785,0.3199,0.3016,0.3785,False,1668.6,1747.8,Serie_A
2025-03-01,Udinese,Parma,home_win,home_win,0.4654,0.4654,0.3144,0.2202,True,1517.9,1427.6,Serie_A
2025-03-02,Monza,Torino,away_win,away_win,0.3852,0.2631,0.3517,0.3852,True,1358.0,1537.3,Serie_A
2025-03-02,Bologna,Cagliari,home_win,home_win,0.4775,0.4775,0.2973,0.2252,True,1621.2,1451.3,Serie_A
2025-03-02,Genoa,Empoli,draw,home_win,0.4508,0.4508,0.3286,0.2207,False,1512.6,1399.1,Serie_A
2025-03-02,Roma,Como,home_win,home_win,0.4344,0.4344,0.2462,0.3194,True,1604.4,1506.3,Serie_A
2025-03-02,Milan,Lazio,away_win,home_win,0.421,0.421,0.2742,0.3048,False,1597.7,1609.7,Serie_A
2025-03-03,Juventus,Hellas Verona,home_win,home_win,0.6884,0.6884,0.18,0.1316,True,1683.3,1445.8,Serie_A
2025-03-07,Cagliari,Genoa,draw,draw,0.4187,0.3019,0.4187,0.2794,True,1444.2,1505.6,Serie_A
2025-03-08,Como,Venezia,draw,home_win,0.4613,0.4613,0.292,0.2467,False,1496.7,1418.2,Serie_A
2025-03-08,Parma,Torino,draw,away_win,0.3904,0.2819,0.3277,0.3904,False,1417.7,1547.6,Serie_A
2025-03-08,Lecce,Milan,away_win,away_win,0.4498,0.26,0.2901,0.4498,True,1422.6,1580.0,Serie_A
2025-03-08,Inter Milan,Monza,home_win,home_win,0.7624,0.7624,0.18,0.0576,True,1746.5,1347.7,Serie_A
2025-03-09,Hellas Verona,Bologna,away_win,away_win,0.5643,0.2557,0.18,0.5643,True,1440.7,1628.2,Serie_A
2025-03-09,Napoli,Fiorentina,home_win,home_win,0.4264,0.4264,0.2655,0.3081,True,1670.0,1576.4,Serie_A
2025-03-09,Empoli,Roma,away_win,away_win,0.41,0.2961,0.2939,0.41,True,1406.1,1614.0,Serie_A
2025-03-09,Juventus,Atalanta,away_win,home_win,0.4334,0.4334,0.24,0.3266,False,1688.4,1665.2,Serie_A
2025-03-10,Lazio,Udinese,draw,home_win,0.4203,0.4203,0.2979,0.2818,False,1627.4,1527.7,Serie_A
2025-03-14,Genoa,Lecce,home_win,home_win,0.4682,0.4682,0.3233,0.2085,True,1505.0,1411.4,Serie_A
2025-03-15,Torino,Empoli,home_win,home_win,0.4527,0.4527,0.3397,0.2077,True,1544.0,1396.9,Serie_A
2025-03-15,Milan,Como,home_win,home_win,0.4785,0.4785,0.2431,0.2785,True,1591.2,1491.1,Serie_A
2025-03-15,Monza,Parma,draw,draw,0.4408,0.2929,0.4408,0.2663,True,1345.5,1421.4,Serie_A
2025-03-15,Udinese,Hellas Verona,away_win,home_win,0.5802,0.5802,0.18,0.2398,False,1534.2,1430.7,Serie_A
2025-03-16,Venezia,Napoli,draw,away_win,0.4532,0.2538,0.2929,0.4532,False,1423.9,1679.7,Serie_A
2025-03-16,Bologna,Lazio,home_win,home_win,0.4454,0.4454,0.2722,0.2824,True,1638.2,1620.9,Serie_A
2025-03-16,Roma,Cagliari,home_win,home_win,0.4472,0.4472,0.2792,0.2735,True,1623.2,1444.8,Serie_A
2025-03-16,Fiorentina,Juventus,home_win,home_win,0.3437,0.3437,0.3273,0.3291,True,1566.7,1669.1,Serie_A
2025-03-16,Atalanta,Inter Milan,away_win,away_win,0.3479,0.3205,0.3316,0.3479,True,1684.5,1748.7,Serie_A
2025-03-29,Como,Empoli,draw,home_win,0.4636,0.4636,0.295,0.2415,False,1481.6,1389.1,Serie_A
2025-03-29,Venezia,Bologna,away_win,away_win,0.4472,0.2416,0.3112,0.4472,True,1432.4,1651.1,Serie_A
2025-03-29,Juventus,Genoa,home_win,home_win,0.4807,0.4807,0.2695,0.2498,True,1650.7,1514.8,Serie_A
2025-03-29,Lecce,Roma,away_win,away_win,0.4474,0.2551,0.2976,0.4474,True,1401.7,1629.9,Serie_A
2025-03-30,Napoli,Milan,home_win,home_win,0.4512,0.4512,0.2408,0.308,True,1671.2,1600.7,Serie_A
2025-03-30,Inter Milan,Udinese,home_win,home_win,0.6977,0.6977,0.18,0.1223,True,1764.1,1511.6,Serie_A
2025-03-30,Cagliari,Monza,home_win,home_win,0.4238,0.4238,0.3472,0.229,True,1438.0,1346.7,Serie_A
2025-03-30,Fiorentina,Atalanta,home_win,draw,0.3465,0.3365,0.3465,0.3169,False,1585.1,1669.2,Serie_A
2025-03-31,Hellas Verona,Parma,draw,home_win,0.5063,0.5063,0.18,0.3137,False,1453.4,1420.2,Serie_A
2025-03-31,Lazio,Torino,draw,home_win,0.411,0.411,0.3019,0.2872,False,1608.0,1551.8,Serie_A
2025-04-04,Genoa,Udinese,home_win,draw,0.3822,0.3398,0.3822,0.278,False,1506.6,1506.8,Serie_A
2025-04-05,Monza,Como,away_win,away_win,0.3899,0.3025,0.3076,0.3899,True,1336.8,1475.3,Serie_A
2025-04-05,Parma,Inter Milan,draw,away_win,0.6931,0.1269,0.18,0.6931,False,1423.9,1768.9,Serie_A
2025-04-05,Milan,Fiorentina,draw,home_win,0.3439,0.3439,0.3434,0.3127,False,1590.0,1602.6,Serie_A
2025-04-06,Roma,Juventus,draw,away_win,0.3484,0.3245,0.3271,0.3484,False,1638.4,1658.9,Serie_A
2025-04-06,Torino,Hellas Verona,draw,home_win,0.5836,0.5836,0.18,0.2364,False,1556.6,1449.6,Serie_A
2025-04-06,Atalanta,Lazio,away_win,home_win,0.4769,0.4769,0.2535,0.2696,False,1651.6,1603.3,Serie_A
2025-04-06,Lecce,Venezia,draw,draw,0.4554,0.2733,0.4554,0.2713,True,1393.2,1423.6,Serie_A
2025-04-06,Empoli,Cagliari,draw,draw,0.4524,0.2639,0.4524,0.2837,True,1395.3,1447.8,Serie_A
2025-04-07,Bologna,Napoli,draw,home_win,0.4178,0.4178,0.2832,0.299,False,1659.9,1681.9,Serie_A
2025-04-11,Udinese,Milan,away_win,draw,0.3464,0.331,0.3464,0.3226,False,1493.1,1588.3,Serie_A
2025-04-12,Venezia,Monza,home_win,home_win,0.3951,0.3951,0.3656,0.2392,True,1424.5,1324.8,Serie_A
2025-04-12,Inter Milan,Cagliari,home_win,home_win,0.7284,0.7284,0.18,0.0916,True,1757.8,1447.7,Serie_A
2025-04-12,Juventus,Lecce,home_win,home_win,0.5723,0.5723,0.2776,0.1501,True,1660.2,1392.3,Serie_A
2025-04-13,Atalanta,Bologna,home_win,home_win,0.3546,0.3546,0.3509,0.2945,True,1631.2,1658.6,Serie_A
2025-04-13,Fiorentina,Parma,draw,home_win,0.5206,0.5206,0.296,0.1834,False,1604.4,1435.0,Serie_A
2025-04-13,Hellas Verona,Genoa,draw,away_win,0.3474,0.3205,0.3321,0.3474,False,1456.4,1520.3,Serie_A
2025-04-13,Como,Torino,home_win,draw,0.3873,0.3207,0.3873,0.2919,False,1487.4,1549.8,Serie_A
2025-04-13,Lazio,Roma,draw,home_win,0.4196,0.4196,0.2779,0.3026,False,1623.7,1637.0,Serie_A
2025-04-14,Napoli,Empoli,home_win,home_win,0.5247,0.5247,0.2922,0.1831,True,1683.2,1395.5,Serie_A
2025-04-19,Lecce,Como,away_win,away_win,0.422,0.2798,0.2982,0.422,True,1387.9,1503.9,Serie_A
2025-04-19,Monza,Napoli,away_win,away_win,0.4731,0.224,0.3029,0.4731,True,1315.3,1687.2,Serie_A
2025-04-19,Roma,Hellas Verona,home_win,home_win,0.649,0.649,0.18,0.171,True,1638.7,1457.0,Serie_A
2025-04-20,Empoli,Venezia,draw,draw,0.4629,0.2835,0.4629,0.2536,True,1391.4,1434.0,Serie_A
2025-04-20,Bologna,Inter Milan,home_win,away_win,0.4889,0.3311,0.18,0.4889,False,1643.7,1761.4,Serie_A
2025-04-20,Milan,Atalanta,away_win,draw,0.3487,0.3347,0.3487,0.3166,False,1602.2,1646.2,Serie_A
2025-04-23,Cagliari,Fiorentina,away_win,away_win,0.3966,0.2967,0.3067,0.3966,True,1444.1,1595.4,Serie_A
2025-04-23,Genoa,Lazio,away_win,draw,0.3574,0.3257,0.3574,0.3169,False,1519.7,1622.0,Serie_A
2025-04-23,Parma,Juventus,home_win,away_win,0.4739,0.2482,0.2779,0.4739,False,1443.9,1664.7,Serie_A
2025-04-23,Torino,Udinese,home_win,home_win,0.3952,0.3952,0.3225,0.2823,True,1533.2,1479.2,Serie_A
2025-04-27,Atalanta,Lecce,draw,home_win,0.5821,0.5821,0.2771,0.1408,False,1662.5,1374.9,Serie_A
2025-04-27,Napoli,Torino,home_win,home_win,0.4676,0.4676,0.2812,0.2512,True,1691.5,1544.6,Serie_A
2025-04-27,Juventus,Monza,home_win,home_win,0.5359,0.5359,0.2962,0.1679,True,1641.4,1311.0,Serie_A
2025-04-27,Venezia,Milan,away_win,away_win,0.4192,0.2914,0.2894,0.4192,True,1434.3,1586.0,Serie_A
2025-04-27,Fiorentina,Empoli,home_win,home_win,0.5124,0.5124,0.3143,0.1733,True,1606.9,1391.1,Serie_A
2025-04-27,Inter Milan,Roma,away_win,home_win,0.5737,0.5737,0.18,0.2463,False,1742.3,1645.4,Serie_A
2025-04-27,Como,Genoa,home_win,home_win,0.4097,0.4097,0.2769,0.3134,True,1516.9,1506.1,Serie_A
2025-04-28,Udinese,Bologna,draw,away_win,0.4112,0.293,0.2958,0.4112,False,1467.8,1662.8,Serie_A
2025-04-28,Lazio,Parma,draw,home_win,0.4907,0.4907,0.299,0.2103,False,1635.6,1467.2,Serie_A
2025-04-28,Hellas Verona,Cagliari,away_win,home_win,0.4889,0.4889,0.18,0.3311,False,1450.4,1432.7,Serie_A
2025-05-02,Torino,Venezia,draw,home_win,0.4427,0.4427,0.3365,0.2208,False,1536.8,1422.9,Serie_A
2025-05-03,Inter Milan,Hellas Verona,home_win,home_win,0.7178,0.7178,0.18,0.1022,True,1719.9,1431.3,Serie_A
2025-05-03,Cagliari,Udinese,away_win,draw,0.4096,0.3173,0.4096,0.2731,False,1451.7,1474.1,Serie_A
2025-05-03,Parma,Como,away_win,draw,0.3962,0.2819,0.3962,0.3219,False,1476.1,1530.2,Serie_A
2025-05-03,Lecce,Napoli,away_win,away_win,0.4997,0.205,0.2953,0.4997,True,1386.9,1699.3,Serie_A
2025-05-04,Bologna,Juventus,draw,home_win,0.4323,0.4323,0.255,0.3126,False,1656.4,1644.6,Serie_A
2025-05-04,Roma,Fiorentina,home_win,home_win,0.3536,0.3536,0.3224,0.324,True,1667.8,1612.6,Serie_A
2025-05-04,Empoli,Lazio,away_win,away_win,0.4292,0.2542,0.3166,0.4292,True,1385.4,1626.7,Serie_A
2025-05-04,Monza,Atalanta,away_win,away_win,0.486,0.2121,0.3019,0.486,True,1307.8,1650.5,Serie_A
2025-05-05,Genoa,Milan,away_win,away_win,0.3404,0.3249,0.3347,0.3404,True,1492.9,1597.4,Serie_A
2025-05-09,Milan,Bologna,home_win,draw,0.3637,0.3281,0.3637,0.3082,False,1610.9,1653.6,Serie_A
2025-05-10,Empoli,Parma,home_win,draw,0.4267,0.2912,0.4267,0.2821,False,1377.4,1460.3,Serie_A
2025-05-10,Como,Cagliari,home_win,home_win,0.45,0.45,0.284,0.2661,True,1546.0,1434.5,Serie_A
2025-05-10,Lazio,Juventus,draw,home_win,0.3437,0.3437,0.3385,0.3178,False,1634.7,1647.4,Serie_A
2025-05-11,Napoli,Genoa,draw,home_win,0.4926,0.4926,0.2735,0.2339,False,1705.1,1479.3,Serie_A
2025-05-11,Torino,Inter Milan,away_win,away_win,0.571,0.249,0.18,0.571,True,1529.7,1723.9,Serie_A
2025-05-11,Udinese,Monza,away_win,home_win,0.4677,0.4677,0.3436,0.1886,False,1491.4,1302.8,Serie_A
2025-05-11,Hellas Verona,Lecce,draw,home_win,0.5207,0.5207,0.18,0.2993,False,1427.3,1381.1,Serie_A
2025-05-12,Venezia,Fiorentina,home_win,away_win,0.4276,0.2538,0.3186,0.4276,False,1429.9,1601.3,Serie_A
2025-05-12,Atalanta,Roma,home_win,home_win,0.4629,0.4629,0.2602,0.2769,True,1655.5,1679.1,Serie_A
2025-05-17,Genoa,Atalanta,away_win,away_win,0.4235,0.3038,0.2727,0.4235,True,1489.9,1670.3,Serie_A
2025-05-18,Hellas Verona,Como,draw,away_win,0.5051,0.3149,0.18,0.5051,False,1423.0,1555.0,Serie_A
2025-05-18,Roma,Milan,home_win,home_win,0.3739,0.3739,0.3002,0.3259,True,1664.3,1626.6,Serie_A
2025-05-18,Monza,Empoli,away_win,draw,0.4662,0.2754,0.4662,0.2585,False,1328.3,1394.9,Serie_A
2025-05-18,Lecce,Torino,home_win,away_win,0.398,0.2589,0.3431,0.398,False,1385.4,1520.0,Serie_A
2025-05-18,Parma,Napoli,draw,away_win,0.4673,0.2502,0.2825,0.4673,False,1442.8,1694.5,Serie_A
2025-05-18,Inter Milan,Lazio,draw,home_win,0.5774,0.5774,0.18,0.2426,False,1733.6,1633.0,Serie_A
2025-05-18,Fiorentina,Bologna,home_win,draw,0.3884,0.3257,0.3884,0.2859,False,1579.9,1638.0,Serie_A
2025-05-18,Cagliari,Venezia,home_win,home_win,0.3665,0.3665,0.3652,0.2684,True,1425.4,1451.3,Serie_A
2025-05-18,Juventus,Udinese,home_win,home_win,0.487,0.487,0.2746,0.2384,True,1649.1,1465.9,Serie_A
2025-05-23,Como,Inter Milan,away_win,away_win,0.5523,0.2677,0.18,0.5523,True,1551.3,1727.1,Serie_A
2025-05-23,Napoli,Cagliari,home_win,home_win,0.491,0.491,0.2803,0.2287,True,1686.2,1440.3,Serie_A
2025-05-24,Bologna,Genoa,away_win,home_win,0.4751,0.4751,0.2897,0.2352,False,1621.6,1479.7,Serie_A
2025-05-24,Milan,Monza,home_win,home_win,0.5241,0.5241,0.297,0.1789,True,1614.5,1313.1,Serie_A
2025-05-25,Udinese,Fiorentina,away_win,draw,0.3641,0.2822,0.3641,0.3537,False,1459.2,1596.3,Serie_A
2025-05-25,Atalanta,Parma,away_win,home_win,0.5586,0.5586,0.269,0.1724,False,1680.5,1451.2,Serie_A
2025-05-25,Empoli,Hellas Verona,away_win,home_win,0.3875,0.3875,0.293,0.3195,False,1410.2,1426.7,Serie_A
2025-05-25,Lazio,Lecce,away_win,home_win,0.5193,0.5193,0.3109,0.1699,False,1639.5,1405.2,Serie_A
2025-05-25,Torino,Roma,away_win,away_win,0.3494,0.3143,0.3363,0.3494,True,1500.2,1676.3,Serie_A
2025-05-25,Venezia,Juventus,away_win,away_win,0.456,0.2547,0.2893,0.456,True,1436.4,1655.8,Serie_A
2023-08-11,Volendam,Vitesse,away_win,draw,0.479,0.2855,0.479,0.2355,False,1454.0,1497.1,Eredivisie
2023-08-12,PSV Eindhoven,Utrecht,home_win,home_win,0.631,0.631,0.1989,0.1702,True,1675.5,1551.0,Eredivisie
2023-08-12,Heerenveen,Waalwijk,home_win,home_win,0.422,0.422,0.3217,0.2562,True,1497.2,1443.3,Eredivisie
2023-08-12,Ajax,Heracles,home_win,home_win,0.445,0.445,0.2989,0.2561,True,1616.9,1500.0,Eredivisie
2023-08-12,Zwolle,Sparta Rotterdam,away_win,home_win,0.3827,0.3827,0.345,0.2722,False,1500.0,1564.0,Eredivisie
2023-08-13,Feyenoord,For Sittard,draw,home_win,0.576,0.576,0.2624,0.1616,False,1700.6,1429.8,Eredivisie
2023-08-13,Almere City,Twente,away_win,away_win,0.3972,0.2835,0.3193,0.3972,True,1500.0,1608.7,Eredivisie
2023-08-13,Nijmegen,Excelsior,away_win,home_win,0.513,0.513,0.2708,0.2162,False,1453.5,1409.8,Eredivisie
2023-08-13,AZ Alkmaar,Go Ahead Eagles,home_win,home_win,0.4739,0.4739,0.2803,0.2458,True,1598.3,1471.2,Eredivisie
2023-08-18,Heracles,Nijmegen,home_win,home_win,0.4107,0.4107,0.3069,0.2824,True,1491.1,1433.3,Eredivisie
2023-08-19,Excelsior,Ajax,draw,away_win,0.4239,0.283,0.2931,0.4239,False,1430.0,1625.7,Eredivisie
2023-08-19,Vitesse,PSV Eindhoven,away_win,away_win,0.4709,0.2442,0.2849,0.4709,True,1513.5,1684.1,Eredivisie
2023-08-19,For Sittard,Almere City,home_win,draw,0.3856,0.3818,0.3856,0.2327,False,1441.5,1486.7,Eredivisie
2023-08-19,Go Ahead Eagles,Volendam,home_win,home_win,0.4389,0.4389,0.31,0.2511,True,1462.7,1437.7,Eredivisie
2023-08-20,Twente,Zwolle,home_win,home_win,0.4648,0.4648,0.2866,0.2485,True,1622.1,1484.6,Eredivisie
2023-08-20,Utrecht,Heerenveen,away_win,home_win,0.3597,0.3597,0.3465,0.2939,False,1542.4,1508.6,Eredivisie
2023-08-20,Sparta Rotterdam,Feyenoord,draw,away_win,0.436,0.2959,0.268,0.436,False,1579.4,1689.0,Eredivisie
2023-08-20,Waalwijk,AZ Alkmaar,away_win,draw,0.3602,0.3002,0.3602,0.3395,False,1431.9,1606.8,Eredivisie
2023-08-26,Excelsior,For Sittard,draw,draw,0.4177,0.3105,0.4177,0.2718,True,1436.4,1457.2,Eredivisie
2023-08-26,Nijmegen,Waalwijk,home_win,home_win,0.437,0.437,0.3011,0.2619,True,1422.1,1421.4,Eredivisie
2023-08-27,Zwolle,Utrecht,home_win,home_win,0.3917,0.3917,0.3367,0.2716,True,1476.5,1522.6,Eredivisie
2023-08-27,Feyenoord,Almere City,home_win,home_win,0.6123,0.6123,0.2607,0.127,True,1686.3,1470.9,Eredivisie
2023-08-27,Heerenveen,Sparta Rotterdam,away_win,home_win,0.4068,0.4068,0.3381,0.2551,False,1528.3,1582.1,Eredivisie
2023-09-01,Sparta Rotterdam,Nijmegen,draw,home_win,0.4089,0.4089,0.2797,0.3114,False,1597.9,1435.7,Eredivisie
2023-09-02,Heracles,Excelsior,home_win,home_win,0.454,0.454,0.3325,0.2135,True,1502.3,1435.0,Eredivisie
2023-09-02,Almere City,Zwolle,away_win,draw,0.4492,0.2569,0.4492,0.2939,False,1465.2,1492.3,Eredivisie
2023-09-02,Go Ahead Eagles,Heerenveen,home_win,draw,0.4007,0.3264,0.4007,0.2729,False,1475.3,1512.5,Eredivisie
2023-09-02,Waalwijk,PSV Eindhoven,away_win,away_win,0.4824,0.2468,0.2707,0.4824,True,1407.7,1694.7,Eredivisie
2023-09-03,Vitesse,AZ Alkmaar,away_win,draw,0.3904,0.2747,0.3904,0.3349,False,1502.8,1617.3,Eredivisie
2023-09-03,Volendam,Twente,away_win,away_win,0.408,0.2962,0.2958,0.408,True,1425.1,1630.2,Eredivisie
2023-09-03,Utrecht,Feyenoord,away_win,away_win,0.4703,0.2772,0.2525,0.4703,True,1506.8,1692.0,Eredivisie
2023-09-03,For Sittard,Ajax,draw,away_win,0.3553,0.3022,0.3425,0.3553,False,1458.6,1619.4,Eredivisie
2023-09-16,PSV Eindhoven,Nijmegen,home_win,home_win,0.5703,0.5703,0.2319,0.1978,True,1701.2,1444.5,Eredivisie
2023-09-16,Feyenoord,Heerenveen,home_win,home_win,0.5398,0.5398,0.261,0.1992,True,1702.1,1497.1,Eredivisie
2023-09-16,Vitesse,Waalwijk,away_win,draw,0.3754,0.3749,0.3754,0.2497,False,1489.7,1401.2,Eredivisie
2023-09-16,For Sittard,Volendam,home_win,home_win,0.4301,0.4301,0.326,0.2439,True,1463.5,1415.8,Eredivisie
2023-09-16,Heracles,Utrecht,away_win,home_win,0.46,0.46,0.2936,0.2464,False,1513.1,1496.7,Eredivisie
2023-09-17,AZ Alkmaar,Sparta Rotterdam,home_win,home_win,0.4807,0.4807,0.2745,0.2448,True,1630.4,1589.2,Eredivisie
2023-09-17,Twente,Ajax,home_win,home_win,0.4332,0.4332,0.2535,0.3133,True,1639.5,1614.5,Eredivisie
2023-09-17,Excelsior,Almere City,draw,draw,0.3866,0.3723,0.3866,0.2411,True,1424.2,1448.1,Eredivisie
2023-09-17,Zwolle,Go Ahead Eagles,draw,home_win,0.4073,0.4073,0.3078,0.2849,False,1509.4,1490.7,Eredivisie
2023-09-22,Go Ahead Eagles,For Sittard,home_win,home_win,0.4237,0.4237,0.3035,0.2728,True,1493.9,1475.1,Eredivisie
2023-09-23,Volendam,Heracles,draw,draw,0.4276,0.2585,0.4276,0.314,True,1404.2,1494.1,Eredivisie
2023-09-23,Nijmegen,Utrecht,home_win,home_win,0.4709,0.4709,0.2664,0.2627,True,1439.8,1515.7,Eredivisie
2023-09-23,Almere City,PSV Eindhoven,away_win,away_win,0.5631,0.1725,0.2644,0.5631,True,1449.3,1705.9,Eredivisie
2023-09-23,Heerenveen,Excelsior,away_win,home_win,0.4707,0.4707,0.3069,0.2224,False,1491.1,1423.0,Eredivisie
2023-09-24,Sparta Rotterdam,Vitesse,home_win,home_win,0.4221,0.4221,0.3532,0.2248,True,1577.3,1467.7,Eredivisie
2023-09-24,Waalwijk,Twente,home_win,away_win,0.3533,0.2981,0.3486,0.3533,False,1423.3,1652.1,Eredivisie
2023-09-24,Zwolle,AZ Alkmaar,away_win,draw,0.3511,0.3152,0.3511,0.3337,False,1506.3,1642.3,Eredivisie
2023-09-27,Twente,Vitesse,home_win,home_win,0.4877,0.4877,0.3161,0.1962,True,1628.5,1458.5,Eredivisie
2023-09-27,Ajax,Feyenoord,away_win,away_win,0.3659,0.3252,0.3089,0.3659,True,1601.9,1708.1,Eredivisie
2023-09-27,PSV Eindhoven,Go Ahead Eagles,home_win,home_win,0.6014,0.6014,0.2292,0.1694,True,1713.4,1506.7,Eredivisie
2023-09-28,AZ Alkmaar,Heracles,draw,home_win,0.4553,0.4553,0.3083,0.2364,False,1654.4,1492.3,Eredivisie
2023-09-30,Feyenoord,Go Ahead Eagles,home_win,home_win,0.5581,0.5581,0.2555,0.1864,True,1721.5,1500.8,Eredivisie
2023-09-30,PSV Eindhoven,Volendam,home_win,home_win,0.6503,0.6503,0.233,0.1167,True,1719.3,1406.0,Eredivisie
2023-09-30,Utrecht,Almere City,away_win,home_win,0.4664,0.4664,0.3132,0.2203,False,1498.6,1441.9,Eredivisie
2023-09-30,Twente,Heerenveen,home_win,home_win,0.4664,0.4664,0.2782,0.2554,True,1635.5,1469.9,Eredivisie
2023-10-01,AZ Alkmaar,For Sittard,home_win,home_win,0.4995,0.4995,0.2896,0.2109,True,1645.7,1462.3,Eredivisie
2023-10-01,Heracles,Zwolle,home_win,home_win,0.4029,0.4029,0.3351,0.2621,True,1501.0,1494.2,Eredivisie
2023-10-01,Excelsior,Sparta Rotterdam,home_win,draw,0.3803,0.2979,0.3803,0.3218,False,1444.3,1586.5,Eredivisie
2023-10-01,Nijmegen,Vitesse,away_win,home_win,0.4652,0.4652,0.3047,0.2301,False,1457.0,1451.5,Eredivisie
2023-10-06,Volendam,Utrecht,home_win,draw,0.3945,0.3191,0.3945,0.2864,False,1402.5,1477.8,Eredivisie
2023-10-07,Heerenveen,Nijmegen,draw,home_win,0.399,0.399,0.2838,0.3172,False,1462.7,1438.5,Eredivisie
2023-10-07,Almere City,Waalwijk,home_win,draw,0.4273,0.2852,0.4273,0.2875,False,1462.6,1446.9,Eredivisie
2023-10-07,Go Ahead Eagles,Heracles,home_win,draw,0.4101,0.3215,0.4101,0.2684,False,1495.2,1514.4,Eredivisie
2023-10-07,Vitesse,Excelsior,draw,draw,0.3737,0.3601,0.3737,0.2662,True,1470.0,1464.4,Eredivisie
2023-10-08,Sparta Rotterdam,PSV Eindhoven,away_win,away_win,0.5034,0.2519,0.2447,0.5034,True,1566.3,1722.8,Eredivisie
2023-10-08,For Sittard,Twente,away_win,away_win,0.352,0.3073,0.3407,0.352,True,1455.6,1642.7,Eredivisie
2023-10-08,Zwolle,Feyenoord,away_win,away_win,0.4505,0.2724,0.2771,0.4505,True,1480.8,1727.1,Eredivisie
2023-10-08,Ajax,AZ Alkmaar,away_win,draw,0.3579,0.3547,0.3579,0.2874,False,1588.4,1652.3,Eredivisie
2023-10-21,PSV Eindhoven,For Sittard,home_win,home_win,0.6279,0.6279,0.2342,0.1379,True,1734.1,1445.6,Eredivisie
2023-10-21,Waalwijk,Volendam,home_win,home_win,0.4167,0.4167,0.3362,0.2471,True,1433.9,1419.7,Eredivisie
2023-10-21,Nijmegen,Almere City,draw,home_win,0.4769,0.4769,0.3117,0.2114,False,1441.8,1475.6,Eredivisie
2023-10-21,AZ Alkmaar,Heerenveen,home_win,home_win,0.4925,0.4925,0.2842,0.2233,True,1667.6,1459.3,Eredivisie
2023-10-21,Feyenoord,Vitesse,home_win,home_win,0.5734,0.5734,0.2881,0.1385,True,1734.9,1467.5,Eredivisie
2023-10-22,Go Ahead Eagles,Sparta Rotterdam,draw,home_win,0.4047,0.4047,0.3374,0.2578,False,1509.8,1555.1,Eredivisie
2023-10-22,Heracles,Twente,draw,draw,0.348,0.3376,0.348,0.3144,True,1499.8,1652.7,Eredivisie
2023-10-22,Utrecht,Ajax,home_win,away_win,0.3632,0.3149,0.3219,0.3632,False,1460.6,1573.1,Eredivisie
2023-10-22,Excelsior,Zwolle,away_win,draw,0.4059,0.3196,0.4059,0.2745,False,1467.0,1472.9,Eredivisie
2023-10-27,Vitesse,Zwolle,draw,draw,0.4564,0.2807,0.4564,0.2629,True,1463.1,1491.0,Eredivisie
2023-10-28,Heerenveen,Heracles,home_win,draw,0.4393,0.2985,0.4393,0.2621,False,1453.4,1504.4,Eredivisie
2023-10-28,Almere City,Go Ahead Eagles,draw,draw,0.4384,0.2538,0.4384,0.3078,True,1476.4,1509.6,Eredivisie
2023-10-28,Sparta Rotterdam,Waalwijk,home_win,home_win,0.4013,0.4013,0.3278,0.2708,True,1555.3,1446.9,Eredivisie
2023-10-28,For Sittard,Utrecht,draw,home_win,0.394,0.394,0.3297,0.2763,False,1441.6,1479.5,Eredivisie
2023-10-29,Twente,Feyenoord,home_win,away_win,0.3712,0.3054,0.3234,0.3712,False,1648.1,1739.3,Eredivisie
2023-10-29,PSV Eindhoven,Ajax,home_win,home_win,0.6221,0.6221,0.2071,0.1708,True,1738.1,1554.2,Eredivisie
2023-10-29,Volendam,Excelsior,home_win,draw,0.447,0.3035,0.447,0.2495,False,1406.6,1448.9,Eredivisie
2023-11-02,Ajax,Volendam,home_win,home_win,0.5023,0.5023,0.2853,0.2125,True,1547.6,1422.2,Eredivisie
2023-11-04,Heracles,PSV Eindhoven,away_win,away_win,0.4585,0.2682,0.2734,0.4585,True,1488.4,1744.7,Eredivisie
2023-11-04,Excelsior,AZ Alkmaar,draw,away_win,0.4359,0.2621,0.302,0.4359,False,1433.3,1673.5,Eredivisie
2023-11-04,Waalwijk,Feyenoord,away_win,away_win,0.4488,0.2643,0.287,0.4488,True,1437.8,1721.4,Eredivisie
2023-11-04,Go Ahead Eagles,Vitesse,home_win,home_win,0.4345,0.4345,0.3364,0.2291,True,1510.4,1462.0,Eredivisie
2023-11-05,Sparta Rotterdam,Almere City,away_win,home_win,0.451,0.451,0.3414,0.2076,False,1564.5,1475.6,Eredivisie
2023-11-05,Ajax,Heerenveen,home_win,home_win,0.4534,0.4534,0.2754,0.2712,True,1556.2,1469.5,Eredivisie
2023-11-05,Zwolle,For Sittard,home_win,home_win,0.4254,0.4254,0.3183,0.2564,True,1492.0,1441.1,Eredivisie
2023-11-05,Nijmegen,Volendam,draw,home_win,0.499,0.499,0.2749,0.226,False,1441.1,1413.7,Eredivisie
2023-11-05,Utrecht,Twente,draw,away_win,0.4115,0.3267,0.2619,0.4115,False,1480.0,1666.0,Eredivisie
2023-11-10,For Sittard,Heracles,home_win,draw,0.4499,0.2789,0.4499,0.2712,False,1429.6,1480.9,Eredivisie
2023-11-11,Waalwijk,Go Ahead Eagles,away_win,draw,0.3952,0.3132,0.3952,0.2916,False,1431.1,1521.9,Eredivisie
2023-11-11,Twente,Nijmegen,draw,home_win,0.4583,0.4583,0.2584,0.2834,False,1660.0,1437.6,Eredivisie
2023-11-11,Vitesse,Heerenveen,away_win,draw,0.4275,0.2957,0.4275,0.2769,False,1450.5,1459.5,Eredivisie
2023-11-12,Utrecht,Excelsior,draw,home_win,0.4321,0.4321,0.3003,0.2676,False,1486.0,1441.3,Eredivisie
2023-11-12,Feyenoord,AZ Alkmaar,home_win,home_win,0.5179,0.5179,0.2392,0.2429,True,1728.0,1665.6,Eredivisie
2023-11-12,Volendam,Sparta Rotterdam,away_win,draw,0.3824,0.3061,0.3824,0.3115,False,1417.2,1542.4,Eredivisie
2023-11-12,Almere City,Ajax,draw,away_win,0.3741,0.2755,0.3504,0.3741,False,1497.7,1566.2,Eredivisie
2023-11-12,PSV Eindhoven,Zwolle,home_win,home_win,0.6086,0.6086,0.2384,0.1529,True,1752.2,1503.5,Eredivisie
2023-11-25,Excelsior,Feyenoord,away_win,away_win,0.4966,0.2211,0.2824,0.4966,True,1445.5,1739.0,Eredivisie
2023-11-25,Heerenveen,For Sittard,home_win,home_win,0.4365,0.4365,0.3046,0.2589,True,1477.3,1445.7,Eredivisie
2023-11-25,Twente,PSV Eindhoven,away_win,away_win,0.4639,0.3048,0.2313,0.4639,True,1649.5,1757.0,Eredivisie
2023-11-25,Ajax,Vitesse,home_win,home_win,0.491,0.491,0.3094,0.1995,True,1565.3,1432.6,Eredivisie
2023-11-25,Zwolle,Waalwijk,away_win,home_win,0.4167,0.4167,0.3344,0.2488,False,1498.6,1417.0,Eredivisie
2023-11-26,Sparta Rotterdam,Utrecht,away_win,home_win,0.4398,0.4398,0.2886,0.2715,False,1555.0,1481.7,Eredivisie
2023-11-26,Nijmegen,Go Ahead Eagles,draw,home_win,0.4149,0.4149,0.2853,0.2998,False,1448.1,1536.1,Eredivisie
2023-11-26,AZ Alkmaar,Volendam,home_win,home_win,0.5343,0.5343,0.2957,0.17,True,1654.6,1404.6,Eredivisie
2023-11-26,Almere City,Heracles,away_win,draw,0.4284,0.2879,0.4284,0.2837,False,1498.5,1464.8,Eredivisie
2023-12-01,Heerenveen,Almere City,home_win,home_win,0.464,0.464,0.3159,0.2201,True,1489.7,1478.8,Eredivisie
2023-12-02,Volendam,Zwolle,away_win,draw,0.4238,0.2803,0.4238,0.2959,False,1399.8,1476.8,Eredivisie
2023-12-02,For Sittard,Vitesse,home_win,home_win,0.3948,0.3948,0.3541,0.251,True,1433.4,1424.3,Eredivisie
2023-12-02,Waalwijk,Excelsior,draw,home_win,0.4084,0.4084,0.3419,0.2497,False,1438.8,1439.2,Eredivisie
2023-12-02,Heracles,Sparta Rotterdam,away_win,home_win,0.391,0.391,0.365,0.244,False,1484.6,1533.5,Eredivisie
2023-12-03,Utrecht,AZ Alkmaar,draw,away_win,0.4105,0.3197,0.2698,0.4105,False,1503.2,1659.4,Eredivisie
2023-12-03,Nijmegen,Ajax,away_win,home_win,0.4336,0.4336,0.2401,0.3262,False,1449.8,1573.6,Eredivisie
2023-12-03,Go Ahead Eagles,Twente,away_win,home_win,0.3631,0.3631,0.3339,0.3031,False,1534.3,1636.2,Eredivisie
2023-12-03,Feyenoord,PSV Eindhoven,away_win,home_win,0.3665,0.3665,0.3175,0.316,False,1745.3,1770.4,Eredivisie
2023-12-06,AZ Alkmaar,Nijmegen,away_win,home_win,0.4701,0.4701,0.2667,0.2632,False,1654.7,1437.1,Eredivisie
2023-12-06,Waalwijk,Ajax,away_win,draw,0.3515,0.3154,0.3515,0.3331,False,1436.5,1586.3,Eredivisie
2023-12-07,PSV Eindhoven,Heerenveen,home_win,home_win,0.6082,0.6082,0.236,0.1558,True,1787.5,1502.9,Eredivisie
2023-12-07,Feyenoord,Volendam,home_win,home_win,0.6073,0.6073,0.2644,0.1283,True,1728.2,1385.0,Eredivisie
2023-12-08,Twente,Excelsior,home_win,home_win,0.5178,0.5178,0.2887,0.1935,True,1649.8,1441.5,Eredivisie
2023-12-09,AZ Alkmaar,Almere City,home_win,home_win,0.5388,0.5388,0.3005,0.1607,True,1628.3,1465.5,Eredivisie
2023-12-09,Zwolle,Nijmegen,away_win,draw,0.3529,0.3505,0.3529,0.2966,False,1491.6,1463.5,Eredivisie
2023-12-09,Ajax,Sparta Rotterdam,home_win,home_win,0.4959,0.4959,0.2642,0.2399,True,1597.8,1549.6,Eredivisie
2023-12-10,Go Ahead Eagles,Utrecht,away_win,home_win,0.465,0.465,0.2714,0.2635,False,1520.7,1507.9,Eredivisie
2023-12-10,For Sittard,Waalwijk,home_win,home_win,0.3836,0.3836,0.3335,0.2829,True,1446.7,1425.0,Eredivisie
2023-12-10,Vitesse,Heracles,home_win,draw,0.4853,0.2424,0.4853,0.2723,False,1411.0,1468.6,Eredivisie
2023-12-15,Nijmegen,For Sittard,home_win,home_win,0.4842,0.4842,0.2728,0.243,True,1483.0,1459.4,Eredivisie
2023-12-16,Utrecht,Waalwijk,draw,home_win,0.4233,0.4233,0.3073,0.2693,False,1526.8,1412.3,Eredivisie
2023-12-16,Excelsior,Go Ahead Eagles,draw,draw,0.4171,0.2831,0.4171,0.2998,True,1435.6,1501.8,Eredivisie
2023-12-16,Heerenveen,Volendam,away_win,home_win,0.4877,0.4877,0.3106,0.2018,False,1498.8,1382.0,Eredivisie
2023-12-17,Almere City,Vitesse,home_win,draw,0.4615,0.3011,0.4615,0.2374,False,1458.3,1427.3,Eredivisie
2023-12-17,Heracles,Feyenoord,away_win,away_win,0.4364,0.2752,0.2884,0.4364,True,1452.2,1731.2,Eredivisie
2023-12-17,Sparta Rotterdam,Twente,draw,away_win,0.3521,0.3068,0.3411,0.3521,False,1538.0,1655.7,Eredivisie
2023-12-17,Ajax,Zwolle,draw,home_win,0.4843,0.4843,0.2825,0.2332,False,1609.4,1472.0,Eredivisie
2023-12-17,AZ Alkmaar,PSV Eindhoven,away_win,away_win,0.4645,0.2983,0.2373,0.4645,True,1635.6,1791.6,Eredivisie
2024-01-12,Waalwijk,Heracles,away_win,draw,0.4428,0.3035,0.4428,0.2537,False,1419.3,1445.5,Eredivisie
2024-01-13,Twente,AZ Alkmaar,home_win,home_win,0.4334,0.4334,0.2609,0.3057,True,1652.6,1624.3,Eredivisie
2024-01-13,Zwolle,Heerenveen,draw,home_win,0.3869,0.3869,0.3171,0.296,False,1479.9,1475.7,Eredivisie
2024-01-13,For Sittard,Sparta Rotterdam,away_win,draw,0.3783,0.3427,0.3783,0.279,False,1446.7,1541.1,Eredivisie
2024-01-13,PSV Eindhoven,Excelsior,home_win,home_win,0.6664,0.6664,0.2289,0.1047,True,1802.9,1436.3,Eredivisie
2024-01-14,Feyenoord,Nijmegen,draw,home_win,0.5228,0.5228,0.2508,0.2264,False,1738.0,1495.7,Eredivisie
2024-01-14,Vitesse,Utrecht,draw,draw,0.3953,0.295,0.3953,0.3097,True,1415.0,1519.7,Eredivisie
2024-01-14,Go Ahead Eagles,Ajax,away_win,home_win,0.3454,0.3454,0.3382,0.3164,False,1501.1,1601.5,Eredivisie
2024-01-14,Volendam,Almere City,away_win,draw,0.3983,0.3473,0.3983,0.2544,False,1405.2,1470.6,Eredivisie
2024-01-19,Excelsior,Heerenveen,home_win,draw,0.4296,0.2797,0.4296,0.2906,False,1433.7,1478.1,Eredivisie
2024-01-20,Nijmegen,Twente,home_win,home_win,0.4378,0.4378,0.2331,0.3291,True,1506.7,1665.1,Eredivisie
2024-01-20,Heracles,Volendam,draw,home_win,0.4518,0.4518,0.3363,0.2119,False,1462.6,1389.9,Eredivisie
2024-01-20,AZ Alkmaar,Zwolle,draw,home_win,0.4739,0.4739,0.2919,0.2342,False,1611.9,1477.4,Eredivisie
2024-01-21,Utrecht,PSV Eindhoven,draw,away_win,0.5559,0.2116,0.2324,0.5559,False,1517.2,1805.5,Eredivisie
2024-01-21,Sparta Rotterdam,Go Ahead Eagles,away_win,home_win,0.3984,0.3984,0.303,0.2986,False,1555.0,1487.4,Eredivisie
2024-01-21,Vitesse,Feyenoord,away_win,away_win,0.4887,0.2028,0.3086,0.4887,True,1417.5,1727.0,Eredivisie
2024-01-21,Ajax,Waalwijk,home_win,home_win,0.4925,0.4925,0.2952,0.2123,True,1615.2,1402.2,Eredivisie
2024-01-24,Almere City,For Sittard,draw,draw,0.4152,0.3153,0.4152,0.2694,True,1485.9,1432.8,Eredivisie
2024-01-26,Zwolle,Vitesse,home_win,home_win,0.4306,0.4306,0.3534,0.2159,True,1485.2,1411.6,Eredivisie
2024-01-27,PSV Eindhoven,Almere City,home_win,home_win,0.6886,0.6886,0.2232,0.0883,True,1796.0,1481.3,Eredivisie
2024-01-27,Waalwijk,Sparta Rotterdam,draw,draw,0.3727,0.3326,0.3727,0.2947,True,1396.4,1533.8,Eredivisie
2024-01-27,Excelsior,Utrecht,draw,draw,0.3906,0.3182,0.3906,0.2912,True,1449.4,1526.8,Eredivisie
2024-01-27,Heracles,Ajax,away_win,draw,0.3516,0.3172,0.3516,0.3311,False,1457.1,1621.0,Eredivisie
2024-01-28,Go Ahead Eagles,Nijmegen,draw,draw,0.3669,0.3242,0.3669,0.3089,True,1508.6,1527.5,Eredivisie
2024-01-28,Volendam,For Sittard,away_win,draw,0.4393,0.2919,0.4393,0.2688,False,1395.3,1437.4,Eredivisie
2024-01-28,Heerenveen,AZ Alkmaar,draw,draw,0.3382,0.3335,0.3382,0.3283,True,1462.4,1604.1,Eredivisie
2024-01-28,Feyenoord,Twente,draw,home_win,0.5568,0.5568,0.2263,0.2169,False,1732.9,1644.2,Eredivisie
2024-02-02,Almere City,Excelsior,home_win,draw,0.4286,0.3122,0.4286,0.2592,False,1477.8,1450.7,Eredivisie
2024-02-03,Twente,Waalwijk,home_win,home_win,0.4855,0.4855,0.2983,0.2162,True,1650.3,1400.4,Eredivisie
2024-02-03,For Sittard,Heerenveen,draw,draw,0.3915,0.3324,0.3915,0.2761,True,1453.8,1466.5,Eredivisie
2024-02-03,Ajax,PSV Eindhoven,draw,away_win,0.4703,0.2985,0.2312,0.4703,False,1631.9,1799.5,Eredivisie
2024-02-03,Nijmegen,Heracles,home_win,home_win,0.4692,0.4692,0.2988,0.232,True,1528.9,1446.2,Eredivisie
2024-02-04,Sparta Rotterdam,Zwolle,away_win,draw,0.3764,0.347,0.3764,0.2766,False,1529.9,1495.7,Eredivisie
2024-02-04,Utrecht,Volendam,home_win,home_win,0.4731,0.4731,0.3032,0.2236,True,1525.5,1378.9,Eredivisie
2024-02-04,Vitesse,Go Ahead Eagles,away_win,draw,0.4108,0.2641,0.4108,0.3251,False,1401.1,1507.2,Eredivisie
2024-02-04,AZ Alkmaar,Feyenoord,away_win,away_win,0.3774,0.3098,0.3129,0.3774,True,1600.0,1726.8,Eredivisie
2024-02-09,Waalwijk,Nijmegen,home_win,away_win,0.397,0.2986,0.3044,0.397,False,1395.6,1539.1,Eredivisie
2024-02-10,Excelsior,Twente,away_win,away_win,0.4166,0.2897,0.2937,0.4166,True,1438.2,1655.1,Eredivisie
2024-02-10,Almere City,AZ Alkmaar,draw,away_win,0.3925,0.2722,0.3353,0.3925,False,1490.3,1587.4,Eredivisie
2024-02-10,Heracles,Vitesse,home_win,home_win,0.4212,0.4212,0.365,0.2138,True,1436.0,1387.7,Eredivisie
2024-02-11,Volendam,PSV Eindhoven,away_win,away_win,0.5659,0.1708,0.2633,0.5659,True,1371.1,1794.3,Eredivisie
2024-02-11,Go Ahead Eagles,Zwolle,draw,home_win,0.4074,0.4074,0.3105,0.2821,False,1520.6,1515.5,Eredivisie
2024-02-11,Heerenveen,Ajax,home_win,away_win,0.3446,0.3252,0.3302,0.3446,False,1468.2,1637.1,Eredivisie
2024-02-11,Utrecht,For Sittard,home_win,home_win,0.4308,0.4308,0.2945,0.2748,True,1533.3,1452.0,Eredivisie
2024-02-11,Feyenoord,Sparta Rotterdam,home_win,home_win,0.6128,0.6128,0.2413,0.146,True,1739.3,1510.1,Eredivisie
2024-02-16,PSV Eindhoven,Heracles,home_win,home_win,0.5906,0.5906,0.261,0.1483,True,1797.6,1447.6,Eredivisie
2024-02-17,For Sittard,AZ Alkmaar,away_win,draw,0.3509,0.3069,0.3509,0.3422,False,1441.8,1585.3,Eredivisie
2024-02-17,Sparta Rotterdam,Excelsior,home_win,home_win,0.4218,0.4218,0.3232,0.255,True,1504.7,1429.3,Eredivisie
2024-02-17,Heerenveen,Go Ahead Eagles,away_win,home_win,0.3847,0.3847,0.3299,0.2854,False,1489.5,1518.1,Eredivisie
2024-02-17,Zwolle,Almere City,away_win,home_win,0.4475,0.4475,0.3352,0.2173,False,1518.1,1492.5,Eredivisie
2024-02-18,Twente,Utrecht,away_win,home_win,0.5075,0.5075,0.2571,0.2354,False,1664.0,1543.5,Eredivisie
2024-02-18,Ajax,Nijmegen,draw,home_win,0.4308,0.4308,0.259,0.3102,False,1615.9,1518.9,Eredivisie
2024-02-18,Vitesse,Volendam,draw,draw,0.3744,0.3593,0.3744,0.2663,True,1376.1,1367.8,Eredivisie
2024-02-18,Feyenoord,Waalwijk,home_win,home_win,0.5584,0.5584,0.2803,0.1613,True,1744.6,1415.8,Eredivisie
2024-02-23,Utrecht,Heracles,home_win,home_win,0.4164,0.4164,0.3096,0.274,True,1566.8,1444.7,Eredivisie
2024-02-24,Nijmegen,Sparta Rotterdam,home_win,home_win,0.5231,0.5231,0.2499,0.227,True,1525.3,1515.2,Eredivisie
2024-02-24,Waalwijk,For Sittard,away_win,home_win,0.3778,0.3778,0.3533,0.2689,False,1412.5,1430.0,Eredivisie
2024-02-24,Zwolle,PSV Eindhoven,away_win,away_win,0.5063,0.2337,0.26,0.5063,True,1498.6,1800.5,Eredivisie
2024-02-25,Excelsior,Vitesse,away_win,home_win,0.3885,0.3885,0.3687,0.2428,False,1418.8,1373.4,Eredivisie
2024-02-25,Almere City,Feyenoord,away_win,away_win,0.5105,0.195,0.2945,0.5105,True,1511.9,1747.9,Eredivisie
2024-02-25,Twente,Go Ahead Eagles,home_win,home_win,0.4531,0.4531,0.2751,0.2718,True,1640.7,1535.1,Eredivisie
2024-02-25,AZ Alkmaar,Ajax,home_win,home_win,0.4167,0.4167,0.2777,0.3056,True,1597.1,1609.5,Eredivisie
2024-02-25,Volendam,Heerenveen,away_win,draw,0.3904,0.2746,0.3904,0.335,False,1370.4,1472.5,Eredivisie
2024-03-01,Volendam,Nijmegen,away_win,away_win,0.4532,0.2477,0.2991,0.4532,True,1356.8,1538.5,Eredivisie
2024-03-02,Sparta Rotterdam,AZ Alkmaar,draw,away_win,0.3577,0.2934,0.3489,0.3577,False,1501.9,1611.4,Eredivisie
2024-03-02,Go Ahead Eagles,Waalwijk,home_win,home_win,0.4511,0.4511,0.3198,0.2291,True,1525.8,1395.0,Eredivisie
2024-03-02,Vitesse,Twente,away_win,away_win,0.4249,0.2533,0.3218,0.4249,True,1393.7,1650.0,Eredivisie
2024-03-03,Ajax,Utrecht,home_win,home_win,0.4838,0.4838,0.2499,0.2663,True,1595.2,1575.5,Eredivisie
2024-03-03,Heerenveen,Zwolle,home_win,home_win,0.4018,0.4018,0.3222,0.276,True,1486.1,1492.6,Eredivisie
2024-03-03,PSV Eindhoven,Feyenoord,draw,home_win,0.5285,0.5285,0.2142,0.2573,False,1806.6,1756.1,Eredivisie
2024-03-03,For Sittard,Excelsior,home_win,home_win,0.4352,0.4352,0.3226,0.2422,True,1447.5,1398.6,Eredivisie
2024-03-03,Heracles,Almere City,draw,draw,0.3827,0.3819,0.3827,0.2354,True,1436.0,1503.7,Eredivisie
2024-03-08,Go Ahead Eagles,PSV Eindhoven,away_win,away_win,0.4947,0.2554,0.2499,0.4947,True,1534.2,1802.1,Eredivisie
2024-03-09,Almere City,Utrecht,draw,draw,0.4345,0.2643,0.4345,0.3013,True,1502.9,1562.6,Eredivisie
2024-03-09,Twente,Sparta Rotterdam,home_win,home_win,0.5201,0.5201,0.2721,0.2078,True,1657.5,1504.6,Eredivisie
2024-03-09,Waalwijk,Vitesse,home_win,home_win,0.3871,0.3871,0.3731,0.2398,True,1386.7,1386.2,Eredivisie
2024-03-10,AZ Alkmaar,Excelsior,home_win,home_win,0.5311,0.5311,0.2923,0.1766,True,1608.6,1387.0,Eredivisie
2024-03-10,Ajax,For Sittard,draw,home_win,0.4964,0.4964,0.28,0.2236,False,1608.0,1459.1,Eredivisie
2024-03-10,Zwolle,Volendam,draw,home_win,0.4723,0.4723,0.326,0.2017,False,1478.5,1346.6,Eredivisie
2024-03-10,Nijmegen,Heerenveen,home_win,home_win,0.4818,0.4818,0.2718,0.2464,True,1548.8,1500.1,Eredivisie
2024-03-10,Feyenoord,Heracles,home_win,home_win,0.5438,0.5438,0.2856,0.1706,True,1760.6,1436.8,Eredivisie
2024-03-15,Heracles,Go Ahead Eagles,home_win,draw,0.3936,0.3196,0.3936,0.2867,False,1433.5,1527.1,Eredivisie
2024-03-16,Vitesse,Almere City,draw,draw,0.4517,0.2735,0.4517,0.2748,True,1372.5,1503.3,Eredivisie
2024-03-16,For Sittard,Zwolle,home_win,home_win,0.3803,0.3803,0.3323,0.2874,True,1467.4,1470.9,Eredivisie
2024-03-16,Excelsior,Waalwijk,draw,draw,0.43,0.2939,0.43,0.2761,True,1381.5,1400.4,Eredivisie
2024-03-17,Volendam,AZ Alkmaar,away_win,away_win,0.4399,0.2557,0.3043,0.4399,True,1354.3,1614.2,Eredivisie
2024-03-17,Heerenveen,Feyenoord,away_win,away_win,0.4505,0.2822,0.2672,0.4505,True,1488.6,1763.9,Eredivisie
2024-03-17,Utrecht,Nijmegen,home_win,away_win,0.3505,0.3183,0.3313,0.3505,False,1562.2,1560.3,Eredivisie
2024-03-17,Sparta Rotterdam,Ajax,draw,away_win,0.3583,0.2954,0.3463,0.3583,False,1497.0,1599.7,Eredivisie
2024-03-17,PSV Eindhoven,Twente,home_win,home_win,0.6313,0.6313,0.1986,0.1701,True,1809.2,1665.1,Eredivisie
2024-03-30,Nijmegen,PSV Eindhoven,home_win,away_win,0.4488,0.316,0.2352,0.4488,False,1546.7,1817.1,Eredivisie
2024-03-30,Sparta Rotterdam,For Sittard,home_win,draw,0.3751,0.3448,0.3751,0.28,False,1499.5,1481.2,Eredivisie
2024-03-30,Go Ahead Eagles,Excelsior,home_win,home_win,0.492,0.492,0.3064,0.2015,True,1509.1,1380.0,Eredivisie
2024-03-30,Waalwijk,Heerenveen,draw,draw,0.4097,0.3044,0.4097,0.2859,True,1401.8,1481.7,Eredivisie
2024-03-30,AZ Alkmaar,Vitesse,home_win,home_win,0.5187,0.5187,0.3207,0.1607,True,1621.5,1376.2,Eredivisie
2024-03-31,Zwolle,Ajax,away_win,draw,0.3427,0.3166,0.3427,0.3407,False,1457.0,1597.3,Eredivisie
2024-03-31,Feyenoord,Utrecht,home_win,home_win,0.6063,0.6063,0.2286,0.1652,True,1770.8,1575.8,Eredivisie
2024-03-31,Twente,Heracles,home_win,home_win,0.4613,0.4613,0.301,0.2377,True,1657.2,1451.5,Eredivisie
2024-03-31,Almere City,Volendam,draw,home_win,0.3988,0.3988,0.3713,0.2299,False,1499.7,1346.9,Eredivisie
2024-04-02,Excelsior,PSV Eindhoven,away_win,away_win,0.5706,0.1691,0.2603,0.5706,True,1371.6,1792.1,Eredivisie
2024-04-02,For Sittard,Nijmegen,draw,away_win,0.3963,0.3066,0.2971,0.3963,False,1468.3,1571.7,Eredivisie
2024-04-02,Vitesse,Sparta Rotterdam,away_win,draw,0.4118,0.2749,0.4118,0.3133,False,1371.2,1512.4,Eredivisie
2024-04-03,Heracles,AZ Alkmaar,home_win,draw,0.3604,0.3052,0.3604,0.3343,False,1445.5,1626.5,Eredivisie
2024-04-03,Utrecht,Zwolle,home_win,home_win,0.4433,0.4433,0.2961,0.2607,True,1569.5,1445.1,Eredivisie
2024-04-03,Heerenveen,Twente,draw,home_win,0.3369,0.3369,0.3264,0.3366,False,1480.3,1663.1,Eredivisie
2024-04-04,Volendam,Feyenoord,draw,away_win,0.5261,0.1889,0.285,0.5261,False,1355.3,1777.1,Eredivisie
2024-04-04,Waalwijk,Almere City,draw,home_win,0.3751,0.3751,0.3652,0.2597,False,1403.2,1491.3,Eredivisie
2024-04-04,Ajax,Go Ahead Eagles,draw,home_win,0.4675,0.4675,0.2714,0.2611,False,1609.3,1517.5,Eredivisie
2024-04-06,PSV Eindhoven,AZ Alkmaar,home_win,home_win,0.6207,0.6207,0.2126,0.1667,True,1795.5,1604.7,Eredivisie
2024-04-06,Sparta Rotterdam,Heracles,away_win,draw,0.3898,0.3359,0.3898,0.2743,False,1524.3,1467.3,Eredivisie
2024-04-06,Zwolle,Excelsior,home_win,home_win,0.4487,0.4487,0.3225,0.2288,True,1436.5,1368.2,Eredivisie
2024-04-06,Twente,For Sittard,home_win,home_win,0.4902,0.4902,0.2847,0.225,True,1657.3,1470.8,Eredivisie
2024-04-07,Vitesse,Nijmegen,away_win,away_win,0.4539,0.2221,0.324,0.4539,True,1359.3,1569.2,Eredivisie
2024-04-07,Feyenoord,Ajax,home_win,home_win,0.5639,0.5639,0.2326,0.2036,True,1764.4,1603.1,Eredivisie
2024-04-07,Go Ahead Eagles,Almere City,draw,home_win,0.4714,0.4714,0.3162,0.2125,False,1523.7,1489.5,Eredivisie
2024-04-07,Volendam,Waalwijk,home_win,draw,0.449,0.2779,0.449,0.2731,False,1368.0,1404.9,Eredivisie
2024-04-07,Heerenveen,Utrecht,away_win,home_win,0.4102,0.4102,0.2874,0.3024,False,1486.2,1578.1,Eredivisie
2024-04-12,Excelsior,Volendam,home_win,draw,0.433,0.3143,0.433,0.2527,False,1357.5,1383.4,Eredivisie
2024-04-13,Almere City,Sparta Rotterdam,away_win,draw,0.4307,0.2977,0.4307,0.2716,False,1493.3,1503.5,Eredivisie
2024-04-13,PSV Eindhoven,Vitesse,home_win,home_win,0.6519,0.6519,0.2553,0.0927,True,1801.9,1350.2,Eredivisie
2024-04-13,AZ Alkmaar,Waalwijk,home_win,home_win,0.4827,0.4827,0.3047,0.2126,True,1598.3,1389.5,Eredivisie
2024-04-14,Heracles,Heerenveen,away_win,home_win,0.4053,0.4053,0.3239,0.2708,False,1488.1,1472.1,Eredivisie
2024-04-14,For Sittard,Feyenoord,away_win,away_win,0.4792,0.2448,0.276,0.4792,True,1464.2,1771.7,Eredivisie
2024-04-14,Utrecht,Go Ahead Eagles,home_win,home_win,0.4215,0.4215,0.2838,0.2947,True,1592.2,1519.9,Eredivisie
2024-04-14,Ajax,Twente,home_win,home_win,0.4119,0.4119,0.2837,0.3044,True,1595.8,1663.8,Eredivisie
2024-04-14,Nijmegen,Zwolle,draw,home_win,0.5259,0.5259,0.2767,0.1974,False,1578.4,1447.2,Eredivisie
2024-04-24,Twente,Almere City,home_win,home_win,0.5359,0.5359,0.2981,0.1661,True,1647.0,1475.5,Eredivisie
2024-04-24,Ajax,Excelsior,draw,home_win,0.5476,0.5476,0.2819,0.1705,False,1612.6,1372.4,Eredivisie
2024-04-25,Heerenveen,PSV Eindhoven,away_win,away_win,0.4974,0.2498,0.2528,0.4974,True,1491.1,1803.6,Eredivisie
2024-04-25,Go Ahead Eagles,Feyenoord,away_win,away_win,0.4585,0.2761,0.2654,0.4585,True,1509.3,1777.7,Eredivisie
2024-04-28,Waalwijk,Utrecht,draw,draw,0.3544,0.3051,0.3544,0.3404,True,1383.6,1602.8,Eredivisie
2024-04-28,Nijmegen,AZ Alkmaar,away_win,home_win,0.4556,0.4556,0.2866,0.2578,False,1570.7,1604.2,Eredivisie
2024-04-28,Zwolle,Heracles,home_win,draw,0.4201,0.3145,0.4201,0.2654,False,1454.9,1469.1,Eredivisie
2024-04-28,Sparta Rotterdam,Volendam,home_win,home_win,0.4509,0.4509,0.3261,0.223,True,1521.3,1368.5,Eredivisie
2024-04-28,Vitesse,For Sittard,home_win,draw,0.4209,0.2638,0.4209,0.3152,False,1348.5,1458.3,Eredivisie
2024-05-03,For Sittard,Go Ahead Eagles,draw,draw,0.4098,0.308,0.4098,0.2822,True,1439.6,1502.2,Eredivisie
2024-05-03,Almere City,Heerenveen,draw,draw,0.4251,0.2632,0.4251,0.3116,True,1468.5,1485.3,Eredivisie
2024-05-05,Heracles,Waalwijk,away_win,home_win,0.415,0.415,0.3475,0.2375,False,1454.7,1390.9,Eredivisie
2024-05-05,PSV Eindhoven,Sparta Rotterdam,home_win,home_win,0.6774,0.6774,0.2091,0.1135,True,1809.4,1528.9,Eredivisie
2024-05-05,Utrecht,Vitesse,home_win,home_win,0.4899,0.4899,0.3284,0.1817,True,1595.6,1367.3,Eredivisie
2024-05-05,Volendam,Ajax,away_win,away_win,0.4393,0.2654,0.2953,0.4393,True,1360.9,1601.7,Eredivisie
2024-05-05,AZ Alkmaar,Twente,home_win,home_win,0.4175,0.4175,0.2935,0.289,True,1621.0,1654.0,Eredivisie
2024-05-05,Feyenoord,Zwolle,home_win,home_win,0.5778,0.5778,0.2659,0.1564,True,1784.7,1469.2,Eredivisie
2024-05-06,Excelsior,Nijmegen,away_win,away_win,0.4526,0.2513,0.2961,0.4526,True,1383.3,1553.9,Eredivisie
2024-05-12,Nijmegen,Feyenoord,away_win,away_win,0.3689,0.3278,0.3033,0.3689,True,1564.6,1788.2,Eredivisie
2024-05-12,Utrecht,Sparta Rotterdam,away_win,home_win,0.4675,0.4675,0.2841,0.2484,False,1600.9,1524.7,Eredivisie
2024-05-12,Twente,Volendam,home_win,home_win,0.5344,0.5344,0.2918,0.1738,True,1638.8,1352.9,Eredivisie
2024-05-12,Heerenveen,Vitesse,away_win,home_win,0.4739,0.4739,0.3374,0.1888,False,1486.8,1361.9,Eredivisie
2024-05-12,Waalwijk,Zwolle,draw,draw,0.4418,0.3079,0.4418,0.2503,True,1411.9,1465.8,Eredivisie
2024-05-12,For Sittard,PSV Eindhoven,draw,away_win,0.5349,0.207,0.2581,0.5349,False,1440.2,1813.5,Eredivisie
2024-05-12,Excelsior,Heracles,home_win,draw,0.4506,0.2585,0.4506,0.2908,False,1372.6,1433.6,Eredivisie
2024-05-12,Ajax,Almere City,home_win,home_win,0.5445,0.5445,0.2879,0.1675,True,1609.7,1467.0,Eredivisie
2024-05-12,Go Ahead Eagles,AZ Alkmaar,away_win,draw,0.3375,0.3298,0.3375,0.3327,False,1501.6,1636.2,Eredivisie
2024-05-19,Vitesse,Ajax,draw,away_win,0.4299,0.2496,0.3205,0.4299,False,1385.3,1617.6,Eredivisie
2024-05-19,Sparta Rotterdam,Heerenveen,home_win,home_win,0.3969,0.3969,0.3053,0.2978,True,1546.3,1463.4,Eredivisie
2024-05-19,Volendam,Go Ahead Eagles,away_win,away_win,0.3861,0.2936,0.3202,0.3861,True,1348.8,1489.4,Eredivisie
2024-05-19,PSV Eindhoven,Waalwijk,home_win,home_win,0.6125,0.6125,0.2542,0.1332,True,1801.8,1412.1,Eredivisie
2024-05-19,Zwolle,Twente,away_win,away_win,0.3429,0.3166,0.3405,0.3429,True,1465.6,1642.8,Eredivisie
2024-05-19,Feyenoord,Excelsior,home_win,home_win,0.6231,0.6231,0.2606,0.1163,True,1796.8,1389.1,Eredivisie
2024-05-19,Almere City,Nijmegen,away_win,away_win,0.4381,0.2426,0.3193,0.4381,True,1459.1,1556.0,Eredivisie
2024-05-19,Heracles,For Sittard,draw,draw,0.3695,0.3679,0.3695,0.2626,True,1417.1,1451.9,Eredivisie
2024-05-19,AZ Alkmaar,Utrecht,draw,home_win,0.4969,0.4969,0.2594,0.2437,False,1648.4,1579.4,Eredivisie
2024-08-09,Groningen,NAC Breda,home_win,draw,0.3742,0.2861,0.3742,0.3397,False,1306.9,1500.0,Eredivisie
2024-08-10,Feyenoord,Willem II,draw,home_win,0.631,0.631,0.251,0.118,False,1799.0,1500.0,Eredivisie
2024-08-10,Nijmegen,Twente,away_win,home_win,0.4651,0.4651,0.2571,0.2778,False,1569.8,1653.2,Eredivisie
2024-08-10,Almere City,AZ Alkmaar,away_win,away_win,0.4483,0.228,0.3237,0.4483,True,1445.2,1643.1,Eredivisie
2024-08-10,PSV Eindhoven,Waalwijk,home_win,home_win,0.6132,0.6132,0.2542,0.1326,True,1804.2,1409.7,Eredivisie
2024-08-11,Sparta Rotterdam,Heracles,draw,home_win,0.4058,0.4058,0.3298,0.2644,False,1556.5,1416.4,Eredivisie
2024-08-11,Go Ahead Eagles,For Sittard,away_win,home_win,0.4388,0.4388,0.3035,0.2577,False,1501.4,1452.6,Eredivisie
2024-08-11,Utrecht,Zwolle,home_win,home_win,0.4453,0.4453,0.2961,0.2586,True,1584.6,1455.2,Eredivisie
2024-08-11,Ajax,Heerenveen,home_win,home_win,0.4828,0.4828,0.2754,0.2418,True,1609.9,1453.2,Eredivisie
2024-08-16,For Sittard,Almere City,home_win,home_win,0.4498,0.4498,0.3359,0.2143,True,1473.0,1435.6,Eredivisie
2024-08-17,Heerenveen,Utrecht,draw,home_win,0.3571,0.3571,0.3312,0.3117,False,1445.8,1593.0,Eredivisie
2024-08-17,Twente,Sparta Rotterdam,draw,home_win,0.5065,0.5065,0.2721,0.2214,False,1667.7,1548.5,Eredivisie
2024-08-17,AZ Alkmaar,Nijmegen,home_win,home_win,0.4246,0.4246,0.2667,0.3087,True,1652.7,1555.4,Eredivisie
2024-08-17,Waalwijk,Groningen,away_win,home_win,0.4737,0.4737,0.3098,0.2165,False,1407.4,1329.2,Eredivisie
2024-08-18,NAC Breda,Ajax,home_win,away_win,0.4187,0.2888,0.2925,0.4187,False,1477.8,1617.4,Eredivisie
2024-08-18,Zwolle,Feyenoord,away_win,away_win,0.4821,0.2408,0.2771,0.4821,True,1446.8,1786.8,Eredivisie
2024-08-18,Heracles,PSV Eindhoven,away_win,away_win,0.4972,0.2295,0.2734,0.4972,True,1424.4,1806.5,Eredivisie
2024-08-18,Willem II,Go Ahead Eagles,home_win,draw,0.38,0.3282,0.38,0.2919,False,1512.2,1480.9,Eredivisie
2024-08-24,Nijmegen,Zwolle,home_win,home_win,0.5144,0.5144,0.2767,0.2089,True,1545.8,1441.7,Eredivisie
2024-08-24,Almere City,PSV Eindhoven,away_win,away_win,0.6029,0.1327,0.2644,0.6029,True,1423.6,1810.6,Eredivisie
2024-08-24,NAC Breda,Utrecht,away_win,draw,0.3811,0.2983,0.3811,0.3206,False,1497.8,1588.7,Eredivisie
2024-08-25,Go Ahead Eagles,Waalwijk,home_win,home_win,0.4302,0.4302,0.3198,0.25,True,1468.6,1385.8,Eredivisie
2024-08-25,Groningen,AZ Alkmaar,draw,away_win,0.4734,0.2423,0.2843,0.4734,False,1350.8,1662.3,Eredivisie
2024-08-25,Heracles,Willem II,draw,home_win,0.3818,0.3818,0.3326,0.2856,False,1420.3,1524.5,Eredivisie
2024-08-25,Sparta Rotterdam,Feyenoord,draw,away_win,0.4952,0.2371,0.2677,0.4952,False,1555.7,1791.8,Eredivisie
2024-08-30,Waalwijk,AZ Alkmaar,away_win,away_win,0.4135,0.2863,0.3002,0.4135,True,1375.6,1652.1,Eredivisie
2024-08-31,Almere City,Groningen,draw,home_win,0.3723,0.3723,0.3474,0.2803,False,1419.6,1361.0,Eredivisie
2024-08-31,For Sittard,Nijmegen,away_win,draw,0.3871,0.2821,0.3871,0.3308,False,1485.1,1555.1,Eredivisie
2024-08-31,Heerenveen,NAC Breda,home_win,home_win,0.4198,0.4198,0.338,0.2422,True,1450.1,1483.7,Eredivisie
2024-08-31,Willem II,Sparta Rotterdam,away_win,draw,0.4343,0.2988,0.4343,0.2669,False,1522.1,1563.6,Eredivisie
2024-09-01,Utrecht,Twente,home_win,draw,0.369,0.3363,0.369,0.2947,False,1602.8,1660.4,Eredivisie
2024-09-01,Zwolle,Heracles,home_win,home_win,0.3712,0.3712,0.3386,0.2901,True,1432.4,1422.8,Eredivisie
2024-09-01,PSV Eindhoven,Go Ahead Eagles,home_win,home_win,0.6339,0.6339,0.2292,0.1369,True,1814.6,1478.8,Eredivisie
2024-09-14,AZ Alkmaar,Heerenveen,home_win,home_win,0.4876,0.4876,0.2842,0.2281,True,1658.9,1465.4,Eredivisie
2024-09-14,NAC Breda,For Sittard,home_win,draw,0.4006,0.3134,0.4006,0.286,False,1468.4,1470.0,Eredivisie
2024-09-14,Groningen,Feyenoord,draw,away_win,0.5457,0.1894,0.2649,0.5457,False,1365.8,1784.0,Eredivisie
2024-09-14,Twente,Zwolle,draw,home_win,0.4872,0.4872,0.2866,0.2262,False,1644.1,1445.7,Eredivisie
2024-09-14,PSV Eindhoven,Nijmegen,home_win,home_win,0.5678,0.5678,0.2319,0.2003,True,1817.8,1570.2,Eredivisie
2024-09-15,Sparta Rotterdam,Go Ahead Eagles,away_win,home_win,0.4152,0.4152,0.303,0.2818,False,1580.0,1475.6,Eredivisie
2024-09-15,Willem II,Waalwijk,home_win,home_win,0.3942,0.3942,0.3462,0.2596,True,1505.7,1368.8,Eredivisie
2024-09-15,Heracles,Almere City,draw,home_win,0.4252,0.4252,0.3583,0.2165,False,1409.5,1414.7,Eredivisie
2024-09-17,Twente,Heerenveen,home_win,home_win,0.4699,0.4699,0.2782,0.2519,True,1634.3,1459.0,Eredivisie
2024-09-18,Ajax,For Sittard,home_win,home_win,0.4933,0.4933,0.28,0.2267,True,1597.3,1456.2,Eredivisie
2024-09-20,Zwolle,AZ Alkmaar,away_win,away_win,0.3991,0.3098,0.2911,0.3991,True,1455.5,1665.2,Eredivisie
2024-09-21,Nijmegen,Heracles,away_win,home_win,0.5008,0.5008,0.2988,0.2004,False,1565.3,1407.4,Eredivisie
2024-09-21,Go Ahead Eagles,Ajax,draw,home_win,0.3448,0.3448,0.3322,0.3229,False,1498.3,1605.3,Eredivisie
2024-09-21,Utrecht,Willem II,home_win,home_win,0.4835,0.4835,0.2979,0.2185,True,1619.1,1513.8,Eredivisie
2024-09-21,Waalwijk,Sparta Rotterdam,away_win,draw,0.3727,0.3069,0.3727,0.3204,False,1360.6,1557.3,Eredivisie
2024-09-22,Heerenveen,Groningen,home_win,home_win,0.4949,0.4949,0.2851,0.2199,True,1452.2,1378.4,Eredivisie
2024-09-22,Almere City,Twente,away_win,away_win,0.4525,0.2293,0.3181,0.4525,True,1416.8,1641.1,Eredivisie
2024-09-22,Feyenoord,NAC Breda,home_win,home_win,0.6279,0.6279,0.2496,0.1225,True,1771.4,1482.2,Eredivisie
2024-09-22,For Sittard,PSV Eindhoven,away_win,away_win,0.5352,0.2068,0.2581,0.5352,True,1448.2,1822.7,Eredivisie
2024-09-27,Heracles,Heerenveen,home_win,home_win,0.3616,0.3616,0.3605,0.2779,True,1432.0,1462.7,Eredivisie
2024-09-28,Sparta Rotterdam,For Sittard,draw,home_win,0.4271,0.4271,0.3151,0.2578,False,1566.9,1443.9,Eredivisie
2024-09-28,Willem II,PSV Eindhoven,away_win,away_win,0.5755,0.17,0.2545,0.5755,True,1504.5,1826.9,Eredivisie
2024-09-28,Nijmegen,Feyenoord,draw,away_win,0.3731,0.3236,0.3033,0.3731,False,1540.7,1775.4,Eredivisie
2024-09-29,Zwolle,Almere City,home_win,home_win,0.4539,0.4539,0.3352,0.211,True,1446.4,1408.2,Eredivisie
2024-09-29,Groningen,Go Ahead Eagles,away_win,away_win,0.399,0.3021,0.2989,0.399,True,1367.9,1500.9,Eredivisie
2024-09-29,Twente,NAC Breda,home_win,home_win,0.5287,0.5287,0.2825,0.1888,True,1649.7,1478.2,Eredivisie
2024-09-29,Waalwijk,Ajax,away_win,away_win,0.4089,0.2996,0.2915,0.4089,True,1351.0,1602.7,Eredivisie
2024-09-29,AZ Alkmaar,Utrecht,away_win,home_win,0.4857,0.4857,0.2594,0.2549,False,1674.4,1628.4,Eredivisie
2024-10-04,Almere City,Willem II,away_win,draw,0.44,0.2596,0.44,0.3003,False,1396.2,1499.0,Eredivisie
2024-10-05,PSV Eindhoven,Sparta Rotterdam,home_win,home_win,0.6756,0.6756,0.2091,0.1153,True,1832.5,1559.5,Eredivisie
2024-10-05,NAC Breda,Nijmegen,home_win,away_win,0.412,0.2679,0.3202,0.412,False,1471.2,1548.5,Eredivisie
2024-10-05,Utrecht,Waalwijk,home_win,home_win,0.4842,0.4842,0.3073,0.2085,True,1648.7,1343.4,Eredivisie
2024-10-06,Go Ahead Eagles,Heracles,home_win,home_win,0.4116,0.4116,0.3238,0.2646,True,1513.2,1447.1,Eredivisie
2024-10-06,Feyenoord,Twente,home_win,home_win,0.5666,0.5666,0.2263,0.207,True,1767.6,1656.7,Eredivisie
2024-10-06,Heerenveen,Zwolle,draw,home_win,0.3974,0.3974,0.3262,0.2765,False,1447.6,1458.4,Eredivisie
2024-10-06,Ajax,Groningen,home_win,home_win,0.572,0.572,0.2623,0.1657,True,1610.3,1355.6,Eredivisie
2024-10-06,For Sittard,AZ Alkmaar,home_win,away_win,0.4016,0.3075,0.2909,0.4016,False,1451.3,1654.0,Eredivisie
2024-10-19,Go Ahead Eagles,Feyenoord,away_win,away_win,0.4526,0.282,0.2654,0.4526,True,1524.0,1776.7,Eredivisie
2024-10-19,Waalwijk,Twente,draw,away_win,0.4148,0.2966,0.2886,0.4148,False,1339.7,1647.6,Eredivisie
2024-10-19,Nijmegen,Heerenveen,home_win,home_win,0.4993,0.4993,0.2718,0.2289,True,1531.3,1445.8,Eredivisie
2024-10-19,AZ Alkmaar,PSV Eindhoven,away_win,away_win,0.4872,0.2755,0.2373,0.4872,True,1631.4,1836.8,Eredivisie
2024-10-19,Sparta Rotterdam,Almere City,draw,home_win,0.4853,0.4853,0.3414,0.1733,False,1555.2,1382.6,Eredivisie
2024-10-20,Willem II,For Sittard,draw,draw,0.3937,0.3336,0.3937,0.2727,True,1512.6,1473.9,Eredivisie
2024-10-20,Groningen,Utrecht,away_win,away_win,0.4447,0.2715,0.2837,0.4447,True,1350.9,1652.4,Eredivisie
2024-10-20,Heracles,Ajax,away_win,draw,0.3516,0.3108,0.3516,0.3376,False,1436.3,1615.1,Eredivisie
2024-10-20,Zwolle,NAC Breda,away_win,home_win,0.4011,0.4011,0.3505,0.2484,False,1460.2,1488.5,Eredivisie
2024-10-25,Almere City,Nijmegen,home_win,away_win,0.4716,0.2209,0.3075,0.4716,False,1391.6,1541.3,Eredivisie
2024-10-26,Heerenveen,Sparta Rotterdam,home_win,home_win,0.402,0.402,0.2875,0.3105,True,1435.7,1546.2,Eredivisie
2024-10-26,NAC Breda,Waalwijk,home_win,home_win,0.4056,0.4056,0.3428,0.2516,True,1505.5,1349.8,Eredivisie
2024-10-26,PSV Eindhoven,Zwolle,home_win,home_win,0.6394,0.6394,0.2384,0.1222,True,1846.1,1443.2,Eredivisie
2024-10-26,For Sittard,Groningen,home_win,home_win,0.4925,0.4925,0.3013,0.2063,True,1477.9,1344.8,Eredivisie
2024-10-27,Utrecht,Feyenoord,away_win,away_win,0.4416,0.306,0.2525,0.4416,True,1658.5,1784.3,Eredivisie
2024-10-27,Twente,Heracles,home_win,home_win,0.4632,0.4632,0.301,0.2358,True,1637.6,1425.9,Eredivisie
2024-10-27,Ajax,Willem II,home_win,home_win,0.5292,0.5292,0.2757,0.1951,True,1625.4,1508.6,Eredivisie
2024-10-27,AZ Alkmaar,Go Ahead Eagles,draw,home_win,0.4648,0.4648,0.2803,0.2549,False,1622.1,1516.4,Eredivisie
2024-10-30,Feyenoord,Ajax,away_win,home_win,0.5643,0.5643,0.2326,0.2031,False,1796.9,1634.3,Eredivisie
2024-11-02,For Sittard,Heerenveen,home_win,home_win,0.3994,0.3994,0.311,0.2896,True,1486.2,1454.5,Eredivisie
2024-11-02,Feyenoord,AZ Alkmaar,home_win,home_win,0.5586,0.5586,0.2392,0.2022,True,1772.1,1615.4,Eredivisie
2024-11-02,Ajax,PSV Eindhoven,home_win,away_win,0.4804,0.2884,0.2312,0.4804,False,1659.0,1848.3,Eredivisie
2024-11-02,Willem II,Twente,away_win,away_win,0.4049,0.2967,0.2984,0.4049,True,1499.7,1643.4,Eredivisie
2024-11-02,Heracles,NAC Breda,home_win,home_win,0.3834,0.3834,0.3402,0.2764,True,1420.1,1513.0,Eredivisie
2024-11-03,Go Ahead Eagles,Zwolle,draw,home_win,0.4479,0.4479,0.3061,0.246,False,1523.1,1441.0,Eredivisie
2024-11-03,Nijmegen,Groningen,home_win,home_win,0.598,0.598,0.2485,0.1535,True,1520.9,1336.5,Eredivisie
2024-11-03,Sparta Rotterdam,Utrecht,away_win,draw,0.3486,0.3123,0.3486,0.3391,False,1527.4,1645.9,Eredivisie
2024-11-03,Waalwijk,Almere City,home_win,draw,0.3817,0.3765,0.3817,0.2418,False,1342.3,1412.1,Eredivisie
2024-11-08,Utrecht,Heracles,home_win,home_win,0.4521,0.4521,0.3096,0.2382,True,1658.8,1438.1,Eredivisie
2024-11-09,Zwolle,For Sittard,home_win,draw,0.4307,0.3132,0.4307,0.256,False,1446.8,1498.5,Eredivisie
2024-11-09,Groningen,Sparta Rotterdam,home_win,draw,0.3615,0.2895,0.3615,0.349,False,1329.9,1514.5,Eredivisie
2024-11-09,NAC Breda,PSV Eindhoven,away_win,away_win,0.576,0.171,0.253,0.576,True,1495.0,1826.2,Eredivisie
2024-11-09,Waalwijk,Nijmegen,away_win,away_win,0.4089,0.2867,0.3044,0.4089,True,1359.2,1527.4,Eredivisie
2024-11-10,Almere City,Feyenoord,away_win,away_win,0.5577,0.1478,0.2945,0.5577,True,1395.2,1779.6,Eredivisie
2024-11-10,Heerenveen,Go Ahead Eagles,home_win,draw,0.3865,0.3315,0.3865,0.282,False,1442.2,1517.3,Eredivisie
2024-11-10,Twente,Ajax,draw,home_win,0.3567,0.3567,0.3458,0.2975,False,1655.2,1681.1,Eredivisie
2024-11-10,AZ Alkmaar,Willem II,away_win,home_win,0.5182,0.5182,0.287,0.1948,False,1608.0,1487.9,Eredivisie
2024-11-23,PSV Eindhoven,Groningen,home_win,home_win,0.7057,0.7057,0.2087,0.0856,True,1831.5,1351.9,Eredivisie
2024-11-23,Heracles,Waalwijk,draw,home_win,0.4244,0.4244,0.3475,0.228,False,1432.5,1348.5,Eredivisie
2024-11-23,For Sittard,Twente,away_win,away_win,0.3455,0.3138,0.3407,0.3455,True,1482.4,1654.0,Eredivisie
2024-11-23,Feyenoord,Heerenveen,home_win,home_win,0.5706,0.5706,0.261,0.1684,True,1783.7,1459.3,Eredivisie
2024-11-23,Go Ahead Eagles,Almere City,home_win,home_win,0.5065,0.5065,0.3162,0.1773,True,1500.2,1391.1,Eredivisie
2024-11-24,Nijmegen,Utrecht,away_win,home_win,0.459,0.459,0.2358,0.3052,False,1538.2,1664.4,Eredivisie
2024-11-24,Sparta Rotterdam,AZ Alkmaar,away_win,draw,0.3645,0.2947,0.3645,0.3407,False,1492.6,1584.7,Eredivisie
2024-11-24,Willem II,NAC Breda,draw,home_win,0.3872,0.3872,0.3429,0.2698,False,1511.2,1489.7,Eredivisie
2024-11-24,Ajax,Zwolle,home_win,home_win,0.5133,0.5133,0.2825,0.2042,True,1682.2,1462.9,Eredivisie
2024-11-29,Heerenveen,Waalwijk,draw,home_win,0.4442,0.4442,0.3217,0.2341,False,1456.0,1354.4,Eredivisie
2024-11-30,Zwolle,Sparta Rotterdam,home_win,home_win,0.41,0.41,0.3318,0.2582,True,1457.3,1478.6,Eredivisie
2024-11-30,Feyenoord,For Sittard,draw,home_win,0.5861,0.5861,0.2624,0.1515,False,1787.0,1471.8,Eredivisie
2024-11-30,NAC Breda,Almere City,home_win,home_win,0.4379,0.4379,0.3624,0.1997,True,1493.0,1382.0,Eredivisie
2024-11-30,Groningen,Willem II,home_win,draw,0.3769,0.302,0.3769,0.3211,False,1350.4,1508.0,Eredivisie
2024-12-01,Utrecht,PSV Eindhoven,away_win,away_win,0.5007,0.2669,0.2324,0.5007,True,1676.9,1832.9,Eredivisie
2024-12-01,AZ Alkmaar,Heracles,home_win,home_win,0.4589,0.4589,0.3083,0.2327,True,1598.8,1426.7,Eredivisie
2024-12-01,Twente,Go Ahead Eagles,home_win,home_win,0.4735,0.4735,0.2751,0.2514,True,1664.7,1509.3,Eredivisie
2024-12-01,Nijmegen,Ajax,away_win,home_win,0.3819,0.3819,0.3001,0.3179,False,1525.7,1687.8,Eredivisie
2024-12-04,Ajax,Utrecht,draw,home_win,0.4906,0.4906,0.2499,0.2595,False,1698.8,1665.7,Eredivisie
2024-12-06,PSV Eindhoven,Twente,home_win,home_win,0.6419,0.6419,0.1986,0.1595,True,1844.2,1672.2,Eredivisie
2024-12-07,Heracles,For Sittard,draw,draw,0.4301,0.3198,0.4301,0.2501,True,1419.7,1484.3,Eredivisie
2024-12-07,Waalwijk,Feyenoord,away_win,away_win,0.4845,0.2285,0.287,0.4845,True,1360.9,1774.5,Eredivisie
2024-12-07,Go Ahead Eagles,Nijmegen,home_win,draw,0.3615,0.3299,0.3615,0.3086,False,1501.8,1514.6,Eredivisie
2024-12-07,Sparta Rotterdam,NAC Breda,away_win,draw,0.3636,0.3606,0.3636,0.2758,False,1463.9,1502.1,Eredivisie
2024-12-08,Groningen,Zwolle,draw,draw,0.3803,0.2856,0.3803,0.3341,True,1371.2,1472.0,Eredivisie
2024-12-08,AZ Alkmaar,Ajax,home_win,home_win,0.3475,0.3475,0.3362,0.3163,True,1605.7,1695.0,Eredivisie
2024-12-08,Willem II,Heerenveen,away_win,draw,0.3819,0.3242,0.3819,0.2939,False,1487.2,1449.4,Eredivisie
2024-12-08,Almere City,Utrecht,away_win,away_win,0.4639,0.2068,0.3292,0.4639,True,1372.9,1669.4,Eredivisie
2024-12-13,Zwolle,Willem II,away_win,home_win,0.432,0.432,0.3253,0.2427,False,1469.6,1467.2,Eredivisie
2024-12-14,Heerenveen,PSV Eindhoven,home_win,away_win,0.5165,0.2307,0.2528,0.5165,False,1469.4,1851.2,Eredivisie
2024-12-14,For Sittard,Waalwijk,home_win,home_win,0.4324,0.4324,0.3335,0.2341,True,1483.6,1357.4,Eredivisie
2024-12-14,Feyenoord,Heracles,home_win,home_win,0.55,0.55,0.2856,0.1643,True,1778.0,1420.4,Eredivisie
2024-12-15,Utrecht,Go Ahead Eagles,draw,home_win,0.4586,0.4586,0.2838,0.2576,False,1675.7,1516.1,Eredivisie
2024-12-15,Nijmegen,Sparta Rotterdam,draw,home_win,0.5447,0.5447,0.2499,0.2054,False,1500.4,1447.3,Eredivisie
2024-12-15,Twente,Groningen,home_win,home_win,0.559,0.559,0.2698,0.1713,True,1665.2,1373.5,Eredivisie
2024-12-15,Ajax,Almere City,home_win,home_win,0.5949,0.5949,0.2879,0.1172,True,1677.2,1366.7,Eredivisie
2024-12-15,NAC Breda,AZ Alkmaar,away_win,away_win,0.3902,0.3034,0.3064,0.3902,True,1518.6,1623.5,Eredivisie
2024-12-20,Waalwijk,Zwolle,draw,draw,0.3982,0.3069,0.3982,0.295,True,1348.9,1451.2,Eredivisie
2024-12-21,Almere City,Heerenveen,home_win,away_win,0.4165,0.2424,0.341,0.4165,False,1363.1,1497.3,Eredivisie
2024-12-21,AZ Alkmaar,Twente,home_win,home_win,0.4184,0.4184,0.2927,0.2889,True,1637.0,1669.1,Eredivisie
2024-12-21,Go Ahead Eagles,NAC Breda,home_win,home_win,0.4624,0.4624,0.299,0.2386,True,1524.7,1505.1,Eredivisie
2024-12-22,Willem II,Nijmegen,home_win,away_win,0.3855,0.3034,0.3111,0.3855,False,1485.6,1495.7,Eredivisie
2024-12-22,Utrecht,For Sittard,away_win,home_win,0.4693,0.4693,0.2945,0.2362,False,1667.0,1492.1,Eredivisie
2024-12-22,Sparta Rotterdam,Ajax,away_win,away_win,0.4546,0.2657,0.2797,0.4546,True,1451.9,1680.8,Eredivisie
2024-12-22,PSV Eindhoven,Feyenoord,home_win,home_win,0.5245,0.5245,0.2142,0.2613,True,1823.3,1780.8,Eredivisie
2025-01-10,For Sittard,Go Ahead Eagles,away_win,draw,0.3944,0.3344,0.3944,0.2712,False,1517.3,1537.6,Eredivisie
2025-01-11,Heracles,Sparta Rotterdam,draw,home_win,0.4124,0.4124,0.3443,0.2432,False,1417.6,1443.5,Eredivisie
2025-01-11,Ajax,Waalwijk,home_win,home_win,0.5233,0.5233,0.2952,0.1815,True,1689.2,1351.3,Eredivisie
2025-01-11,Zwolle,Nijmegen,away_win,draw,0.3913,0.3015,0.3913,0.3071,False,1448.9,1481.6,Eredivisie
2025-01-11,PSV Eindhoven,AZ Alkmaar,draw,home_win,0.618,0.618,0.2126,0.1694,False,1835.1,1652.2,Eredivisie
2025-01-12,NAC Breda,Heerenveen,away_win,draw,0.3789,0.3175,0.3789,0.3035,False,1492.3,1477.5,Eredivisie
2025-01-12,Groningen,Almere City,draw,home_win,0.3978,0.3978,0.3554,0.2468,False,1369.6,1382.9,Eredivisie
2025-01-12,Feyenoord,Utrecht,away_win,home_win,0.5808,0.5808,0.2286,0.1906,False,1768.9,1641.9,Eredivisie
2025-01-12,Twente,Willem II,home_win,home_win,0.5236,0.5236,0.2846,0.1918,True,1653.9,1499.8,Eredivisie
2025-01-18,Zwolle,PSV Eindhoven,home_win,away_win,0.5315,0.2084,0.26,0.5315,False,1432.1,1825.8,Eredivisie
2025-01-18,Utrecht,AZ Alkmaar,draw,home_win,0.3665,0.3665,0.3353,0.2982,False,1665.4,1661.6,Eredivisie
2025-01-18,Willem II,Feyenoord,draw,away_win,0.5079,0.2115,0.2806,0.5079,False,1492.2,1745.4,Eredivisie
2025-01-18,Go Ahead Eagles,Groningen,home_win,home_win,0.5346,0.5346,0.2853,0.1801,True,1554.9,1367.9,Eredivisie
2025-01-19,Sparta Rotterdam,Waalwijk,draw,home_win,0.3961,0.3961,0.3278,0.2761,False,1444.6,1348.2,Eredivisie
2025-01-19,Heerenveen,Ajax,away_win,away_win,0.356,0.3138,0.3302,0.356,True,1496.4,1692.3,Eredivisie
2025-01-19,Nijmegen,For Sittard,home_win,home_win,0.4653,0.4653,0.2832,0.2515,True,1498.4,1499.9,Eredivisie
2025-01-19,NAC Breda,Twente,home_win,away_win,0.424,0.2808,0.2952,0.424,False,1473.3,1661.5,Eredivisie
2025-01-19,Almere City,Heracles,away_win,draw,0.4661,0.2376,0.4661,0.2963,False,1384.6,1416.5,Eredivisie
2025-01-24,Heracles,Utrecht,draw,draw,0.3536,0.3087,0.3536,0.3377,True,1433.3,1663.0,Eredivisie
2025-01-25,PSV Eindhoven,NAC Breda,home_win,home_win,0.6815,0.6815,0.2156,0.1029,True,1797.6,1495.4,Eredivisie
2025-01-25,Groningen,Heerenveen,home_win,away_win,0.4017,0.2969,0.3014,0.4017,False,1361.4,1486.8,Eredivisie
2025-01-26,For Sittard,Zwolle,away_win,home_win,0.4024,0.4024,0.3201,0.2775,False,1486.1,1460.2,Eredivisie
2025-01-26,Waalwijk,Willem II,home_win,draw,0.3882,0.3247,0.3882,0.2871,False,1354.6,1500.6,Eredivisie
2025-01-26,AZ Alkmaar,Sparta Rotterdam,away_win,home_win,0.5553,0.5553,0.2745,0.1702,False,1664.0,1438.3,Eredivisie
2025-01-28,Heracles,Groningen,draw,home_win,0.4725,0.4725,0.3091,0.2184,False,1440.9,1380.8,Eredivisie
2025-01-31,NAC Breda,Heracles,draw,draw,0.4045,0.3218,0.4045,0.2737,True,1491.6,1436.0,Eredivisie
2025-02-01,Zwolle,Utrecht,draw,draw,0.3462,0.3216,0.3462,0.3322,True,1479.6,1655.4,Eredivisie
2025-02-01,Heerenveen,For Sittard,draw,home_win,0.4158,0.4158,0.313,0.2712,False,1467.4,1466.7,Eredivisie
2025-02-01,Nijmegen,PSV Eindhoven,draw,away_win,0.4555,0.3094,0.2352,0.4555,False,1512.1,1801.4,Eredivisie
2025-02-02,Almere City,Waalwijk,away_win,draw,0.4427,0.2659,0.4427,0.2914,False,1367.7,1374.9,Eredivisie
2025-02-02,Ajax,Feyenoord,home_win,draw,0.3461,0.34,0.3461,0.3139,False,1702.0,1737.0,Eredivisie
2025-02-02,Go Ahead Eagles,Twente,draw,home_win,0.3981,0.3981,0.2953,0.3066,False,1561.4,1639.4,Eredivisie
2025-02-02,Sparta Rotterdam,Groningen,home_win,home_win,0.4391,0.4391,0.3034,0.2575,True,1464.8,1385.7,Eredivisie
2025-02-02,Willem II,AZ Alkmaar,away_win,away_win,0.4208,0.2743,0.3049,0.4208,True,1480.3,1637.5,Eredivisie
2025-02-08,Feyenoord,Sparta Rotterdam,home_win,home_win,0.6177,0.6177,0.2413,0.141,True,1721.7,1475.1,Eredivisie
2025-02-08,Groningen,Nijmegen,home_win,away_win,0.4585,0.2644,0.277,0.4585,False,1375.4,1521.7,Eredivisie
2025-02-08,PSV Eindhoven,Willem II,draw,home_win,0.6867,0.6867,0.2165,0.0968,False,1791.8,1469.1,Eredivisie
2025-02-08,Heracles,Go Ahead Eagles,home_win,draw,0.3788,0.3128,0.3788,0.3084,False,1440.7,1562.7,Eredivisie
2025-02-09,Utrecht,Almere City,away_win,home_win,0.5526,0.5526,0.3132,0.1342,False,1649.8,1349.8,Eredivisie
2025-02-09,For Sittard,Ajax,away_win,away_win,0.426,0.2916,0.2825,0.426,True,1469.0,1717.3,Eredivisie
2025-02-09,Waalwijk,NAC Breda,home_win,home_win,0.3768,0.3768,0.3398,0.2833,True,1392.8,1486.9,Eredivisie
2025-02-09,AZ Alkmaar,Zwolle,home_win,home_win,0.4852,0.4852,0.2919,0.2228,True,1648.7,1485.2,Eredivisie
2025-02-09,Heerenveen,Twente,draw,home_win,0.3411,0.3411,0.3264,0.3325,False,1465.0,1638.2,Eredivisie
2025-02-14,Go Ahead Eagles,Sparta Rotterdam,home_win,home_win,0.4902,0.4902,0.2877,0.222,True,1543.5,1470.2,Eredivisie
2025-02-15,PSV Eindhoven,Utrecht,draw,home_win,0.6441,0.6441,0.1989,0.157,False,1779.2,1621.6,Eredivisie
2025-02-15,NAC Breda,Feyenoord,draw,away_win,0.5077,0.2139,0.2784,0.5077,False,1468.9,1726.6,Eredivisie
2025-02-15,Willem II,Groningen,away_win,home_win,0.4164,0.4164,0.3237,0.2599,False,1481.8,1395.7,Eredivisie
2025-02-16,Nijmegen,Almere City,draw,home_win,0.5741,0.5741,0.2722,0.1537,False,1501.4,1378.0,Eredivisie
2025-02-16,Twente,Waalwijk,home_win,home_win,0.4775,0.4775,0.2983,0.2243,True,1632.7,1410.9,Eredivisie
2025-02-16,Zwolle,Heerenveen,draw,home_win,0.3902,0.3902,0.3142,0.2956,False,1477.9,1470.5,Eredivisie
2025-02-16,Ajax,Heracles,home_win,home_win,0.4954,0.4954,0.2989,0.2057,True,1725.0,1460.0,Eredivisie
2025-02-22,Feyenoord,Almere City,home_win,home_win,0.6414,0.6414,0.2607,0.0979,True,1718.0,1385.4,Eredivisie
2025-02-23,Twente,Nijmegen,home_win,home_win,0.431,0.431,0.2584,0.3107,True,1638.3,1494.0,Eredivisie
2025-02-23,AZ Alkmaar,For Sittard,home_win,home_win,0.5034,0.5034,0.2896,0.2071,True,1655.9,1461.2,Eredivisie
2025-02-23,Ajax,Go Ahead Eagles,home_win,home_win,0.5015,0.5015,0.2714,0.2271,True,1729.5,1554.0,Eredivisie
2025-02-28,Waalwijk,For Sittard,away_win,draw,0.4422,0.3137,0.4422,0.2441,False,1405.3,1455.0,Eredivisie
2025-03-01,Utrecht,NAC Breda,home_win,home_win,0.5018,0.5018,0.2956,0.2027,True,1630.1,1477.5,Eredivisie
2025-03-01,Go Ahead Eagles,PSV Eindhoven,home_win,away_win,0.4773,0.2728,0.2499,0.4773,False,1547.2,1770.6,Eredivisie
2025-03-01,Groningen,Twente,draw,away_win,0.4317,0.2916,0.2767,0.4317,False,1417.7,1646.1,Eredivisie
2025-03-01,Feyenoord,Nijmegen,draw,home_win,0.5208,0.5208,0.2508,0.2285,False,1721.2,1486.1,Eredivisie
2025-03-02,Sparta Rotterdam,Willem II,home_win,home_win,0.3988,0.3988,0.3322,0.269,True,1459.7,1459.8,Eredivisie
2025-03-02,Heracles,Zwolle,home_win,home_win,0.376,0.376,0.359,0.2649,True,1455.5,1475.3,Eredivisie
2025-03-02,Heerenveen,AZ Alkmaar,home_win,away_win,0.349,0.3128,0.3382,0.349,False,1473.1,1662.2,Eredivisie
2025-03-02,Almere City,Ajax,away_win,away_win,0.5139,0.1731,0.313,0.5139,True,1382.2,1736.4,Eredivisie
2025-03-07,NAC Breda,Sparta Rotterdam,draw,home_win,0.3729,0.3729,0.3362,0.291,False,1469.9,1473.4,Eredivisie
2025-03-08,For Sittard,Heracles,home_win,draw,0.4053,0.3256,0.4053,0.2691,False,1471.0,1470.1,Eredivisie
2025-03-08,PSV Eindhoven,Heerenveen,home_win,home_win,0.6,0.6,0.236,0.1641,True,1747.2,1495.2,Eredivisie
2025-03-09,Zwolle,Ajax,away_win,away_win,0.432,0.2853,0.2827,0.432,True,1460.7,1741.1,Eredivisie
2025-03-09,Willem II,Utrecht,away_win,away_win,0.4129,0.2796,0.3075,0.4129,True,1446.1,1637.7,Eredivisie
2025-03-09,Nijmegen,Go Ahead Eagles,away_win,home_win,0.416,0.416,0.2983,0.2857,False,1496.9,1570.5,Eredivisie
2025-03-09,Twente,Almere City,home_win,home_win,0.5637,0.5637,0.2981,0.1383,True,1638.6,1377.5,Eredivisie
2025-03-14,Almere City,NAC Breda,draw,draw,0.4433,0.26,0.4433,0.2967,True,1372.9,1467.8,Eredivisie
2025-03-15,Waalwijk,PSV Eindhoven,away_win,away_win,0.5052,0.2241,0.2707,0.5052,True,1389.3,1752.0,Eredivisie
2025-03-15,Heerenveen,Heracles,draw,home_win,0.4012,0.4012,0.3262,0.2726,False,1490.4,1456.4,Eredivisie
2025-03-15,Utrecht,Nijmegen,away_win,home_win,0.4254,0.4254,0.264,0.3106,False,1647.5,1482.0,Eredivisie
2025-03-15,Sparta Rotterdam,Zwolle,draw,draw,0.3764,0.3412,0.3764,0.2824,True,1475.5,1454.0,Eredivisie
2025-03-16,Go Ahead Eagles,Willem II,home_win,home_win,0.522,0.522,0.3012,0.1767,True,1585.4,1436.3,Eredivisie
2025-03-16,Groningen,For Sittard,home_win,draw,0.4161,0.2923,0.4161,0.2916,False,1425.3,1484.6,Eredivisie
2025-03-16,Twente,Feyenoord,away_win,away_win,0.3488,0.3062,0.345,0.3488,True,1643.1,1710.4,Eredivisie
2025-03-16,Ajax,AZ Alkmaar,draw,home_win,0.4936,0.4936,0.2563,0.2501,False,1747.8,1640.1,Eredivisie
2025-03-29,Zwolle,Waalwijk,home_win,home_win,0.4125,0.4125,0.3344,0.2531,True,1457.2,1384.8,Eredivisie
2025-03-29,Willem II,Almere City,away_win,home_win,0.4057,0.4057,0.3674,0.2269,False,1428.5,1375.0,Eredivisie
2025-03-29,Nijmegen,AZ Alkmaar,draw,home_win,0.4205,0.4205,0.2474,0.332,False,1506.8,1646.9,Eredivisie
2025-03-29,NAC Breda,Groningen,draw,home_win,0.3917,0.3917,0.3199,0.2884,False,1465.7,1441.7,Eredivisie
2025-03-29,For Sittard,Sparta Rotterdam,away_win,home_win,0.4224,0.4224,0.3168,0.2608,False,1468.2,1472.3,Eredivisie
2025-03-30,Utrecht,Heerenveen,home_win,home_win,0.4394,0.4394,0.2865,0.2742,True,1622.7,1486.6,Eredivisie
2025-03-30,Heracles,Twente,home_win,draw,0.348,0.3311,0.348,0.3209,False,1460.2,1627.9,Eredivisie
2025-03-30,PSV Eindhoven,Ajax,away_win,home_win,0.5482,0.5482,0.2071,0.2447,False,1756.5,1741.0,Eredivisie
2025-03-30,Feyenoord,Go Ahead Eagles,home_win,home_win,0.5267,0.5267,0.2555,0.2178,True,1725.6,1593.2,Eredivisie
2025-04-01,AZ Alkmaar,Waalwijk,draw,home_win,0.4998,0.4998,0.3047,0.1955,False,1642.9,1374.2,Eredivisie
2025-04-02,Feyenoord,Groningen,home_win,home_win,0.6255,0.6255,0.2401,0.1344,True,1733.9,1445.1,Eredivisie
2025-04-04,Heerenveen,Willem II,home_win,home_win,0.4935,0.4935,0.301,0.2054,True,1478.4,1407.9,Eredivisie
2025-04-05,Almere City,Zwolle,draw,draw,0.3898,0.2629,0.3898,0.3473,True,1395.6,1467.8,Eredivisie
2025-04-05,Groningen,PSV Eindhoven,away_win,away_win,0.5566,0.2004,0.243,0.5566,True,1441.1,1737.6,Eredivisie
2025-04-05,AZ Alkmaar,Feyenoord,away_win,away_win,0.3661,0.318,0.3159,0.3661,True,1631.3,1737.9,Eredivisie
2025-04-05,Twente,For Sittard,draw,home_win,0.4794,0.4794,0.2847,0.2359,False,1606.7,1450.1,Eredivisie
2025-04-06,Waalwijk,Heracles,draw,draw,0.4232,0.2819,0.4232,0.2949,True,1385.8,1481.5,Eredivisie
2025-04-06,Go Ahead Eagles,Utrecht,draw,home_win,0.4087,0.4087,0.3219,0.2695,False,1584.9,1630.9,Eredivisie
2025-04-06,Sparta Rotterdam,Nijmegen,home_win,draw,0.3671,0.2824,0.3671,0.3505,False,1490.4,1510.9,Eredivisie
2025-04-06,Ajax,NAC Breda,home_win,home_win,0.5863,0.5863,0.2739,0.1398,True,1760.0,1462.3,Eredivisie
2025-04-11,Nijmegen,Waalwijk,home_win,home_win,0.4939,0.4939,0.2927,0.2135,True,1496.2,1387.9,Eredivisie
2025-04-12,PSV Eindhoven,Almere City,home_win,home_win,0.6948,0.6948,0.2232,0.082,True,1743.8,1396.6,Eredivisie
2025-04-12,For Sittard,Feyenoord,away_win,away_win,0.4743,0.2497,0.276,0.4743,True,1458.6,1751.3,Eredivisie
2025-04-12,Sparta Rotterdam,Heerenveen,home_win,draw,0.3653,0.3327,0.3653,0.302,False,1505.0,1489.1,Eredivisie
2025-04-12,NAC Breda,Go Ahead Eagles,draw,away_win,0.401,0.2821,0.3169,0.401,False,1458.5,1584.7,Eredivisie
2025-04-13,Utrecht,Groningen,home_win,home_win,0.5126,0.5126,0.2813,0.2061,True,1631.1,1434.8,Eredivisie
2025-04-13,Heracles,AZ Alkmaar,home_win,draw,0.3604,0.3239,0.3604,0.3157,False,1479.4,1617.9,Eredivisie
2025-04-13,Zwolle,Twente,draw,draw,0.3405,0.337,0.3405,0.3225,True,1466.8,1598.2,Eredivisie
2025-04-13,Willem II,Ajax,away_win,away_win,0.5072,0.1974,0.2954,0.5072,True,1397.2,1763.8,Eredivisie
2025-04-19,Heerenveen,Almere City,home_win,home_win,0.4991,0.4991,0.3159,0.185,True,1476.1,1393.7,Eredivisie
2025-04-20,Utrecht,Ajax,home_win,away_win,0.3719,0.3062,0.3219,0.3719,False,1637.3,1768.3,Eredivisie
2025-04-23,Groningen,Heracles,home_win,draw,0.4211,0.2648,0.4211,0.3141,False,1428.6,1499.3,Eredivisie
2025-04-24,Twente,PSV Eindhoven,away_win,away_win,0.4878,0.2832,0.229,0.4878,True,1594.5,1746.7,Eredivisie
2025-04-24,AZ Alkmaar,NAC Breda,draw,home_win,0.5238,0.5238,0.2849,0.1913,False,1597.9,1462.0,Eredivisie
2025-04-25,Waalwijk,Utrecht,away_win,away_win,0.3951,0.3105,0.2944,0.3951,True,1378.7,1657.0,Eredivisie
2025-04-25,Feyenoord,Zwolle,home_win,home_win,0.5716,0.5716,0.2659,0.1626,True,1757.7,1470.5,Eredivisie
2025-04-27,For Sittard,Willem II,home_win,home_win,0.4604,0.4604,0.3191,0.2205,True,1452.3,1392.8,Eredivisie
2025-04-27,Ajax,Sparta Rotterdam,draw,home_win,0.5684,0.5684,0.2642,0.1674,False,1748.6,1518.0,Eredivisie
2025-04-27,Heerenveen,Nijmegen,home_win,draw,0.37,0.3308,0.37,0.2992,False,1486.3,1505.4,Eredivisie
2025-04-27,Almere City,Go Ahead Eagles,draw,away_win,0.4422,0.2183,0.3395,0.4422,False,1383.5,1581.2,Eredivisie
2025-05-03,PSV Eindhoven,For Sittard,home_win,home_win,0.6294,0.6294,0.2342,0.1364,True,1758.2,1463.4,Eredivisie
2025-05-03,Groningen,Waalwijk,home_win,home_win,0.392,0.392,0.3236,0.2844,True,1445.5,1371.9,Eredivisie
2025-05-03,Nijmegen,Willem II,draw,home_win,0.568,0.568,0.2609,0.1711,False,1490.8,1381.7,Eredivisie
2025-05-03,Heracles,Feyenoord,away_win,away_win,0.4365,0.2751,0.2884,0.4365,True,1482.4,1761.7,Eredivisie
2025-05-04,NAC Breda,Zwolle,away_win,draw,0.3973,0.3136,0.3973,0.2892,False,1469.8,1466.4,Eredivisie
2025-05-04,Go Ahead Eagles,AZ Alkmaar,away_win,home_win,0.4096,0.4096,0.3002,0.2901,False,1574.8,1590.0,Eredivisie
2025-05-04,Sparta Rotterdam,Twente,away_win,draw,0.3912,0.3124,0.3912,0.2964,False,1528.7,1583.1,Eredivisie
2025-05-09,Willem II,Heracles,away_win,draw,0.3684,0.2672,0.3684,0.3644,False,1388.5,1475.6,Eredivisie
2025-05-10,Waalwijk,Heerenveen,home_win,draw,0.3826,0.289,0.3826,0.3284,False,1361.4,1500.9,Eredivisie
2025-05-10,For Sittard,NAC Breda,home_win,home_win,0.4333,0.4333,0.3182,0.2485,True,1459.6,1451.4,Eredivisie
2025-05-10,Almere City,Sparta Rotterdam,away_win,away_win,0.3675,0.2799,0.3526,0.3675,True,1389.9,1512.9,Eredivisie
2025-05-11,Ajax,Nijmegen,away_win,home_win,0.4869,0.4869,0.259,0.254,False,1737.9,1484.0,Eredivisie
2025-05-11,AZ Alkmaar,Groningen,home_win,home_win,0.527,0.527,0.2723,0.2007,True,1607.6,1456.1,Eredivisie
2025-05-11,Twente,Utrecht,home_win,home_win,0.3963,0.3963,0.2977,0.306,True,1598.9,1663.8,Eredivisie
2025-05-11,Zwolle,Go Ahead Eagles,draw,draw,0.4017,0.3123,0.4017,0.286,True,1484.9,1557.2,Eredivisie
2025-05-11,Feyenoord,PSV Eindhoven,away_win,home_win,0.4302,0.4302,0.2292,0.3406,False,1768.4,1762.0,Eredivisie
2025-05-14,Almere City,For Sittard,draw,draw,0.3681,0.2648,0.3681,0.3671,True,1377.2,1472.9,Eredivisie
2025-05-14,Feyenoord,Waalwijk,home_win,home_win,0.5654,0.5654,0.2803,0.1543,True,1749.9,1381.4,Eredivisie
2025-05-14,Go Ahead Eagles,Heerenveen,home_win,home_win,0.4381,0.4381,0.2982,0.2637,True,1556.2,1480.8,Eredivisie
2025-05-14,Groningen,Ajax,draw,away_win,0.4636,0.2605,0.2759,0.4636,False,1448.4,1710.7,Eredivisie
2025-05-14,Nijmegen,NAC Breda,home_win,home_win,0.5514,0.5514,0.2593,0.1893,True,1511.2,1438.0,Eredivisie
2025-05-14,PSV Eindhoven,Heracles,home_win,home_win,0.5786,0.5786,0.261,0.1603,True,1780.6,1489.9,Eredivisie
2025-05-14,Twente,AZ Alkmaar,away_win,home_win,0.414,0.414,0.2696,0.3163,False,1615.6,1615.3,Eredivisie
2025-05-14,Utrecht,Sparta Rotterdam,draw,home_win,0.4876,0.4876,0.2841,0.2283,False,1647.1,1525.6,Eredivisie
2025-05-14,Willem II,Zwolle,away_win,away_win,0.382,0.2833,0.3346,0.382,True,1374.2,1485.9,Eredivisie
2025-05-18,NAC Breda,Willem II,draw,home_win,0.4156,0.4156,0.3418,0.2425,False,1427.5,1361.0,Eredivisie
2025-05-18,Sparta Rotterdam,PSV Eindhoven,away_win,away_win,0.545,0.2103,0.2447,0.545,True,1532.9,1784.6,Eredivisie
2025-05-18,Heracles,Nijmegen,away_win,draw,0.4081,0.3098,0.4081,0.282,False,1486.0,1521.8,Eredivisie
2025-05-18,Waalwijk,Go Ahead Eagles,home_win,draw,0.3779,0.2771,0.3779,0.345,False,1378.8,1566.7,Eredivisie
2025-05-18,For Sittard,Utrecht,draw,draw,0.3467,0.3196,0.3467,0.3337,True,1470.8,1639.8,Eredivisie
2025-05-18,AZ Alkmaar,Almere City,draw,home_win,0.5681,0.5681,0.3005,0.1315,False,1633.6,1379.3,Eredivisie
2025-05-18,Ajax,Twente,home_win,home_win,0.5165,0.5165,0.246,0.2376,True,1701.9,1597.3,Eredivisie
2025-05-18,Heerenveen,Feyenoord,home_win,away_win,0.4529,0.2798,0.2672,0.4529,False,1470.4,1752.5,Eredivisie
2025-05-18,Zwolle,Groningen,home_win,home_win,0.4559,0.4559,0.3008,0.2433,True,1499.1,1457.2,Eredivisie
2023-08-11,Nice,Lille,draw,home_win,0.4373,0.4373,0.2944,0.2682,False,1552.2,1577.8,Ligue_1
2023-08-12,Marseille,Reims,home_win,home_win,0.5797,0.5797,0.2333,0.1869,True,1570.8,1493.8,Ligue_1
2023-08-12,PSG,Lorient,draw,home_win,0.601,0.601,0.18,0.219,False,1624.4,1499.0,Ligue_1
2023-08-13,Brest,Lens,home_win,home_win,0.368,0.368,0.3054,0.3266,True,1501.2,1680.4,Ligue_1
2023-08-13,Clermont,Monaco,away_win,draw,0.3691,0.3154,0.3691,0.3155,False,1561.2,1519.9,Ligue_1
2023-08-13,Montpellier,Le Havre,draw,home_win,0.3833,0.3833,0.3628,0.2539,False,1506.8,1500.0,Ligue_1
2023-08-13,Nantes,Toulouse,away_win,draw,0.4041,0.3155,0.4041,0.2805,False,1409.4,1479.2,Ligue_1
2023-08-13,Rennes,Metz,home_win,home_win,0.4501,0.4501,0.3136,0.2363,True,1572.8,1500.0,Ligue_1
2023-08-13,Strasbourg,Lyon,home_win,home_win,0.3436,0.3436,0.3311,0.3253,True,1469.9,1565.3,Ligue_1
2023-08-18,Metz,Marseille,draw,draw,0.3788,0.2799,0.3788,0.3413,True,1489.4,1581.2,Ligue_1
2023-08-19,Lyon,Montpellier,away_win,home_win,0.4423,0.4423,0.3108,0.2468,False,1547.2,1504.2,Ligue_1
2023-08-19,Toulouse,PSG,draw,away_win,0.4945,0.3255,0.18,0.4945,False,1494.3,1616.9,Ligue_1
2023-08-20,Lens,Rennes,draw,home_win,0.3752,0.3752,0.3145,0.3103,False,1658.7,1583.4,Ligue_1
2023-08-20,Monaco,Strasbourg,home_win,home_win,0.5021,0.5021,0.2492,0.2487,True,1540.0,1488.0,Ligue_1
2023-08-20,Reims,Clermont,home_win,draw,0.454,0.2971,0.454,0.2489,False,1483.4,1541.1,Ligue_1
2023-08-20,Le Havre,Brest,away_win,draw,0.3975,0.3027,0.3975,0.2999,False,1502.6,1522.9,Ligue_1
2023-08-20,Lille,Nantes,home_win,home_win,0.5093,0.5093,0.2925,0.1983,True,1579.0,1394.3,Ligue_1
2023-08-20,Lorient,Nice,draw,draw,0.4029,0.3313,0.4029,0.2658,True,1506.5,1551.1,Ligue_1
2023-08-25,Nantes,Monaco,draw,away_win,0.4406,0.2642,0.2953,0.4406,False,1387.7,1551.4,Ligue_1
2023-08-26,Marseille,Brest,home_win,home_win,0.5064,0.5064,0.2477,0.2459,True,1579.3,1540.2,Ligue_1
2023-08-26,PSG,Lens,home_win,home_win,0.3404,0.3404,0.3391,0.3205,True,1613.7,1653.2,Ligue_1
2023-08-27,Montpellier,Reims,away_win,home_win,0.4071,0.4071,0.3478,0.2451,False,1524.4,1499.8,Ligue_1
2023-08-27,Rennes,Le Havre,draw,home_win,0.523,0.523,0.2798,0.1972,False,1588.9,1485.2,Ligue_1
2023-08-27,Clermont,Metz,away_win,draw,0.4404,0.3057,0.4404,0.2539,False,1524.8,1491.3,Ligue_1
2023-08-27,Strasbourg,Toulouse,home_win,home_win,0.4442,0.4442,0.2872,0.2686,True,1476.5,1497.6,Ligue_1
2023-08-27,Lorient,Lille,home_win,home_win,0.4107,0.4107,0.2949,0.2944,True,1506.2,1585.5,Ligue_1
2023-08-27,Nice,Lyon,draw,home_win,0.4537,0.4537,0.2674,0.2788,False,1551.3,1527.0,Ligue_1
2023-09-01,Nantes,Marseille,draw,away_win,0.4809,0.2369,0.2823,0.4809,False,1392.8,1591.2,Ligue_1
2023-09-02,Brest,Rennes,draw,draw,0.3885,0.3234,0.3885,0.2881,True,1528.3,1582.3,Ligue_1
2023-09-02,Monaco,Lens,home_win,home_win,0.4841,0.4841,0.2354,0.2805,True,1546.4,1637.7,Ligue_1
2023-09-03,Nice,Strasbourg,home_win,home_win,0.4729,0.4729,0.2703,0.2567,True,1547.9,1491.2,Ligue_1
2023-09-03,Metz,Reims,draw,home_win,0.405,0.405,0.349,0.246,False,1511.1,1519.1,Ligue_1
2023-09-03,Lyon,PSG,away_win,away_win,0.4544,0.3432,0.2025,0.4544,True,1530.4,1629.2,Ligue_1
2023-09-03,Le Havre,Lorient,home_win,draw,0.4151,0.2798,0.4151,0.3052,False,1491.9,1523.6,Ligue_1
2023-09-03,Toulouse,Clermont,draw,home_win,0.3837,0.3837,0.3513,0.265,False,1482.9,1505.0,Ligue_1
2023-09-03,Lille,Montpellier,home_win,home_win,0.428,0.428,0.319,0.253,True,1568.2,1505.0,Ligue_1
2023-09-15,PSG,Nice,away_win,home_win,0.5605,0.5605,0.18,0.2595,False,1642.9,1559.2,Ligue_1
2023-09-16,Rennes,Lille,draw,home_win,0.4789,0.4789,0.2574,0.2637,False,1582.1,1579.2,Ligue_1
2023-09-16,Lens,Metz,away_win,home_win,0.4258,0.4258,0.3019,0.2723,False,1619.8,1509.2,Ligue_1
2023-09-17,Lyon,Le Havre,draw,home_win,0.4705,0.4705,0.2768,0.2527,False,1516.6,1507.0,Ligue_1
2023-09-17,Marseille,Toulouse,draw,home_win,0.5935,0.5935,0.2235,0.183,False,1584.8,1481.6,Ligue_1
2023-09-17,Strasbourg,Montpellier,draw,home_win,0.392,0.392,0.3392,0.2689,False,1480.0,1494.0,Ligue_1
2023-09-17,Reims,Brest,away_win,draw,0.3764,0.3129,0.3764,0.3107,False,1521.1,1528.4,Ligue_1
2023-09-17,Clermont,Nantes,away_win,home_win,0.4018,0.4018,0.364,0.2342,False,1506.3,1399.2,Ligue_1
2023-09-17,Lorient,Monaco,draw,draw,0.3874,0.3248,0.3874,0.2878,True,1508.4,1564.3,Ligue_1
2023-09-22,Monaco,Nice,away_win,home_win,0.4208,0.4208,0.2926,0.2866,False,1564.0,1581.1,Ligue_1
2023-09-23,Nantes,Lorient,home_win,draw,0.4024,0.2672,0.4024,0.3304,False,1422.0,1508.7,Ligue_1
2023-09-23,Brest,Lyon,home_win,home_win,0.4469,0.4469,0.2678,0.2853,True,1546.4,1513.9,Ligue_1
2023-09-24,Montpellier,Rennes,draw,draw,0.412,0.2739,0.412,0.3142,True,1495.7,1579.7,Ligue_1
2023-09-24,Lens,Toulouse,home_win,home_win,0.486,0.486,0.2578,0.2562,True,1596.9,1488.3,Ligue_1
2023-09-24,PSG,Marseille,home_win,home_win,0.5171,0.5171,0.18,0.3029,True,1621.1,1578.2,Ligue_1
2023-09-24,Metz,Strasbourg,away_win,home_win,0.4246,0.4246,0.3134,0.262,False,1532.1,1478.3,Ligue_1
2023-09-24,Le Havre,Clermont,home_win,home_win,0.3953,0.3953,0.3558,0.2489,True,1509.8,1483.5,Ligue_1
2023-09-26,Lille,Reims,away_win,home_win,0.4913,0.4913,0.2765,0.2322,False,1581.6,1503.1,Ligue_1
2023-09-29,Strasbourg,Lens,away_win,home_win,0.437,0.437,0.2395,0.3236,False,1499.0,1606.1,Ligue_1
2023-09-30,Clermont,PSG,draw,away_win,0.5377,0.2823,0.18,0.5377,False,1471.0,1632.9,Ligue_1
2023-09-30,Monaco,Marseille,home_win,home_win,0.365,0.365,0.3371,0.298,True,1546.5,1566.3,Ligue_1
2023-10-01,Rennes,Nantes,home_win,home_win,0.5268,0.5268,0.2861,0.1871,True,1578.1,1439.7,Ligue_1
2023-10-01,Toulouse,Metz,home_win,draw,0.4241,0.2954,0.4241,0.2805,False,1479.1,1511.5,Ligue_1
2023-10-01,Lorient,Montpellier,away_win,home_win,0.3983,0.3983,0.3509,0.2508,False,1491.0,1497.3,Ligue_1
2023-10-01,Le Havre,Lille,away_win,draw,0.3988,0.314,0.3988,0.2871,False,1522.3,1559.9,Ligue_1
2023-10-01,Reims,Lyon,home_win,draw,0.344,0.3431,0.344,0.3129,False,1524.8,1501.6,Ligue_1
2023-10-01,Nice,Brest,draw,home_win,0.4481,0.4481,0.284,0.2679,False,1598.6,1558.7,Ligue_1
2023-10-06,Strasbourg,Nantes,away_win,home_win,0.4719,0.4719,0.2891,0.2389,False,1485.6,1431.6,Ligue_1
2023-10-07,Metz,Nice,away_win,draw,0.4018,0.2879,0.4018,0.3102,False,1496.3,1594.5,Ligue_1
2023-10-07,Reims,Monaco,away_win,draw,0.3712,0.2838,0.3712,0.345,False,1537.5,1561.1,Ligue_1
2023-10-08,Rennes,PSG,away_win,draw,0.3434,0.3361,0.3434,0.3205,False,1586.2,1627.9,Ligue_1
2023-10-08,Marseille,Le Havre,home_win,home_win,0.5459,0.5459,0.2471,0.207,True,1551.7,1505.7,Ligue_1
2023-10-08,Brest,Toulouse,draw,home_win,0.501,0.501,0.269,0.2299,False,1562.7,1494.3,Ligue_1
2023-10-08,Lyon,Lorient,draw,home_win,0.4174,0.4174,0.2774,0.3052,False,1489.0,1473.0,Ligue_1
2023-10-08,Lens,Lille,draw,home_win,0.4409,0.4409,0.2506,0.3085,False,1619.4,1576.5,Ligue_1
2023-10-20,Le Havre,Lens,draw,draw,0.3427,0.3212,0.3427,0.3361,True,1494.0,1615.3,Ligue_1
2023-10-21,Nice,Marseille,home_win,home_win,0.4203,0.4203,0.2662,0.3136,True,1608.3,1563.4,Ligue_1
2023-10-21,PSG,Strasbourg,home_win,home_win,0.6472,0.6472,0.18,0.1728,True,1644.3,1464.9,Ligue_1
2023-10-22,Lorient,Rennes,home_win,draw,0.3585,0.3304,0.3585,0.3111,False,1476.0,1569.8,Ligue_1
2023-10-22,Lille,Brest,home_win,home_win,0.4115,0.4115,0.2734,0.315,True,1580.7,1557.5,Ligue_1
2023-10-22,Nantes,Montpellier,home_win,draw,0.4705,0.2701,0.4705,0.2594,False,1452.3,1515.3,Ligue_1
2023-10-22,Toulouse,Reims,draw,home_win,0.3993,0.3993,0.3205,0.2802,False,1499.5,1520.2,Ligue_1
2023-10-22,Monaco,Metz,home_win,home_win,0.4772,0.4772,0.3027,0.2201,True,1578.3,1482.5,Ligue_1
2023-10-22,Lyon,Clermont,away_win,home_win,0.4686,0.4686,0.2923,0.2392,False,1486.0,1475.9,Ligue_1
2023-10-27,Clermont,Nice,away_win,away_win,0.4057,0.2623,0.332,0.4057,True,1494.7,1620.0,Ligue_1
2023-10-28,Reims,Lorient,home_win,draw,0.3673,0.3257,0.3673,0.307,False,1521.6,1494.0,Ligue_1
2023-10-28,Lens,Nantes,home_win,home_win,0.4818,0.4818,0.285,0.2332,True,1612.0,1468.9,Ligue_1
2023-10-29,Rennes,Strasbourg,draw,home_win,0.502,0.502,0.2595,0.2385,False,1551.8,1458.2,Ligue_1
2023-10-29,Montpellier,Toulouse,home_win,home_win,0.3927,0.3927,0.3382,0.2691,True,1498.7,1498.2,Ligue_1
2023-10-29,Brest,PSG,away_win,away_win,0.4714,0.341,0.1875,0.4714,True,1544.8,1651.0,Ligue_1
2023-10-29,Lille,Monaco,home_win,home_win,0.3484,0.3484,0.3235,0.3281,True,1593.3,1588.0,Ligue_1
2023-10-29,Metz,Le Havre,draw,draw,0.3766,0.3744,0.3766,0.249,True,1472.8,1497.3,Ligue_1
2023-11-03,PSG,Montpellier,home_win,home_win,0.6248,0.6248,0.18,0.1952,True,1664.5,1512.4,Ligue_1
2023-11-04,Lorient,Lens,draw,home_win,0.4278,0.4278,0.2473,0.3248,False,1481.5,1619.9,Ligue_1
2023-11-04,Marseille,Lille,draw,home_win,0.48,0.48,0.2716,0.2484,False,1551.7,1606.8,Ligue_1
2023-11-05,Monaco,Brest,home_win,home_win,0.4795,0.4795,0.2629,0.2576,True,1574.5,1531.4,Ligue_1
2023-11-05,Nice,Rennes,home_win,home_win,0.4617,0.4617,0.2787,0.2596,True,1632.6,1545.5,Ligue_1
2023-11-05,Toulouse,Le Havre,away_win,home_win,0.3921,0.3921,0.3249,0.2829,False,1484.5,1498.4,Ligue_1
2023-11-05,Lyon,Metz,draw,home_win,0.3977,0.3977,0.3202,0.2821,False,1467.2,1471.7,Ligue_1
2023-11-05,Nantes,Reims,away_win,draw,0.4182,0.3146,0.4182,0.2672,False,1460.9,1534.1,Ligue_1
2023-11-05,Strasbourg,Clermont,draw,home_win,0.4299,0.4299,0.325,0.2451,False,1464.4,1482.1,Ligue_1
2023-11-10,Montpellier,Nice,draw,away_win,0.3784,0.2812,0.3404,0.3784,False,1504.7,1642.6,Ligue_1
2023-11-11,Reims,PSG,away_win,away_win,0.495,0.325,0.18,0.495,True,1549.0,1672.1,Ligue_1
2023-11-11,Le Havre,Monaco,draw,away_win,0.3835,0.2896,0.3269,0.3835,False,1516.1,1586.3,Ligue_1
2023-11-12,Clermont,Lorient,home_win,draw,0.4091,0.2883,0.4091,0.3027,False,1483.6,1485.5,Ligue_1
2023-11-12,Lille,Toulouse,draw,home_win,0.5149,0.5149,0.2636,0.2215,False,1606.6,1466.8,Ligue_1
2023-11-12,Metz,Nantes,home_win,home_win,0.4097,0.4097,0.351,0.2393,True,1473.7,1446.0,Ligue_1
2023-11-12,Rennes,Lyon,away_win,home_win,0.4878,0.4878,0.257,0.2552,False,1535.5,1465.1,Ligue_1
2023-11-12,Lens,Marseille,home_win,away_win,0.3601,0.3458,0.2941,0.3601,False,1616.0,1551.9,Ligue_1
2023-11-24,PSG,Monaco,home_win,home_win,0.5762,0.5762,0.18,0.2438,True,1684.8,1585.4,Ligue_1
2023-11-25,Clermont,Lens,away_win,draw,0.3653,0.2886,0.3653,0.346,False,1497.4,1626.9,Ligue_1
2023-11-25,Strasbourg,Marseille,draw,away_win,0.3564,0.3017,0.3419,0.3564,False,1462.9,1541.0,Ligue_1
2023-11-26,Rennes,Reims,home_win,home_win,0.4628,0.4628,0.2958,0.2414,True,1514.2,1536.3,Ligue_1
2023-11-26,Lyon,Lille,away_win,home_win,0.3781,0.3781,0.3084,0.3134,False,1486.5,1598.6,Ligue_1
2023-11-26,Montpellier,Brest,away_win,draw,0.4165,0.314,0.4165,0.2695,False,1508.7,1519.5,Ligue_1
2023-11-26,Nice,Toulouse,home_win,home_win,0.5517,0.5517,0.267,0.1812,True,1638.7,1474.8,Ligue_1
2023-11-26,Lorient,Metz,away_win,home_win,0.3797,0.3797,0.3544,0.2658,False,1471.7,1486.2,Ligue_1
2023-11-26,Nantes,Le Havre,draw,draw,0.4201,0.3021,0.4201,0.2778,True,1433.5,1517.0,Ligue_1
2023-11-29,Montpellier,Clermont,draw,draw,0.3859,0.3761,0.3859,0.238,True,1490.9,1485.0,Ligue_1
2023-12-01,Reims,Strasbourg,home_win,home_win,0.3617,0.3617,0.3491,0.2893,True,1521.6,1464.2,Ligue_1
2023-12-02,Lens,Lyon,home_win,home_win,0.4655,0.4655,0.2489,0.2857,True,1639.3,1473.3,Ligue_1
2023-12-02,Nantes,Nice,home_win,away_win,0.4375,0.2472,0.3153,0.4375,False,1435.1,1645.9,Ligue_1
2023-12-03,Le Havre,PSG,away_win,away_win,0.5554,0.2646,0.18,0.5554,True,1515.5,1694.3,Ligue_1
2023-12-03,Brest,Clermont,home_win,home_win,0.471,0.471,0.3123,0.2167,True,1537.3,1487.5,Ligue_1
2023-12-03,Monaco,Montpellier,home_win,home_win,0.4863,0.4863,0.3045,0.2092,True,1575.9,1488.3,Ligue_1
2023-12-03,Toulouse,Lorient,draw,draw,0.3508,0.3376,0.3508,0.3116,True,1467.6,1454.1,Ligue_1
2023-12-03,Lille,Metz,home_win,home_win,0.4357,0.4357,0.3132,0.2511,True,1611.8,1503.8,Ligue_1
2023-12-03,Marseille,Rennes,home_win,home_win,0.4815,0.4815,0.2455,0.273,True,1539.7,1528.9,Ligue_1
2023-12-06,Marseille,Lyon,home_win,home_win,0.5456,0.5456,0.2319,0.2225,True,1552.9,1466.1,Ligue_1
2023-12-07,Brest,Strasbourg,draw,home_win,0.4805,0.4805,0.2709,0.2486,False,1548.9,1453.0,Ligue_1
2023-12-08,Montpellier,Lens,draw,draw,0.3636,0.3031,0.3636,0.3333,True,1478.4,1646.5,Ligue_1
2023-12-09,PSG,Nantes,home_win,home_win,0.6941,0.6941,0.18,0.1259,True,1704.6,1458.0,Ligue_1
2023-12-09,Rennes,Monaco,away_win,draw,0.3596,0.3353,0.3596,0.3051,False,1515.7,1585.8,Ligue_1
2023-12-10,Nice,Reims,home_win,home_win,0.5196,0.5196,0.2801,0.2003,True,1623.0,1532.8,Ligue_1
2023-12-10,Clermont,Lille,draw,away_win,0.3971,0.2853,0.3176,0.3971,False,1476.0,1621.0,Ligue_1
2023-12-10,Metz,Brest,away_win,draw,0.4398,0.2998,0.4398,0.2604,False,1494.7,1542.5,Ligue_1
2023-12-10,Strasbourg,Le Havre,home_win,home_win,0.4056,0.4056,0.3337,0.2607,True,1459.4,1505.2,Ligue_1
2023-12-10,Lyon,Toulouse,home_win,home_win,0.4678,0.4678,0.2693,0.263,True,1456.1,1464.7,Ligue_1
2023-12-10,Lorient,Marseille,away_win,away_win,0.3536,0.3116,0.3349,0.3536,True,1457.0,1562.9,Ligue_1
2023-12-15,Monaco,Lyon,away_win,home_win,0.5341,0.5341,0.247,0.2189,False,1600.9,1470.2,Ligue_1
2023-12-16,Le Havre,Nice,home_win,away_win,0.4145,0.2739,0.3116,0.4145,False,1489.4,1632.8,Ligue_1
2023-12-16,Lens,Reims,home_win,home_win,0.4959,0.4959,0.271,0.2331,True,1641.2,1522.9,Ligue_1
2023-12-17,Marseille,Clermont,home_win,home_win,0.5642,0.5642,0.2612,0.1747,True,1576.4,1480.3,Ligue_1
2023-12-17,Toulouse,Rennes,draw,draw,0.3892,0.2854,0.3892,0.3255,True,1450.6,1500.6,Ligue_1
2023-12-17,Lille,PSG,draw,away_win,0.441,0.3447,0.2144,0.441,False,1616.7,1709.5,Ligue_1
2023-12-17,Lorient,Strasbourg,away_win,home_win,0.4058,0.4058,0.3128,0.2814,False,1443.5,1475.2,Ligue_1
2023-12-17,Nantes,Brest,away_win,draw,0.3776,0.2788,0.3776,0.3437,False,1453.1,1558.6,Ligue_1
2023-12-17,Metz,Montpellier,away_win,draw,0.3951,0.3556,0.3951,0.2493,False,1478.6,1483.6,Ligue_1
2023-12-20,Strasbourg,Lille,home_win,home_win,0.361,0.361,0.3144,0.3245,True,1492.0,1618.7,Ligue_1
2023-12-20,PSG,Metz,home_win,home_win,0.6944,0.6944,0.18,0.1256,True,1707.6,1460.5,Ligue_1
2023-12-20,Toulouse,Monaco,away_win,away_win,0.4414,0.2916,0.267,0.4414,True,1450.6,1577.3,Ligue_1
2023-12-20,Nice,Lens,home_win,home_win,0.4615,0.4615,0.2853,0.2532,True,1612.6,1650.0,Ligue_1
2023-12-20,Reims,Le Havre,home_win,home_win,0.384,0.384,0.3304,0.2856,True,1514.1,1509.6,Ligue_1
2023-12-20,Lyon,Nantes,home_win,home_win,0.4824,0.4824,0.2822,0.2354,True,1493.9,1439.6,Ligue_1
2023-12-20,Montpellier,Marseille,draw,away_win,0.381,0.288,0.331,0.381,False,1501.7,1586.0,Ligue_1
2023-12-20,Clermont,Rennes,away_win,draw,0.4155,0.2675,0.4155,0.317,False,1470.6,1500.6,Ligue_1
2023-12-20,Brest,Lorient,home_win,home_win,0.4674,0.4674,0.2937,0.239,True,1572.1,1426.7,Ligue_1
2024-01-12,Marseille,Strasbourg,draw,home_win,0.5426,0.5426,0.2335,0.2239,False,1584.4,1511.5,Ligue_1
2024-01-13,Monaco,Reims,away_win,home_win,0.5418,0.5418,0.2533,0.2049,False,1589.8,1527.6,Ligue_1
2024-01-13,Rennes,Nice,home_win,draw,0.3376,0.3367,0.3376,0.3257,False,1517.5,1628.1,Ligue_1
2024-01-14,Lens,PSG,away_win,away_win,0.3757,0.32,0.3043,0.3757,True,1634.6,1712.5,Ligue_1
2024-01-14,Le Havre,Lyon,home_win,draw,0.3703,0.3211,0.3703,0.3086,False,1496.1,1505.2,Ligue_1
2024-01-14,Nantes,Clermont,away_win,draw,0.3897,0.3544,0.3897,0.2559,False,1428.3,1453.7,Ligue_1
2024-01-14,Metz,Toulouse,away_win,home_win,0.431,0.431,0.3158,0.2532,False,1455.6,1438.1,Ligue_1
2024-01-14,Brest,Montpellier,home_win,home_win,0.4444,0.4444,0.3301,0.2255,True,1579.9,1503.2,Ligue_1
2024-01-14,Lille,Lorient,home_win,home_win,0.463,0.463,0.2811,0.2559,True,1599.2,1418.8,Ligue_1
2024-01-26,Lyon,Rennes,away_win,draw,0.3725,0.3363,0.3725,0.2912,False,1491.1,1536.3,Ligue_1
2024-01-27,Nice,Metz,home_win,home_win,0.4805,0.4805,0.3262,0.1933,True,1609.3,1436.5,Ligue_1
2024-01-27,Marseille,Monaco,draw,home_win,0.4722,0.4722,0.243,0.2848,False,1579.0,1568.8,Ligue_1
2024-01-28,PSG,Brest,draw,home_win,0.6114,0.6114,0.18,0.2086,False,1727.2,1590.3,Ligue_1
2024-01-28,Toulouse,Lens,away_win,away_win,0.3554,0.3281,0.3166,0.3554,True,1457.1,1619.9,Ligue_1
2024-01-28,Reims,Nantes,draw,home_win,0.4411,0.4411,0.3293,0.2296,False,1548.6,1411.1,Ligue_1
2024-01-28,Lorient,Le Havre,draw,home_win,0.3982,0.3982,0.3097,0.2921,False,1412.1,1510.2,Ligue_1
2024-01-28,Clermont,Strasbourg,draw,draw,0.4288,0.2677,0.4288,0.3036,True,1470.8,1516.9,Ligue_1
2024-01-28,Montpellier,Lille,draw,draw,0.3798,0.3029,0.3798,0.3173,True,1492.8,1605.9,Ligue_1
2024-02-02,Strasbourg,PSG,away_win,away_win,0.5789,0.2411,0.18,0.5789,True,1517.1,1719.3,Ligue_1
2024-02-03,Rennes,Montpellier,home_win,home_win,0.4545,0.4545,0.3166,0.2289,True,1552.5,1495.7,Ligue_1
2024-02-03,Nantes,Lens,away_win,away_win,0.4023,0.3136,0.2841,0.4023,True,1419.0,1630.9,Ligue_1
2024-02-04,Lyon,Marseille,home_win,away_win,0.3744,0.3081,0.3175,0.3744,False,1474.9,1576.3,Ligue_1
2024-02-04,Brest,Nice,draw,draw,0.373,0.3488,0.373,0.2782,True,1598.2,1616.3,Ligue_1
2024-02-04,Reims,Toulouse,away_win,home_win,0.4409,0.4409,0.298,0.261,False,1540.8,1446.1,Ligue_1
2024-02-04,Lille,Clermont,home_win,home_win,0.499,0.499,0.3047,0.1964,True,1603.0,1470.7,Ligue_1
2024-02-04,Monaco,Le Havre,draw,home_win,0.5244,0.5244,0.2666,0.209,False,1571.5,1508.0,Ligue_1
2024-02-04,Metz,Lorient,away_win,home_win,0.3758,0.3758,0.3379,0.2863,False,1429.6,1414.3,Ligue_1
2024-02-09,Marseille,Metz,draw,home_win,0.5246,0.5246,0.2866,0.1888,False,1557.9,1410.6,Ligue_1
2024-02-10,Lens,Strasbourg,home_win,home_win,0.4575,0.4575,0.2529,0.2896,True,1639.9,1507.7,Ligue_1
2024-02-10,PSG,Lille,home_win,home_win,0.5935,0.5935,0.18,0.2265,True,1728.7,1611.3,Ligue_1
2024-02-11,Montpellier,Lyon,away_win,draw,0.3959,0.3264,0.3959,0.2777,False,1484.5,1493.2,Ligue_1
2024-02-11,Nice,Monaco,away_win,home_win,0.437,0.437,0.2736,0.2894,False,1617.7,1566.5,Ligue_1
2024-02-11,Toulouse,Nantes,away_win,home_win,0.4317,0.4317,0.3077,0.2606,False,1468.4,1410.0,Ligue_1
2024-02-11,Clermont,Brest,draw,away_win,0.4032,0.2657,0.3311,0.4032,False,1462.4,1596.7,Ligue_1
2024-02-11,Lorient,Reims,home_win,home_win,0.4163,0.4163,0.3081,0.2756,True,1433.3,1518.5,Ligue_1
2024-02-11,Le Havre,Rennes,away_win,draw,0.4136,0.2694,0.4136,0.317,False,1513.0,1563.7,Ligue_1
2024-02-16,Lyon,Nice,home_win,draw,0.3534,0.3292,0.3534,0.3174,False,1511.1,1597.2,Ligue_1
2024-02-17,Lille,Le Havre,home_win,home_win,0.4881,0.4881,0.2876,0.2243,True,1602.5,1497.1,Ligue_1
2024-02-17,Nantes,PSG,away_win,away_win,0.6677,0.1523,0.18,0.6677,True,1430.8,1737.6,Ligue_1
2024-02-18,Brest,Marseille,home_win,home_win,0.4085,0.4085,0.2641,0.3275,True,1592.9,1549.7,Ligue_1
2024-02-18,Reims,Lens,draw,away_win,0.3574,0.307,0.3356,0.3574,False,1500.8,1648.2,Ligue_1
2024-02-18,Rennes,Clermont,home_win,home_win,0.5228,0.5228,0.2962,0.181,True,1579.7,1466.2,Ligue_1
2024-02-18,Monaco,Toulouse,away_win,home_win,0.5772,0.5772,0.2423,0.1805,False,1587.0,1447.6,Ligue_1
2024-02-18,Strasbourg,Lorient,away_win,home_win,0.425,0.425,0.2824,0.2926,False,1499.4,1450.9,Ligue_1
2024-02-18,Montpellier,Metz,home_win,draw,0.3861,0.3652,0.3861,0.2488,False,1466.6,1418.8,Ligue_1
2024-02-23,Metz,Lyon,away_win,draw,0.3692,0.3028,0.3692,0.3279,False,1407.2,1528.8,Ligue_1
2024-02-24,Lorient,Nantes,away_win,home_win,0.4681,0.4681,0.3051,0.2268,False,1471.3,1424.9,Ligue_1
2024-02-24,Strasbourg,Brest,away_win,away_win,0.3427,0.324,0.3333,0.3427,True,1479.0,1604.7,Ligue_1
2024-02-25,PSG,Rennes,draw,home_win,0.6271,0.6271,0.18,0.1929,False,1743.5,1588.7,Ligue_1
2024-02-25,Marseille,Montpellier,home_win,home_win,0.4999,0.4999,0.2867,0.2134,True,1537.9,1478.2,Ligue_1
2024-02-25,Nice,Clermont,draw,home_win,0.5116,0.5116,0.3106,0.1778,False,1579.5,1457.2,Ligue_1
2024-02-25,Le Havre,Reims,away_win,home_win,0.3744,0.3744,0.348,0.2776,False,1487.8,1505.2,Ligue_1
2024-02-25,Lens,Monaco,away_win,home_win,0.3682,0.3682,0.3065,0.3253,False,1643.8,1563.1,Ligue_1
2024-02-25,Toulouse,Lille,home_win,away_win,0.3604,0.3095,0.33,0.3604,False,1471.6,1611.8,Ligue_1
2024-03-01,Monaco,PSG,draw,away_win,0.5251,0.2949,0.18,0.5251,False,1584.8,1735.0,Ligue_1
2024-03-02,Reims,Lille,away_win,draw,0.3847,0.3014,0.3847,0.3139,False,1522.7,1591.7,Ligue_1
2024-03-02,Clermont,Marseille,away_win,away_win,0.4233,0.2601,0.3166,0.4233,True,1464.5,1549.0,Ligue_1
2024-03-03,Toulouse,Nice,home_win,draw,0.3719,0.2841,0.3719,0.344,False,1491.6,1572.2,Ligue_1
2024-03-03,Brest,Le Havre,home_win,home_win,0.5183,0.5183,0.2947,0.1871,True,1617.3,1470.3,Ligue_1
2024-03-03,Montpellier,Strasbourg,draw,draw,0.3922,0.337,0.3922,0.2708,True,1467.1,1466.4,Ligue_1
2024-03-03,Nantes,Metz,away_win,home_win,0.3716,0.3716,0.3598,0.2686,False,1445.2,1394.5,Ligue_1
2024-03-03,Rennes,Lorient,away_win,home_win,0.4871,0.4871,0.2836,0.2293,False,1597.2,1451.0,Ligue_1
2024-03-03,Lyon,Lens,away_win,home_win,0.4517,0.4517,0.2567,0.2915,False,1541.5,1622.1,Ligue_1
2024-03-08,Nice,Montpellier,away_win,home_win,0.4576,0.4576,0.3299,0.2125,False,1554.8,1464.8,Ligue_1
2024-03-09,Lorient,Lyon,away_win,home_win,0.386,0.386,0.3248,0.2892,False,1475.2,1526.9,Ligue_1
2024-03-09,Lens,Brest,home_win,home_win,0.3574,0.3574,0.3231,0.3196,True,1636.7,1625.1,Ligue_1
2024-03-10,Lille,Rennes,draw,home_win,0.3725,0.3725,0.3262,0.3012,False,1606.8,1573.0,Ligue_1
2024-03-10,Strasbourg,Monaco,away_win,away_win,0.3696,0.3086,0.3217,0.3696,True,1468.7,1589.3,Ligue_1
2024-03-10,Marseille,Nantes,home_win,home_win,0.5757,0.5757,0.2543,0.1699,True,1563.4,1424.7,Ligue_1
2024-03-10,Le Havre,Toulouse,home_win,draw,0.4169,0.3137,0.4169,0.2694,False,1462.5,1509.0,Ligue_1
2024-03-10,PSG,Reims,draw,home_win,0.6789,0.6789,0.18,0.1411,False,1730.5,1507.6,Ligue_1
2024-03-10,Metz,Clermont,home_win,draw,0.4075,0.3571,0.4075,0.2354,False,1415.0,1450.1,Ligue_1
2024-03-15,Toulouse,Lyon,away_win,draw,0.3821,0.3025,0.3821,0.3154,False,1493.2,1542.8,Ligue_1
2024-03-16,Nantes,Strasbourg,away_win,draw,0.4054,0.3006,0.4054,0.294,False,1416.6,1455.9,Ligue_1
2024-03-16,Lens,Nice,away_win,home_win,0.4269,0.4269,0.2641,0.3091,False,1649.9,1532.7,Ligue_1
2024-03-17,Montpellier,PSG,away_win,away_win,0.6081,0.2119,0.18,0.6081,True,1486.9,1720.0,Ligue_1
2024-03-17,Rennes,Marseille,home_win,home_win,0.3731,0.3731,0.3212,0.3056,True,1576.8,1571.5,Ligue_1
2024-03-17,Reims,Metz,home_win,home_win,0.3858,0.3858,0.346,0.2682,True,1518.1,1430.3,Ligue_1
2024-03-17,Monaco,Lorient,draw,home_win,0.503,0.503,0.2743,0.2227,False,1602.1,1459.3,Ligue_1
2024-03-17,Clermont,Le Havre,home_win,draw,0.4685,0.2779,0.4685,0.2536,False,1434.8,1478.3,Ligue_1
2024-03-17,Brest,Lille,draw,home_win,0.461,0.461,0.2649,0.274,False,1611.9,1603.1,Ligue_1
2024-03-29,Lille,Lens,home_win,home_win,0.4448,0.4448,0.2701,0.2851,True,1605.7,1626.7,Ligue_1
2024-03-30,Metz,Monaco,away_win,away_win,0.4046,0.2828,0.3127,0.4046,True,1420.3,1594.0,Ligue_1
2024-03-30,Lyon,Reims,draw,home_win,0.4984,0.4984,0.2642,0.2374,False,1558.8,1528.0,Ligue_1
2024-03-31,Strasbourg,Rennes,home_win,away_win,0.3545,0.3181,0.3275,0.3545,False,1472.4,1590.2,Ligue_1
2024-03-31,Nice,Nantes,away_win,home_win,0.5199,0.5199,0.2992,0.1809,False,1555.8,1400.1,Ligue_1
2024-03-31,Marseille,PSG,away_win,away_win,0.5465,0.2735,0.18,0.5465,True,1558.0,1728.3,Ligue_1
2024-03-31,Clermont,Toulouse,away_win,draw,0.4229,0.3046,0.4229,0.2725,False,1450.5,1477.2,Ligue_1
2024-03-31,Lorient,Brest,away_win,draw,0.3493,0.3219,0.3493,0.3288,False,1467.3,1609.2,Ligue_1
2024-03-31,Le Havre,Montpellier,away_win,draw,0.4486,0.2978,0.4486,0.2536,False,1462.6,1478.6,Ligue_1
2024-04-05,Lille,Marseille,home_win,home_win,0.3675,0.3675,0.3089,0.3236,True,1620.4,1547.3,Ligue_1
2024-04-06,Lens,Le Havre,draw,home_win,0.5007,0.5007,0.2809,0.2184,False,1612.1,1445.1,Ligue_1
2024-04-06,PSG,Clermont,draw,home_win,0.7262,0.7262,0.18,0.0938,False,1739.0,1433.4,Ligue_1
2024-04-07,Monaco,Rennes,home_win,home_win,0.4644,0.4644,0.2593,0.2763,True,1604.6,1571.2,Ligue_1
2024-04-07,Toulouse,Strasbourg,draw,home_win,0.3545,0.3545,0.3393,0.3063,False,1494.2,1491.5,Ligue_1
2024-04-07,Nantes,Lyon,away_win,away_win,0.4006,0.3032,0.2962,0.4006,True,1424.6,1555.2,Ligue_1
2024-04-07,Montpellier,Lorient,home_win,home_win,0.3694,0.3694,0.347,0.2836,True,1496.2,1455.5,Ligue_1
2024-04-07,Brest,Metz,home_win,home_win,0.4862,0.4862,0.3257,0.1881,True,1621.1,1409.8,Ligue_1
2024-04-07,Reims,Nice,draw,draw,0.3703,0.3116,0.3703,0.3181,True,1531.7,1531.3,Ligue_1
2024-04-12,Metz,Lens,home_win,draw,0.3495,0.3155,0.3495,0.335,False,1404.0,1603.2,Ligue_1
2024-04-13,Strasbourg,Reims,home_win,home_win,0.4315,0.4315,0.3125,0.256,True,1493.9,1529.4,Ligue_1
2024-04-13,Rennes,Toulouse,away_win,home_win,0.5246,0.5246,0.2549,0.2206,False,1558.9,1491.8,Ligue_1
2024-04-14,Le Havre,Nantes,away_win,home_win,0.3979,0.3979,0.3383,0.2639,False,1453.9,1412.3,Ligue_1
2024-04-14,Clermont,Montpellier,draw,draw,0.4937,0.2453,0.4937,0.261,True,1445.8,1508.1,Ligue_1
2024-04-14,Lyon,Brest,home_win,draw,0.3736,0.3423,0.3736,0.2841,False,1567.5,1626.9,Ligue_1
2024-04-19,Nice,Lorient,home_win,home_win,0.4531,0.4531,0.2945,0.2524,True,1533.6,1443.5,Ligue_1
2024-04-20,Nantes,Rennes,away_win,away_win,0.3937,0.2981,0.3082,0.3937,True,1432.4,1537.7,Ligue_1
2024-04-20,Lens,Clermont,home_win,home_win,0.4906,0.4906,0.2979,0.2115,True,1580.7,1446.3,Ligue_1
2024-04-21,Toulouse,Marseille,draw,away_win,0.4003,0.3148,0.2849,0.4003,False,1513.0,1536.8,Ligue_1
2024-04-21,PSG,Lyon,home_win,home_win,0.6166,0.6166,0.18,0.2034,True,1726.6,1584.0,Ligue_1
2024-04-21,Brest,Monaco,away_win,home_win,0.3562,0.3562,0.3471,0.2967,False,1610.5,1616.8,Ligue_1
2024-04-21,Le Havre,Metz,away_win,draw,0.4187,0.313,0.4187,0.2683,False,1433.8,1426.5,Ligue_1
2024-04-21,Lille,Strasbourg,home_win,home_win,0.4713,0.4713,0.262,0.2667,True,1631.0,1509.3,Ligue_1
2024-04-21,Reims,Montpellier,away_win,draw,0.4185,0.3205,0.4185,0.2611,False,1514.1,1507.5,Ligue_1
2024-04-24,Lorient,PSG,away_win,away_win,0.6635,0.1565,0.18,0.6635,True,1433.7,1734.6,Ligue_1
2024-04-24,Marseille,Nice,draw,home_win,0.4602,0.4602,0.268,0.2718,False,1538.0,1543.5,Ligue_1
2024-04-24,Monaco,Lille,home_win,home_win,0.4918,0.4918,0.2529,0.2554,True,1634.8,1639.6,Ligue_1
2024-04-26,Montpellier,Nantes,draw,home_win,0.4257,0.4257,0.3647,0.2096,False,1526.1,1418.9,Ligue_1
2024-04-27,PSG,Le Havre,draw,home_win,0.7353,0.7353,0.18,0.0847,False,1740.7,1415.2,Ligue_1
2024-04-28,Metz,Lille,away_win,draw,0.3676,0.2954,0.3676,0.3369,False,1445.1,1625.7,Ligue_1
2024-04-28,Lorient,Toulouse,away_win,home_win,0.4187,0.4187,0.2954,0.2859,False,1427.6,1511.8,Ligue_1
2024-04-28,Strasbourg,Nice,away_win,draw,0.3862,0.3253,0.3862,0.2884,False,1500.6,1545.5,Ligue_1
2024-04-28,Rennes,Brest,away_win,home_win,0.3937,0.3937,0.3191,0.2872,False,1551.2,1592.5,Ligue_1
2024-04-28,Lyon,Monaco,home_win,draw,0.3511,0.3241,0.3511,0.3248,False,1576.0,1648.7,Ligue_1
2024-04-28,Marseille,Lens,home_win,home_win,0.5188,0.5188,0.2515,0.2296,True,1536.0,1588.9,Ligue_1
2024-04-28,Clermont,Reims,home_win,draw,0.457,0.2829,0.457,0.2601,False,1438.1,1495.5,Ligue_1
2024-05-03,Toulouse,Montpellier,away_win,home_win,0.3766,0.3766,0.3364,0.287,False,1526.3,1519.3,Ligue_1
2024-05-03,Lens,Lorient,home_win,home_win,0.4399,0.4399,0.269,0.2911,True,1572.8,1413.1,Ligue_1
2024-05-04,Metz,Rennes,away_win,draw,0.3889,0.292,0.3889,0.319,False,1434.8,1534.8,Ligue_1
2024-05-04,Brest,Nantes,draw,home_win,0.5215,0.5215,0.3004,0.178,False,1608.9,1425.7,Ligue_1
2024-05-04,Monaco,Clermont,home_win,home_win,0.5674,0.5674,0.282,0.1506,True,1631.7,1454.5,Ligue_1
2024-05-04,Le Havre,Strasbourg,home_win,draw,0.4062,0.2868,0.4062,0.3071,False,1427.9,1484.3,Ligue_1
2024-05-06,Lille,Lyon,away_win,home_win,0.4307,0.4307,0.2584,0.3108,False,1636.0,1593.1,Ligue_1
2024-05-10,Brest,Reims,draw,home_win,0.5237,0.5237,0.2822,0.1941,False,1599.5,1479.1,Ligue_1
2024-05-10,Nice,Le Havre,home_win,home_win,0.5149,0.5149,0.293,0.1921,True,1561.8,1444.2,Ligue_1
2024-05-12,PSG,Toulouse,away_win,home_win,0.6772,0.6772,0.18,0.1428,False,1728.0,1507.7,Ligue_1
2024-05-12,Clermont,Lyon,away_win,away_win,0.4299,0.2576,0.3125,0.4299,True,1447.6,1613.3,Ligue_1
2024-05-12,Marseille,Lorient,home_win,home_win,0.5315,0.5315,0.2602,0.2083,True,1552.1,1405.8,Ligue_1
2024-05-12,Montpellier,Monaco,away_win,away_win,0.3762,0.2952,0.3286,0.3762,True,1537.9,1638.5,Ligue_1
2024-05-12,Nantes,Lille,away_win,away_win,0.4016,0.3001,0.2983,0.4016,True,1435.1,1615.8,Ligue_1
2024-05-12,Rennes,Lens,draw,home_win,0.4813,0.4813,0.2686,0.2501,False,1548.5,1580.2,Ligue_1
2024-05-12,Strasbourg,Metz,home_win,home_win,0.4225,0.4225,0.3132,0.2643,True,1468.0,1421.1,Ligue_1
2024-05-15,Nice,PSG,away_win,away_win,0.5039,0.3161,0.18,0.5039,True,1570.6,1701.6,Ligue_1
2024-05-15,Reims,Marseille,home_win,away_win,0.4274,0.2731,0.2996,0.4274,False,1486.4,1559.9,Ligue_1
2024-05-19,Monaco,Nantes,home_win,home_win,0.5772,0.5772,0.2733,0.1495,True,1652.2,1424.8,Ligue_1
2024-05-19,Metz,PSG,away_win,away_win,0.666,0.154,0.18,0.666,True,1409.5,1713.9,Ligue_1
2024-05-19,Reims,Rennes,home_win,draw,0.3991,0.2718,0.3991,0.3291,False,1503.5,1547.7,Ligue_1
2024-05-19,Lyon,Strasbourg,home_win,home_win,0.5119,0.5119,0.2556,0.2324,True,1624.1,1479.7,Ligue_1
2024-05-19,Toulouse,Brest,away_win,draw,0.3907,0.2946,0.3907,0.3148,False,1534.1,1592.2,Ligue_1
2024-05-19,Lille,Nice,draw,home_win,0.4209,0.4209,0.2757,0.3033,False,1626.0,1558.3,Ligue_1
2024-05-19,Le Havre,Marseille,away_win,away_win,0.4457,0.2745,0.2798,0.4457,True,1435.4,1542.8,Ligue_1
2024-05-19,Lorient,Clermont,home_win,home_win,0.4056,0.4056,0.361,0.2335,True,1398.0,1436.8,Ligue_1
2024-05-19,Lens,Montpellier,draw,home_win,0.4152,0.4152,0.3091,0.2757,False,1581.0,1524.2,Ligue_1
2024-08-16,Le Havre,PSG,away_win,away_win,0.6613,0.1587,0.18,0.6613,True,1422.0,1719.9,Ligue_1
2024-08-17,Brest,Marseille,away_win,home_win,0.4126,0.4126,0.2641,0.3233,False,1607.8,1556.2,Ligue_1
2024-08-17,Reims,Lille,away_win,draw,0.3554,0.3,0.3554,0.3446,False,1519.2,1620.8,Ligue_1
2024-08-17,Monaco,St Etienne,home_win,home_win,0.4672,0.4672,0.3048,0.228,True,1657.6,1500.0,Ligue_1
2024-08-18,Auxerre,Nice,home_win,away_win,0.417,0.2792,0.3038,0.417,False,1429.9,1563.5,Ligue_1
2024-08-18,Angers,Lens,away_win,away_win,0.4631,0.2567,0.2802,0.4631,True,1312.8,1576.2,Ligue_1
2024-08-18,Montpellier,Strasbourg,draw,home_win,0.4036,0.4036,0.3238,0.2726,False,1529.0,1471.8,Ligue_1
2024-08-18,Toulouse,Nantes,draw,home_win,0.4505,0.4505,0.3077,0.2418,False,1518.5,1419.4,Ligue_1
2024-08-18,Rennes,Lyon,home_win,home_win,0.3637,0.3637,0.3259,0.3104,True,1531.9,1632.0,Ligue_1
2024-08-23,PSG,Montpellier,home_win,home_win,0.6642,0.6642,0.18,0.1558,True,1726.1,1524.2,Ligue_1
2024-08-24,Lyon,Monaco,away_win,draw,0.3704,0.3239,0.3704,0.3057,False,1613.7,1665.0,Ligue_1
2024-08-24,Lille,Angers,home_win,home_win,0.5969,0.5969,0.2708,0.1323,True,1634.5,1305.5,Ligue_1
2024-08-24,St Etienne,Le Havre,away_win,home_win,0.4843,0.4843,0.3224,0.1933,False,1492.6,1415.8,Ligue_1
2024-08-25,Strasbourg,Rennes,home_win,draw,0.3602,0.3239,0.3602,0.316,False,1476.6,1550.2,Ligue_1
2024-08-25,Nice,Toulouse,draw,home_win,0.4932,0.4932,0.267,0.2397,False,1543.7,1512.0,Ligue_1
2024-08-25,Marseille,Reims,draw,home_win,0.577,0.577,0.2333,0.1896,False,1576.8,1505.6,Ligue_1
2024-08-25,Lens,Brest,home_win,home_win,0.343,0.343,0.3355,0.3214,True,1583.5,1587.3,Ligue_1
2024-08-25,Nantes,Auxerre,home_win,home_win,0.3674,0.3674,0.358,0.2747,True,1425.9,1449.6,Ligue_1
2024-08-30,Lyon,Strasbourg,home_win,home_win,0.4951,0.4951,0.2556,0.2493,True,1597.8,1493.7,Ligue_1
2024-08-31,Brest,St Etienne,home_win,home_win,0.4143,0.4143,0.3224,0.2633,True,1573.4,1471.0,Ligue_1
2024-08-31,Montpellier,Nantes,away_win,home_win,0.4123,0.4123,0.3647,0.223,False,1518.1,1440.7,Ligue_1
2024-08-31,Toulouse,Marseille,away_win,away_win,0.4064,0.2902,0.3034,0.4064,True,1515.7,1571.4,Ligue_1
2024-09-01,Lille,PSG,away_win,away_win,0.4447,0.3442,0.211,0.4447,True,1637.7,1732.2,Ligue_1
2024-09-01,Le Havre,Auxerre,home_win,home_win,0.3895,0.3895,0.3325,0.2781,True,1437.4,1434.9,Ligue_1
2024-09-01,Reims,Rennes,home_win,draw,0.3794,0.2915,0.3794,0.3291,False,1510.9,1533.1,Ligue_1
2024-09-01,Monaco,Lens,draw,home_win,0.581,0.581,0.2186,0.2004,False,1681.0,1597.4,Ligue_1
2024-09-01,Angers,Nice,away_win,away_win,0.4906,0.2093,0.3001,0.4906,True,1302.3,1540.0,Ligue_1
2024-09-13,St Etienne,Lille,home_win,home_win,0.3483,0.3483,0.3467,0.3051,True,1461.6,1623.7,Ligue_1
2024-09-14,Marseille,Nice,home_win,home_win,0.4908,0.4908,0.254,0.2551,True,1587.1,1548.1,Ligue_1
2024-09-14,Auxerre,Monaco,away_win,away_win,0.4972,0.2193,0.2835,0.4972,True,1421.3,1675.1,Ligue_1
2024-09-14,PSG,Brest,home_win,home_win,0.6343,0.6343,0.18,0.1857,True,1746.1,1582.8,Ligue_1
2024-09-15,Toulouse,Le Havre,home_win,home_win,0.4361,0.4361,0.3034,0.2605,True,1499.9,1451.0,Ligue_1
2024-09-15,Rennes,Montpellier,home_win,home_win,0.4372,0.4372,0.3166,0.2462,True,1518.4,1496.5,Ligue_1
2024-09-15,Nantes,Reims,away_win,draw,0.427,0.3146,0.427,0.2584,False,1462.3,1525.7,Ligue_1
2024-09-15,Strasbourg,Angers,draw,home_win,0.5794,0.5794,0.2642,0.1564,False,1484.4,1294.2,Ligue_1
2024-09-15,Lens,Lyon,draw,home_win,0.3499,0.3499,0.3213,0.3288,False,1603.2,1607.1,Ligue_1
2024-09-20,Nice,St Etienne,home_win,home_win,0.3989,0.3989,0.3246,0.2765,True,1536.1,1482.6,Ligue_1
2024-09-21,Lille,Strasbourg,draw,home_win,0.4739,0.4739,0.262,0.2641,False,1602.7,1474.8,Ligue_1
2024-09-21,Rennes,Lens,draw,home_win,0.4637,0.4637,0.2672,0.2691,False,1531.2,1601.1,Ligue_1
2024-09-21,Reims,PSG,draw,away_win,0.5888,0.2312,0.18,0.5888,False,1541.1,1753.4,Ligue_1
2024-09-22,Monaco,Le Havre,home_win,home_win,0.5931,0.5931,0.2666,0.1403,True,1682.6,1439.4,Ligue_1
2024-09-22,Angers,Nantes,draw,away_win,0.3848,0.2813,0.334,0.3848,False,1303.8,1446.9,Ligue_1
2024-09-22,Brest,Toulouse,home_win,home_win,0.4989,0.4989,0.269,0.232,True,1575.6,1511.5,Ligue_1
2024-09-22,Montpellier,Auxerre,home_win,home_win,0.4246,0.4246,0.3507,0.2247,True,1483.8,1413.7,Ligue_1
2024-09-22,Lyon,Marseille,away_win,home_win,0.3655,0.3655,0.3097,0.3248,False,1609.2,1599.1,Ligue_1
2024-09-27,PSG,Rennes,home_win,home_win,0.673,0.673,0.18,0.147,True,1746.4,1532.1,Ligue_1
2024-09-27,Auxerre,Brest,home_win,away_win,0.4324,0.2649,0.3027,0.4324,False,1403.0,1586.5,Ligue_1
2024-09-28,Lens,Nice,draw,home_win,0.365,0.365,0.3241,0.311,False,1600.2,1547.5,Ligue_1
2024-09-28,Le Havre,Lille,away_win,away_win,0.3999,0.3041,0.296,0.3999,True,1434.4,1595.2,Ligue_1
2024-09-28,Monaco,Montpellier,home_win,home_win,0.5283,0.5283,0.3045,0.1672,True,1687.6,1494.5,Ligue_1
2024-09-29,Toulouse,Lyon,away_win,away_win,0.3518,0.3017,0.3465,0.3518,True,1500.6,1590.5,Ligue_1
2024-09-29,Angers,Reims,away_win,away_win,0.4232,0.2555,0.3213,0.4232,True,1308.0,1548.0,Ligue_1
2024-09-29,Nantes,St Etienne,draw,draw,0.4434,0.2616,0.4434,0.295,True,1442.7,1471.2,Ligue_1
2024-09-29,Strasbourg,Marseille,home_win,away_win,0.4341,0.3128,0.2532,0.4341,False,1482.3,1617.9,Ligue_1
2024-10-04,Marseille,Angers,draw,home_win,0.6801,0.6801,0.222,0.0979,False,1598.0,1299.9,Ligue_1
2024-10-05,Rennes,Monaco,away_win,away_win,0.3694,0.3069,0.3237,0.3694,True,1526.3,1694.0,Ligue_1
2024-10-05,St Etienne,Auxerre,home_win,home_win,0.481,0.481,0.312,0.207,True,1472.2,1424.9,Ligue_1
2024-10-05,Lille,Toulouse,home_win,home_win,0.5067,0.5067,0.2636,0.2297,True,1606.3,1486.4,Ligue_1
2024-10-06,Lyon,Nantes,home_win,home_win,0.5294,0.5294,0.2822,0.1884,True,1604.7,1441.8,Ligue_1
2024-10-06,Brest,Le Havre,home_win,home_win,0.516,0.516,0.2947,0.1893,True,1564.6,1423.4,Ligue_1
2024-10-06,Reims,Montpellier,home_win,home_win,0.3859,0.3859,0.3553,0.2588,True,1556.1,1488.1,Ligue_1
2024-10-06,Strasbourg,Lens,draw,home_win,0.4386,0.4386,0.2518,0.3096,False,1502.2,1595.6,Ligue_1
2024-10-06,Nice,PSG,draw,away_win,0.5768,0.2432,0.18,0.5768,False,1552.1,1752.2,Ligue_1
2024-10-18,Monaco,Lille,draw,home_win,0.5459,0.5459,0.2395,0.2146,False,1704.8,1615.0,Ligue_1
2024-10-19,St Etienne,Lens,away_win,home_win,0.4403,0.4403,0.2646,0.2951,False,1483.8,1593.6,Ligue_1
2024-10-19,Brest,Rennes,draw,home_win,0.4373,0.4373,0.2781,0.2846,False,1572.6,1515.6,Ligue_1
2024-10-19,PSG,Strasbourg,home_win,home_win,0.6909,0.6909,0.18,0.1291,True,1745.6,1504.2,Ligue_1
2024-10-20,Le Havre,Lyon,away_win,away_win,0.4407,0.2662,0.293,0.4407,True,1415.4,1611.9,Ligue_1
2024-10-20,Auxerre,Reims,home_win,draw,0.376,0.2919,0.376,0.3321,False,1413.2,1566.8,Ligue_1
2024-10-20,Nantes,Nice,draw,away_win,0.3965,0.2882,0.3153,0.3965,False,1434.5,1558.6,Ligue_1
2024-10-20,Toulouse,Angers,draw,home_win,0.5226,0.5226,0.2894,0.188,False,1477.7,1312.1,Ligue_1
2024-10-20,Montpellier,Marseille,away_win,away_win,0.4054,0.2853,0.3094,0.4054,True,1477.4,1585.8,Ligue_1
2024-10-25,Rennes,Le Havre,home_win,home_win,0.5277,0.5277,0.2798,0.1925,True,1520.3,1405.8,Ligue_1
2024-10-26,Lens,Lille,away_win,home_win,0.3666,0.3666,0.3324,0.301,False,1606.9,1621.1,Ligue_1
2024-10-26,Reims,Brest,away_win,draw,0.3892,0.2995,0.3892,0.3113,False,1546.2,1567.8,Ligue_1
2024-10-26,Angers,St Etienne,home_win,away_win,0.4442,0.2258,0.3301,0.4442,False,1320.9,1470.5,Ligue_1
2024-10-27,Lyon,Auxerre,draw,home_win,0.5592,0.5592,0.2678,0.1731,False,1621.5,1433.9,Ligue_1
2024-10-27,Montpellier,Toulouse,away_win,home_win,0.3874,0.3874,0.3429,0.2697,False,1464.0,1468.8,Ligue_1
2024-10-27,Nice,Monaco,home_win,away_win,0.3579,0.3085,0.3336,0.3579,False,1555.2,1698.6,Ligue_1
2024-10-27,Strasbourg,Nantes,home_win,home_win,0.4755,0.4755,0.2891,0.2354,True,1499.1,1437.9,Ligue_1
2024-10-27,Marseille,PSG,away_win,away_win,0.5265,0.2935,0.18,0.5265,True,1599.1,1750.7,Ligue_1
2024-11-01,Monaco,Angers,away_win,home_win,0.6567,0.6567,0.2434,0.0998,False,1678.4,1341.4,Ligue_1
2024-11-01,Lille,Lyon,draw,home_win,0.4226,0.4226,0.2584,0.3189,False,1638.8,1612.0,Ligue_1
2024-11-02,Brest,Nice,away_win,home_win,0.4102,0.4102,0.288,0.3017,False,1585.1,1575.4,Ligue_1
2024-11-02,St Etienne,Strasbourg,home_win,home_win,0.3895,0.3895,0.341,0.2696,True,1450.1,1510.2,Ligue_1
2024-11-02,PSG,Lens,home_win,home_win,0.642,0.642,0.18,0.178,True,1762.1,1589.3,Ligue_1
2024-11-03,Toulouse,Reims,home_win,home_win,0.3791,0.3791,0.3396,0.2812,True,1486.9,1528.9,Ligue_1
2024-11-03,Auxerre,Rennes,home_win,away_win,0.3904,0.2952,0.3144,0.3904,False,1443.4,1529.3,Ligue_1
2024-11-03,Le Havre,Montpellier,home_win,draw,0.4785,0.268,0.4785,0.2535,False,1396.8,1446.0,Ligue_1
2024-11-03,Nantes,Marseille,away_win,away_win,0.4635,0.2543,0.2823,0.4635,True,1426.8,1587.7,Ligue_1
2024-11-08,Marseille,Auxerre,away_win,home_win,0.5989,0.5989,0.2377,0.1634,False,1598.7,1461.0,Ligue_1
2024-11-09,Strasbourg,Monaco,away_win,away_win,0.4199,0.3184,0.2617,0.4199,True,1493.7,1649.6,Ligue_1
2024-11-09,Lens,Nantes,home_win,home_win,0.4907,0.4907,0.285,0.2243,True,1582.3,1415.7,Ligue_1
2024-11-09,Angers,PSG,away_win,away_win,0.7229,0.0971,0.18,0.7229,True,1370.3,1769.1,Ligue_1
2024-11-10,Lyon,St Etienne,home_win,home_win,0.4418,0.4418,0.3045,0.2536,True,1615.5,1466.5,Ligue_1
2024-11-10,Rennes,Toulouse,away_win,home_win,0.4952,0.4952,0.2557,0.2491,False,1511.6,1502.5,Ligue_1
2024-11-10,Nice,Lille,draw,home_win,0.4227,0.4227,0.3083,0.2689,False,1594.2,1635.3,Ligue_1
2024-11-10,Le Havre,Reims,away_win,draw,0.3919,0.3098,0.3919,0.2984,False,1412.8,1513.3,Ligue_1
2024-11-10,Montpellier,Brest,home_win,away_win,0.3712,0.291,0.3378,0.3712,False,1430.0,1566.4,Ligue_1
2024-11-22,Monaco,Brest,home_win,home_win,0.5125,0.5125,0.2629,0.2246,True,1660.8,1546.5,Ligue_1
2024-11-22,PSG,Toulouse,home_win,home_win,0.6972,0.6972,0.18,0.1228,True,1772.9,1521.2,Ligue_1
2024-11-23,Lens,Marseille,away_win,away_win,0.3828,0.3231,0.2941,0.3828,True,1589.5,1574.8,Ligue_1
2024-11-23,St Etienne,Montpellier,home_win,home_win,0.405,0.405,0.3641,0.231,True,1458.8,1449.9,Ligue_1
2024-11-23,Reims,Lyon,draw,away_win,0.3972,0.3064,0.2964,0.3972,False,1527.0,1623.2,Ligue_1
2024-11-24,Nice,Strasbourg,home_win,home_win,0.498,0.498,0.2703,0.2317,True,1593.8,1482.4,Ligue_1
2024-11-24,Nantes,Le Havre,away_win,home_win,0.393,0.393,0.3366,0.2704,False,1408.6,1399.1,Ligue_1
2024-11-24,Auxerre,Angers,home_win,home_win,0.4755,0.4755,0.3145,0.21,True,1484.9,1366.5,Ligue_1
2024-11-24,Lille,Rennes,home_win,home_win,0.455,0.455,0.2662,0.2787,True,1635.7,1492.9,Ligue_1
2024-11-29,Reims,Lens,away_win,draw,0.3819,0.3336,0.3819,0.2845,False,1529.1,1570.5,Ligue_1
2024-11-30,Rennes,St Etienne,home_win,home_win,0.3872,0.3872,0.3132,0.2996,True,1485.0,1472.1,Ligue_1
2024-11-30,Brest,Strasbourg,home_win,home_win,0.4658,0.4658,0.2709,0.2633,True,1537.6,1473.4,Ligue_1
2024-11-30,PSG,Nantes,draw,home_win,0.7589,0.7589,0.18,0.0611,False,1777.7,1389.9,Ligue_1
2024-12-01,Marseille,Monaco,home_win,home_win,0.4126,0.4126,0.2736,0.3138,True,1593.8,1669.8,Ligue_1
2024-12-01,Toulouse,Auxerre,home_win,home_win,0.4311,0.4311,0.2954,0.2734,True,1516.4,1493.7,Ligue_1
2024-12-01,Le Havre,Angers,away_win,home_win,0.4454,0.4454,0.3218,0.2327,False,1417.8,1357.7,Ligue_1
2024-12-01,Lyon,Nice,home_win,home_win,0.4243,0.4243,0.2718,0.3038,True,1621.1,1602.8,Ligue_1
2024-12-01,Montpellier,Lille,draw,away_win,0.393,0.2872,0.3198,0.393,False,1436.6,1643.6,Ligue_1
2024-12-06,Lille,Brest,home_win,home_win,0.443,0.443,0.2734,0.2835,True,1636.8,1548.5,Ligue_1
2024-12-06,Auxerre,PSG,draw,away_win,0.65,0.17,0.18,0.65,False,1481.0,1764.0,Ligue_1
2024-12-07,Monaco,Toulouse,home_win,home_win,0.5707,0.5707,0.2423,0.187,True,1652.6,1529.1,Ligue_1
2024-12-07,Nice,Le Havre,home_win,home_win,0.5436,0.5436,0.293,0.1633,True,1589.9,1396.9,Ligue_1
2024-12-07,Angers,Lyon,away_win,away_win,0.501,0.2159,0.2831,0.501,True,1378.6,1634.0,Ligue_1
2024-12-08,St Etienne,Marseille,away_win,draw,0.3545,0.2984,0.3545,0.3471,False,1459.0,1611.0,Ligue_1
2024-12-08,Strasbourg,Reims,draw,home_win,0.4181,0.4181,0.3254,0.2565,False,1462.5,1512.7,Ligue_1
2024-12-08,Nantes,Rennes,home_win,away_win,0.3828,0.2994,0.3178,0.3828,False,1403.5,1498.1,Ligue_1
2024-12-08,Lens,Montpellier,home_win,home_win,0.4536,0.4536,0.3091,0.2374,True,1586.9,1443.4,Ligue_1
2024-12-13,Toulouse,St Etienne,home_win,draw,0.3751,0.3383,0.3751,0.2866,False,1520.5,1447.6,Ligue_1
2024-12-14,Marseille,Lille,draw,home_win,0.504,0.504,0.2531,0.2428,False,1622.4,1646.8,Ligue_1
2024-12-14,Auxerre,Lens,draw,draw,0.3415,0.3284,0.3415,0.3301,True,1490.4,1594.8,Ligue_1
2024-12-14,Reims,Monaco,draw,away_win,0.4568,0.2622,0.2809,0.4568,False,1512.7,1661.2,Ligue_1
2024-12-15,PSG,Lyon,home_win,home_win,0.5895,0.5895,0.18,0.2305,True,1754.7,1641.5,Ligue_1
2024-12-15,Rennes,Angers,home_win,home_win,0.5659,0.5659,0.2581,0.176,True,1480.1,1371.1,Ligue_1
2024-12-15,Le Havre,Strasbourg,away_win,draw,0.3923,0.2868,0.3923,0.3209,False,1390.6,1462.5,Ligue_1
2024-12-15,Brest,Nantes,home_win,home_win,0.4959,0.4959,0.3004,0.2036,True,1538.5,1421.6,Ligue_1
2024-12-15,Montpellier,Nice,draw,away_win,0.3896,0.27,0.3404,0.3896,False,1435.5,1596.3,Ligue_1
2024-12-18,Monaco,PSG,away_win,away_win,0.4729,0.3409,0.1862,0.4729,True,1656.8,1763.7,Ligue_1
2025-01-03,Nice,Rennes,home_win,home_win,0.4684,0.4684,0.2787,0.2529,True,1591.3,1489.2,Ligue_1
2025-01-04,St Etienne,Reims,home_win,home_win,0.4084,0.4084,0.3349,0.2567,True,1437.0,1517.1,Ligue_1
2025-01-04,Lille,Nantes,draw,home_win,0.5253,0.5253,0.2925,0.1822,False,1648.0,1412.7,Ligue_1
2025-01-04,Lyon,Montpellier,home_win,home_win,0.5052,0.5052,0.3108,0.1839,True,1632.5,1440.4,Ligue_1
2025-01-05,Angers,Brest,home_win,away_win,0.4594,0.2403,0.3003,0.4594,False,1362.0,1547.4,Ligue_1
2025-01-05,Lens,Toulouse,away_win,home_win,0.4643,0.4643,0.2578,0.2779,False,1592.3,1531.1,Ligue_1
2025-01-05,Strasbourg,Auxerre,home_win,home_win,0.4443,0.4443,0.2978,0.2578,True,1477.5,1492.9,Ligue_1
2025-01-05,Marseille,Le Havre,home_win,home_win,0.6238,0.6238,0.2471,0.1291,True,1621.2,1375.6,Ligue_1
2025-01-10,Nantes,Monaco,draw,away_win,0.4659,0.2388,0.2953,0.4659,False,1423.5,1643.4,Ligue_1
2025-01-10,Auxerre,Lille,draw,away_win,0.4047,0.3061,0.2892,0.4047,False,1478.5,1637.2,Ligue_1
2025-01-11,Brest,Lyon,home_win,home_win,0.3402,0.3402,0.3278,0.332,True,1525.5,1638.9,Ligue_1
2025-01-11,Reims,Nice,away_win,away_win,0.401,0.2893,0.3097,0.401,True,1499.7,1600.7,Ligue_1
2025-01-11,Rennes,Marseille,away_win,away_win,0.4134,0.3296,0.257,0.4134,True,1479.8,1626.2,Ligue_1
2025-01-12,Toulouse,Strasbourg,away_win,home_win,0.4192,0.4192,0.2727,0.308,False,1552.0,1491.9,Ligue_1
2025-01-12,PSG,St Etienne,home_win,home_win,0.7341,0.7341,0.18,0.0859,True,1777.1,1454.4,Ligue_1
2025-01-12,Montpellier,Angers,away_win,home_win,0.4355,0.4355,0.3455,0.219,False,1434.0,1383.9,Ligue_1
2025-01-12,Le Havre,Lens,away_win,away_win,0.4049,0.3124,0.2827,0.4049,True,1370.6,1571.4,Ligue_1
2025-01-17,Montpellier,Monaco,home_win,away_win,0.4392,0.2407,0.3201,0.4392,False,1413.5,1636.1,Ligue_1
2025-01-17,Lille,Nice,home_win,home_win,0.3635,0.3635,0.3357,0.3008,True,1632.3,1614.4,Ligue_1
2025-01-18,Lens,PSG,away_win,away_win,0.5764,0.2436,0.18,0.5764,True,1580.8,1780.4,Ligue_1
2025-01-18,Rennes,Brest,away_win,draw,0.3634,0.3516,0.3634,0.285,False,1468.2,1544.3,Ligue_1
2025-01-18,Lyon,Toulouse,draw,home_win,0.5253,0.5253,0.2526,0.2222,False,1620.0,1531.1,Ligue_1
2025-01-19,St Etienne,Nantes,draw,home_win,0.4469,0.4469,0.3291,0.2239,False,1451.0,1430.8,Ligue_1
2025-01-19,Angers,Auxerre,home_win,draw,0.4111,0.2857,0.4111,0.3032,False,1404.4,1483.3,Ligue_1
2025-01-19,Reims,Le Havre,draw,home_win,0.4439,0.4439,0.3255,0.2307,False,1486.0,1361.2,Ligue_1
2025-01-19,Marseille,Strasbourg,draw,home_win,0.5658,0.5658,0.2335,0.2007,False,1637.8,1512.8,Ligue_1
2025-01-24,Auxerre,St Etienne,draw,draw,0.3953,0.3002,0.3953,0.3045,True,1466.0,1447.8,Ligue_1
2025-01-25,Monaco,Rennes,home_win,home_win,0.5204,0.5204,0.2593,0.2203,True,1612.8,1453.4,Ligue_1
2025-01-25,Strasbourg,Lille,home_win,home_win,0.3618,0.3618,0.3144,0.3238,True,1520.2,1645.2,Ligue_1
2025-01-25,PSG,Reims,draw,home_win,0.7289,0.7289,0.18,0.0911,False,1789.9,1478.6,Ligue_1
2025-01-26,Toulouse,Montpellier,away_win,home_win,0.4235,0.4235,0.3336,0.2429,False,1537.2,1436.9,Ligue_1
2025-01-26,Nantes,Lyon,draw,away_win,0.4245,0.2792,0.2962,0.4245,False,1434.0,1613.9,Ligue_1
2025-01-26,Nice,Marseille,home_win,draw,0.3612,0.3325,0.3612,0.3063,False,1601.5,1630.4,Ligue_1
2025-01-26,Le Havre,Brest,away_win,away_win,0.4287,0.261,0.3102,0.4287,True,1368.6,1559.1,Ligue_1
2025-01-26,Lens,Angers,home_win,home_win,0.5339,0.5339,0.2668,0.1993,True,1571.3,1421.7,Ligue_1
2025-01-31,Montpellier,Lens,away_win,draw,0.3636,0.325,0.3636,0.3114,False,1459.4,1579.0,Ligue_1
2025-02-01,Brest,PSG,away_win,away_win,0.5851,0.2349,0.18,0.5851,True,1569.0,1777.5,Ligue_1
2025-02-01,Monaco,Auxerre,home_win,home_win,0.5759,0.5759,0.2574,0.1667,True,1620.1,1462.9,Ligue_1
2025-02-01,Lille,St Etienne,home_win,home_win,0.4299,0.4299,0.3057,0.2644,True,1625.8,1450.9,Ligue_1
2025-02-02,Marseille,Lyon,home_win,home_win,0.5051,0.5051,0.2345,0.2604,True,1615.4,1608.2,Ligue_1
2025-02-02,Reims,Nantes,away_win,home_win,0.4026,0.4026,0.3293,0.2681,False,1491.0,1439.7,Ligue_1
2025-02-02,Rennes,Strasbourg,home_win,home_win,0.3672,0.3672,0.3343,0.2986,True,1446.0,1539.6,Ligue_1
2025-02-02,Toulouse,Nice,draw,away_win,0.3981,0.3091,0.2928,0.3981,False,1514.7,1616.5,Ligue_1
2025-02-02,Angers,Le Havre,draw,home_win,0.3909,0.3909,0.3309,0.2782,False,1414.0,1358.7,Ligue_1
2025-02-07,Nantes,Brest,away_win,draw,0.3829,0.2792,0.3829,0.3378,False,1460.2,1559.8,Ligue_1
2025-02-07,PSG,Monaco,home_win,home_win,0.6307,0.6307,0.18,0.1893,True,1786.7,1627.6,Ligue_1
2025-02-08,Nice,Lens,home_win,home_win,0.5148,0.5148,0.2427,0.2426,True,1614.2,1591.9,Ligue_1
2025-02-08,Lille,Le Havre,away_win,home_win,0.5445,0.5445,0.2876,0.1679,False,1632.7,1363.4,Ligue_1
2025-02-08,St Etienne,Rennes,away_win,home_win,0.3946,0.3946,0.3334,0.272,False,1444.1,1464.0,Ligue_1
2025-02-09,Strasbourg,Montpellier,home_win,home_win,0.4486,0.4486,0.3175,0.2339,True,1521.6,1446.6,Ligue_1
2025-02-09,Lyon,Reims,home_win,home_win,0.5417,0.5417,0.2642,0.194,True,1594.8,1470.5,Ligue_1
2025-02-09,Auxerre,Toulouse,draw,draw,0.4026,0.313,0.4026,0.2844,True,1455.4,1517.1,Ligue_1
2025-02-09,Angers,Marseille,away_win,away_win,0.5413,0.198,0.2607,0.5413,True,1409.3,1628.8,Ligue_1
2025-02-14,Brest,Auxerre,draw,home_win,0.5162,0.5162,0.2857,0.1981,False,1573.6,1456.0,Ligue_1
2025-02-15,Marseille,St Etienne,home_win,home_win,0.5085,0.5085,0.2924,0.1991,True,1637.5,1426.7,Ligue_1
2025-02-15,Monaco,Nantes,home_win,home_win,0.5596,0.5596,0.2733,0.1671,True,1620.2,1446.5,Ligue_1
2025-02-15,Toulouse,PSG,away_win,away_win,0.6457,0.1743,0.18,0.6457,True,1516.5,1794.0,Ligue_1
2025-02-16,Montpellier,Lyon,away_win,away_win,0.3945,0.2865,0.319,0.3945,True,1436.1,1603.4,Ligue_1
2025-02-16,Le Havre,Nice,away_win,away_win,0.4563,0.2322,0.3116,0.4563,True,1391.1,1626.9,Ligue_1
2025-02-16,Lens,Strasbourg,away_win,home_win,0.4189,0.4189,0.2529,0.3282,False,1579.1,1532.1,Ligue_1
2025-02-16,Reims,Angers,away_win,home_win,0.4468,0.4468,0.314,0.2392,False,1461.9,1400.5,Ligue_1
2025-02-16,Rennes,Lille,away_win,home_win,0.4161,0.4161,0.251,0.3329,False,1481.4,1605.1,Ligue_1
2025-02-21,Rennes,Reims,home_win,home_win,0.5042,0.5042,0.2669,0.2289,True,1468.7,1441.0,Ligue_1
2025-02-22,Lille,Monaco,home_win,draw,0.3368,0.3341,0.3368,0.3291,False,1617.8,1627.1,Ligue_1
2025-02-22,St Etienne,Angers,draw,home_win,0.4757,0.4757,0.3099,0.2144,False,1420.8,1421.5,Ligue_1
2025-02-22,Auxerre,Marseille,home_win,away_win,0.492,0.2383,0.2696,0.492,False,1463.1,1643.4,Ligue_1
2025-02-23,Nantes,Lens,home_win,draw,0.3441,0.3275,0.3441,0.3283,False,1439.6,1558.8,Ligue_1
2025-02-23,Le Havre,Toulouse,away_win,draw,0.366,0.3012,0.366,0.3328,False,1382.9,1509.7,Ligue_1
2025-02-23,Nice,Montpellier,home_win,home_win,0.504,0.504,0.3299,0.1661,True,1635.0,1425.3,Ligue_1
2025-02-23,Strasbourg,Brest,draw,home_win,0.3999,0.3999,0.2948,0.3052,False,1552.5,1566.4,Ligue_1
2025-02-23,Lyon,PSG,away_win,away_win,0.5634,0.2566,0.18,0.5634,True,1614.2,1800.8,Ligue_1
2025-02-28,Monaco,Reims,home_win,home_win,0.5928,0.5928,0.2533,0.1539,True,1613.0,1428.5,Ligue_1
2025-03-01,St Etienne,Nice,away_win,draw,0.3774,0.276,0.3774,0.3466,False,1418.6,1640.9,Ligue_1
2025-03-01,Lens,Le Havre,away_win,home_win,0.5016,0.5016,0.2809,0.2175,False,1539.6,1370.4,Ligue_1
2025-03-01,PSG,Lille,home_win,home_win,0.6469,0.6469,0.18,0.1731,True,1810.9,1631.9,Ligue_1
2025-03-02,Lyon,Brest,home_win,home_win,0.447,0.447,0.268,0.2849,True,1604.2,1568.0,Ligue_1
2025-03-02,Angers,Toulouse,away_win,draw,0.3728,0.2867,0.3728,0.3405,False,1423.8,1522.2,Ligue_1
2025-03-02,Auxerre,Strasbourg,away_win,draw,0.3905,0.2876,0.3905,0.3219,False,1484.9,1550.8,Ligue_1
2025-03-02,Montpellier,Rennes,away_win,draw,0.432,0.2742,0.432,0.2938,False,1419.4,1481.2,Ligue_1
2025-03-02,Marseille,Nantes,home_win,home_win,0.5851,0.5851,0.2543,0.1606,True,1621.6,1458.7,Ligue_1
2025-03-07,Toulouse,Monaco,draw,away_win,0.406,0.3032,0.2908,0.406,False,1536.0,1619.6,Ligue_1
2025-03-08,Rennes,PSG,away_win,away_win,0.6776,0.1424,0.18,0.6776,True,1496.7,1817.6,Ligue_1
2025-03-08,Lille,Montpellier,home_win,home_win,0.4904,0.4904,0.319,0.1906,True,1625.1,1404.0,Ligue_1
2025-03-08,Marseille,Lens,away_win,home_win,0.6271,0.6271,0.2002,0.1727,False,1628.9,1514.7,Ligue_1
2025-03-09,Brest,Angers,home_win,home_win,0.5564,0.5564,0.275,0.1686,True,1555.9,1410.0,Ligue_1
2025-03-09,Le Havre,St Etienne,draw,draw,0.4263,0.2716,0.4263,0.3021,True,1395.3,1409.9,Ligue_1
2025-03-09,Nantes,Strasbourg,away_win,draw,0.361,0.2872,0.361,0.3518,False,1451.5,1566.1,Ligue_1
2025-03-09,Reims,Auxerre,away_win,draw,0.4293,0.3081,0.4293,0.2625,False,1421.9,1469.6,Ligue_1
2025-03-09,Nice,Lyon,away_win,home_win,0.4583,0.4583,0.2674,0.2743,False,1649.6,1616.3,Ligue_1
2025-03-14,Nice,Auxerre,draw,home_win,0.5361,0.5361,0.2838,0.1801,False,1629.8,1485.7,Ligue_1
2025-03-15,Angers,Monaco,away_win,away_win,0.5116,0.2113,0.2772,0.5116,True,1402.2,1618.0,Ligue_1
2025-03-15,Lens,Rennes,home_win,home_win,0.3625,0.3625,0.3145,0.323,True,1537.7,1491.1,Ligue_1
2025-03-15,Nantes,Lille,home_win,away_win,0.4069,0.2948,0.2983,0.4069,False,1438.4,1630.7,Ligue_1
2025-03-16,Lyon,Le Havre,home_win,home_win,0.5661,0.5661,0.2764,0.1576,True,1636.1,1393.7,Ligue_1
2025-03-16,Brest,Reims,draw,home_win,0.5388,0.5388,0.2822,0.179,False,1563.8,1405.8,Ligue_1
2025-03-16,Montpellier,St Etienne,away_win,draw,0.4581,0.2728,0.4581,0.2691,False,1398.4,1411.6,Ligue_1
2025-03-16,Strasbourg,Toulouse,home_win,home_win,0.4916,0.4916,0.2593,0.2492,True,1579.1,1537.6,Ligue_1
2025-03-16,PSG,Marseille,home_win,home_win,0.6751,0.6751,0.18,0.1449,True,1823.2,1605.8,Ligue_1
2025-03-28,Strasbourg,Lyon,home_win,draw,0.3719,0.3443,0.3719,0.2838,False,1591.0,1641.1,Ligue_1
2025-03-29,Monaco,Nice,home_win,home_win,0.4433,0.4433,0.2725,0.2842,True,1626.9,1621.7,Ligue_1
2025-03-29,St Etienne,PSG,away_win,away_win,0.7233,0.0967,0.18,0.7233,True,1429.2,1828.8,Ligue_1
2025-03-29,Reims,Marseille,home_win,away_win,0.5011,0.2322,0.2667,0.5011,False,1414.4,1600.2,Ligue_1
2025-03-30,Toulouse,Brest,away_win,draw,0.3795,0.3125,0.3795,0.308,False,1525.7,1555.2,Ligue_1
2025-03-30,Angers,Rennes,away_win,away_win,0.4188,0.2716,0.3096,0.4188,True,1393.3,1479.4,Ligue_1
2025-03-30,Auxerre,Montpellier,home_win,home_win,0.4084,0.4084,0.357,0.2346,True,1493.8,1380.7,Ligue_1
2025-03-30,Le Havre,Nantes,home_win,draw,0.4325,0.2917,0.4325,0.2757,False,1388.7,1460.6,Ligue_1
2025-03-30,Lille,Lens,home_win,home_win,0.5006,0.5006,0.2422,0.2572,True,1608.5,1549.4,Ligue_1
2025-04-04,Nice,Nantes,away_win,home_win,0.5233,0.5233,0.2992,0.1775,False,1608.2,1443.6,Ligue_1
2025-04-05,Lyon,Lille,home_win,home_win,0.4704,0.4704,0.2525,0.277,True,1625.1,1619.6,Ligue_1
2025-04-05,PSG,Angers,home_win,home_win,0.7772,0.7772,0.18,0.0428,True,1832.6,1378.9,Ligue_1
2025-04-05,Brest,Monaco,home_win,draw,0.3699,0.3165,0.3699,0.3135,False,1572.1,1640.4,Ligue_1
2025-04-06,Lens,St Etienne,home_win,home_win,0.3599,0.3599,0.3504,0.2897,True,1538.3,1425.5,Ligue_1
2025-04-06,Montpellier,Le Havre,away_win,draw,0.3994,0.3429,0.3994,0.2577,False,1371.7,1405.7,Ligue_1
2025-04-06,Reims,Strasbourg,away_win,away_win,0.4328,0.2781,0.2891,0.4328,True,1436.3,1607.0,Ligue_1
2025-04-06,Rennes,Auxerre,away_win,home_win,0.469,0.469,0.2878,0.2432,False,1493.8,1502.8,Ligue_1
2025-04-06,Marseille,Toulouse,home_win,home_win,0.5781,0.5781,0.2235,0.1983,True,1578.2,1508.7,Ligue_1
2025-04-11,Lens,Reims,away_win,home_win,0.4973,0.4973,0.271,0.2317,False,1547.3,1425.7,Ligue_1
2025-04-12,Monaco,Marseille,home_win,home_win,0.4407,0.4407,0.2502,0.3091,True,1623.6,1588.9,Ligue_1
2025-04-12,Toulouse,Lille,away_win,away_win,0.3445,0.3238,0.3317,0.3445,True,1498.0,1606.1,Ligue_1
2025-04-12,Strasbourg,Nice,draw,home_win,0.4234,0.4234,0.2768,0.2998,False,1617.7,1583.4,Ligue_1
2025-04-13,St Etienne,Brest,draw,draw,0.3719,0.3073,0.3719,0.3208,True,1416.5,1589.0,Ligue_1
2025-04-13,Angers,Montpellier,home_win,draw,0.4188,0.3137,0.4188,0.2675,False,1377.3,1355.0,Ligue_1
2025-04-13,Le Havre,Rennes,away_win,draw,0.4111,0.2695,0.4111,0.3194,False,1422.4,1475.9,Ligue_1
2025-04-13,Auxerre,Lyon,away_win,away_win,0.4098,0.3043,0.286,0.4098,True,1520.7,1638.5,Ligue_1
2025-04-18,Rennes,Nantes,home_win,home_win,0.4739,0.4739,0.2861,0.24,True,1491.7,1468.4,Ligue_1
2025-04-19,Marseille,Montpellier,home_win,home_win,0.5679,0.5679,0.2867,0.1454,True,1576.8,1342.3,Ligue_1
2025-04-19,Monaco,Strasbourg,draw,home_win,0.4871,0.4871,0.2492,0.2637,False,1635.7,1613.9,Ligue_1
2025-04-19,PSG,Le Havre,home_win,home_win,0.7707,0.7707,0.18,0.0493,True,1834.3,1406.6,Ligue_1
2025-04-20,Lille,Auxerre,home_win,home_win,0.4999,0.4999,0.2795,0.2206,True,1619.5,1507.8,Ligue_1
2025-04-20,Brest,Lens,away_win,home_win,0.5217,0.5217,0.2454,0.2329,False,1583.5,1524.0,Ligue_1
2025-04-20,Nice,Angers,home_win,home_win,0.5838,0.5838,0.2722,0.144,True,1587.2,1390.0,Ligue_1
2025-04-20,Reims,Toulouse,home_win,draw,0.3992,0.3223,0.3992,0.2786,False,1449.0,1484.7,Ligue_1
2025-04-20,St Etienne,Lyon,home_win,draw,0.3529,0.2997,0.3529,0.3475,False,1421.9,1651.4,Ligue_1
2025-04-22,Nantes,PSG,draw,away_win,0.7135,0.1065,0.18,0.7135,False,1455.7,1836.2,Ligue_1
2025-04-25,PSG,Nice,away_win,home_win,0.6842,0.6842,0.18,0.1358,False,1824.3,1593.4,Ligue_1
2025-04-26,Strasbourg,St Etienne,home_win,home_win,0.4432,0.4432,0.3092,0.2476,True,1617.1,1445.5,Ligue_1
2025-04-26,Le Havre,Monaco,draw,away_win,0.4787,0.2302,0.2911,0.4787,False,1404.6,1632.5,Ligue_1
2025-04-26,Lyon,Rennes,home_win,home_win,0.4763,0.4763,0.2628,0.2609,True,1627.8,1504.4,Ligue_1
2025-04-27,Angers,Lille,away_win,away_win,0.4697,0.2403,0.29,0.4697,True,1383.8,1628.5,Ligue_1
2025-04-27,Lens,Auxerre,away_win,home_win,0.4565,0.4565,0.2735,0.27,False,1544.8,1498.7,Ligue_1
2025-04-27,Montpellier,Reims,draw,draw,0.4078,0.2975,0.4078,0.2946,True,1337.1,1464.3,Ligue_1
2025-04-27,Nantes,Toulouse,draw,home_win,0.3942,0.3942,0.3185,0.2873,False,1467.6,1469.3,Ligue_1
2025-04-27,Marseille,Brest,home_win,home_win,0.4965,0.4965,0.2477,0.2558,True,1582.0,1562.7,Ligue_1
2025-05-02,Nice,Reims,home_win,home_win,0.5484,0.5484,0.2801,0.1716,True,1620.1,1460.8,Ligue_1
2025-05-03,Strasbourg,PSG,home_win,away_win,0.5499,0.2701,0.18,0.5499,False,1624.1,1797.6,Ligue_1
2025-05-03,Toulouse,Rennes,home_win,draw,0.366,0.3083,0.366,0.3256,False,1471.6,1495.8,Ligue_1
2025-05-03,St Etienne,Monaco,away_win,draw,0.3614,0.292,0.3614,0.3466,False,1438.5,1624.9,Ligue_1
2025-05-04,Nantes,Angers,away_win,home_win,0.4632,0.4632,0.323,0.2138,False,1465.4,1375.9,Ligue_1
2025-05-04,Auxerre,Le Havre,away_win,home_win,0.4389,0.4389,0.3266,0.2345,False,1519.1,1412.2,Ligue_1
2025-05-04,Brest,Montpellier,home_win,home_win,0.4967,0.4967,0.3301,0.1732,True,1549.8,1340.6,Ligue_1
2025-05-04,Lyon,Lens,away_win,home_win,0.5603,0.5603,0.2302,0.2095,False,1636.5,1524.5,Ligue_1
2025-05-04,Lille,Marseille,draw,home_win,0.3535,0.3535,0.3089,0.3376,False,1636.4,1594.8,Ligue_1
2025-05-10,Reims,St Etienne,away_win,draw,0.3925,0.3015,0.3925,0.306,False,1453.4,1428.5,Ligue_1
2025-05-10,Montpellier,PSG,away_win,away_win,0.7421,0.0779,0.18,0.7421,True,1334.7,1776.2,Ligue_1
2025-05-10,Monaco,Lyon,home_win,home_win,0.4834,0.4834,0.247,0.2696,True,1635.0,1613.5,Ligue_1
2025-05-10,Angers,Strasbourg,home_win,away_win,0.4885,0.2224,0.289,0.4885,False,1398.0,1645.6,Ligue_1
2025-05-10,Brest,Lille,home_win,home_win,0.4027,0.4027,0.2939,0.3033,True,1555.7,1632.3,Ligue_1
2025-05-10,Auxerre,Nantes,draw,home_win,0.406,0.406,0.3306,0.2634,False,1496.3,1443.3,Ligue_1
2025-05-10,Rennes,Nice,home_win,away_win,0.3424,0.32,0.3376,0.3424,False,1481.0,1627.5,Ligue_1
2025-05-10,Le Havre,Marseille,away_win,away_win,0.4753,0.2472,0.2775,0.4753,True,1435.0,1598.9,Ligue_1
2025-05-10,Toulouse,Lens,draw,draw,0.3606,0.3543,0.3606,0.2852,True,1486.4,1547.5,Ligue_1
2025-05-17,Nice,Brest,home_win,home_win,0.4453,0.4453,0.284,0.2707,True,1607.2,1572.9,Ligue_1
2025-05-17,PSG,Auxerre,home_win,home_win,0.7173,0.7173,0.18,0.1027,True,1779.2,1491.7,Ligue_1
2025-05-17,Nantes,Montpellier,home_win,home_win,0.41,0.41,0.3682,0.2218,True,1447.9,1331.7,Ligue_1
2025-05-17,St Etienne,Toulouse,away_win,home_win,0.4259,0.4259,0.3366,0.2375,False,1447.9,1486.9,Ligue_1
2025-05-17,Lyon,Angers,home_win,home_win,0.587,0.587,0.2561,0.1568,True,1600.7,1422.2,Ligue_1
2025-05-17,Lille,Reims,home_win,home_win,0.5333,0.5333,0.2765,0.1902,True,1615.1,1434.0,Ligue_1
2025-05-17,Lens,Monaco,home_win,away_win,0.4418,0.3034,0.2548,0.4418,False,1547.0,1647.7,Ligue_1
2025-05-17,Marseille,Rennes,home_win,home_win,0.5283,0.5283,0.2455,0.2261,True,1609.9,1501.3,Ligue_1
2025-05-17,Strasbourg,Le Havre,away_win,home_win,0.5416,0.5416,0.2835,0.1748,False,1621.3,1424.0,Ligue_1
2025-08-15,Girona,Rayo Vallecano,away_win,home_win,0.4572,0.4572,0.2,0.3428,False,1500.0,1500.0,La_Liga
2025-08-15,Villarreal,Real Oviedo,home_win,home_win,0.4572,0.4572,0.2,0.3428,True,1500.0,1500.0,La_Liga
2025-08-16,Mallorca,Barcelona,away_win,away_win,0.4222,0.3356,0.2422,0.4222,True,1500.0,1500.0,La_Liga
2025-08-16,Alaves,Levante,home_win,draw,0.3766,0.3243,0.3766,0.2991,False,1500.0,1500.0,La_Liga
2025-08-16,Valencia,Real Sociedad,draw,home_win,0.4572,0.4572,0.2,0.3428,False,1500.0,1500.0,La_Liga
2025-08-17,Celta Vigo,Getafe,away_win,home_win,0.4572,0.4572,0.2,0.3428,False,1500.0,1500.0,La_Liga
2025-08-17,Athletic Club,Sevilla,home_win,home_win,0.4572,0.4572,0.2,0.3428,True,1500.0,1500.0,La_Liga
2025-08-17,Espanyol,Atletico Madrid,home_win,home_win,0.4572,0.4572,0.2,0.3428,True,1500.0,1500.0,La_Liga
2025-08-18,Elche,Real Betis,draw,home_win,0.4572,0.4572,0.2,0.3428,False,1500.0,1500.0,La_Liga
2025-08-19,Real Madrid,Osasuna,home_win,home_win,0.5,0.5,0.2306,0.2693,True,1500.0,1500.0,La_Liga
2025-08-22,Real Betis,Alaves,home_win,home_win,0.4315,0.4315,0.2229,0.3456,True,1502.3,1513.7,La_Liga
2025-08-23,Mallorca,Celta Vigo,draw,home_win,0.4572,0.4572,0.2,0.3428,False,1481.7,1481.7,La_Liga
2025-08-23,Atletico Madrid,Elche,draw,home_win,0.4315,0.4315,0.2229,0.3456,False,1486.3,1497.7,La_Liga
2025-08-23,Levante,Barcelona,away_win,away_win,0.3443,0.3122,0.3435,0.3443,True,1486.3,1518.3,La_Liga
2025-08-24,Real Sociedad,Espanyol,draw,home_win,0.4315,0.4315,0.2229,0.3456,False,1502.3,1513.7,La_Liga
2025-08-24,Osasuna,Valencia,home_win,home_win,0.4013,0.4013,0.3028,0.2959,True,1486.3,1497.7,La_Liga
2025-08-24,Real Oviedo,Real Madrid,away_win,home_win,0.3648,0.3648,0.3149,0.3203,False,1486.3,1513.7,La_Liga
2025-08-24,Villarreal,Girona,home_win,home_win,0.497,0.497,0.2507,0.2524,True,1513.7,1481.7,La_Liga
2025-08-25,Athletic Club,Rayo Vallecano,home_win,home_win,0.4468,0.4468,0.2091,0.344,True,1513.7,1518.3,La_Liga
2025-08-25,Sevilla,Getafe,away_win,home_win,0.4901,0.4901,0.287,0.2229,False,1486.3,1518.3,La_Liga
2025-08-27,Celta Vigo,Real Betis,draw,home_win,0.3544,0.3544,0.325,0.3205,False,1484.0,1516.5,La_Liga
2025-08-29,Elche,Levante,home_win,home_win,0.4433,0.4433,0.2908,0.2659,True,1499.5,1469.5,La_Liga
2025-08-29,Valencia,Getafe,home_win,home_win,0.447,0.447,0.3153,0.2377,True,1483.5,1535.1,La_Liga
2025-08-30,Alaves,Atletico Madrid,draw,home_win,0.4858,0.4858,0.18,0.3342,False,1499.5,1484.5,La_Liga
2025-08-30,Real Oviedo,Real Sociedad,home_win,home_win,0.357,0.357,0.3225,0.3205,True,1469.2,1500.5,La_Liga
2025-08-30,Girona,Sevilla,away_win,home_win,0.4147,0.4147,0.2996,0.2857,False,1469.4,1469.5,La_Liga
2025-08-30,Real Madrid,Mallorca,home_win,home_win,0.5402,0.5402,0.2252,0.2346,True,1530.8,1479.4,La_Liga
2025-08-31,Celta Vigo,Villarreal,draw,draw,0.3456,0.334,0.3456,0.3204,True,1483.2,1526.0,La_Liga
2025-08-31,Real Betis,Athletic Club,away_win,home_win,0.434,0.434,0.2206,0.3454,False,1517.3,1527.6,La_Liga
2025-08-31,Espanyol,Osasuna,home_win,home_win,0.4858,0.4858,0.18,0.3342,True,1515.5,1500.5,La_Liga
2025-08-31,Rayo Vallecano,Barcelona,draw,home_win,0.358,0.358,0.3215,0.3205,False,1504.4,1535.1,La_Liga
2025-09-12,Sevilla,Elche,draw,home_win,0.3869,0.3869,0.3171,0.296,False,1487.7,1511.9,La_Liga
2025-09-13,Getafe,Real Oviedo,home_win,home_win,0.508,0.508,0.18,0.312,True,1519.0,1484.4,La_Liga
2025-09-13,Real Sociedad,Real Madrid,away_win,draw,0.3463,0.3204,0.3463,0.3333,False,1485.4,1542.2,La_Liga
2025-09-13,Athletic Club,Alaves,away_win,home_win,0.5237,0.5237,0.18,0.2963,False,1545.5,1496.5,La_Liga
2025-09-13,Atletico Madrid,Villarreal,home_win,home_win,0.3418,0.3418,0.3377,0.3205,True,1487.5,1526.3,La_Liga
2025-09-14,Celta Vigo,Girona,draw,home_win,0.5047,0.5047,0.18,0.3153,False,1482.9,1451.1,La_Liga
2025-09-14,Levante,Real Betis,draw,draw,0.3448,0.3347,0.3448,0.3204,True,1457.1,1499.5,La_Liga
2025-09-14,Osasuna,Rayo Vallecano,home_win,home_win,0.3885,0.3885,0.292,0.3195,True,1487.5,1503.5,La_Liga
2025-09-14,Barcelona,Valencia,home_win,home_win,0.5827,0.5827,0.2033,0.2139,True,1536.0,1499.6,La_Liga
2025-09-15,Espanyol,Mallorca,home_win,home_win,0.5362,0.5362,0.18,0.2838,True,1528.5,1468.0,La_Liga
2025-09-19,Real Betis,Real Sociedad,home_win,home_win,0.5029,0.5029,0.18,0.3171,True,1499.9,1469.7,La_Liga
2025-09-20,Girona,Levante,away_win,home_win,0.4141,0.4141,0.3079,0.278,False,1454.8,1456.7,La_Liga
2025-09-20,Real Madrid,Espanyol,home_win,home_win,0.4896,0.4896,0.18,0.3304,True,1557.9,1539.6,La_Liga
2025-09-20,Alaves,Sevilla,away_win,draw,0.3588,0.3416,0.3588,0.2996,False,1517.0,1486.6,La_Liga
2025-09-20,Villarreal,Osasuna,home_win,home_win,0.5324,0.5324,0.2285,0.239,True,1510.8,1501.9,La_Liga
2025-09-20,Valencia,Athletic Club,home_win,home_win,0.3443,0.3443,0.3351,0.3205,True,1487.5,1525.0,La_Liga
2025-09-21,Rayo Vallecano,Celta Vigo,draw,home_win,0.4798,0.4798,0.1803,0.3399,False,1489.0,1479.2,La_Liga
2025-09-21,Mallorca,Atletico Madrid,draw,draw,0.3521,0.3276,0.3521,0.3203,True,1456.9,1503.0,La_Liga
2025-09-21,Elche,Real Oviedo,home_win,home_win,0.5148,0.5148,0.18,0.3052,True,1513.1,1472.2,La_Liga
2025-09-21,Barcelona,Getafe,home_win,home_win,0.668,0.668,0.1529,0.179,True,1548.1,1531.2,La_Liga
2025-09-23,Athletic Club,Girona,draw,home_win,0.5493,0.5493,0.18,0.2707,False,1509.6,1436.6,La_Liga
2025-09-23,Espanyol,Valencia,draw,home_win,0.4958,0.4958,0.18,0.3242,False,1526.7,1502.9,La_Liga
2025-09-23,Levante,Real Madrid,away_win,home_win,0.352,0.352,0.3201,0.3278,False,1474.9,1570.8,La_Liga
2025-09-23,Sevilla,Villarreal,away_win,draw,0.3502,0.3426,0.3502,0.3072,False,1506.2,1524.2,La_Liga
2025-09-24,Real Sociedad,Mallorca,home_win,home_win,0.4586,0.4586,0.1988,0.3427,True,1457.3,1456.7,La_Liga
2025-09-24,Getafe,Alaves,draw,draw,0.3588,0.3552,0.3588,0.286,True,1518.3,1497.3,La_Liga
2025-09-24,Atletico Madrid,Rayo Vallecano,home_win,home_win,0.4879,0.4879,0.18,0.3321,True,1503.1,1486.3,La_Liga
2025-09-25,Osasuna,Elche,draw,draw,0.3823,0.3212,0.3823,0.2966,True,1488.6,1525.0,La_Liga
2025-09-25,Real Oviedo,Barcelona,away_win,away_win,0.4589,0.3426,0.1985,0.4589,True,1460.3,1561.1,La_Liga
2025-09-26,Girona,Espanyol,draw,away_win,0.3828,0.3197,0.2974,0.3828,False,1442.1,1523.4,La_Liga
2025-09-27,Getafe,Levante,draw,draw,0.3547,0.329,0.3547,0.3163,True,1515.0,1461.0,La_Liga
2025-09-27,Atletico Madrid,Real Madrid,home_win,away_win,0.3567,0.3205,0.3228,0.3567,False,1516.1,1584.7,La_Liga
2025-09-27,Mallorca,Alaves,home_win,home_win,0.378,0.378,0.3413,0.2807,True,1443.0,1500.5,La_Liga
2025-09-27,Villarreal,Athletic Club,home_win,home_win,0.5111,0.5111,0.18,0.3089,True,1541.6,1504.2,La_Liga
2025-09-28,Elche,Celta Vigo,home_win,home_win,0.518,0.518,0.18,0.302,True,1525.6,1481.9,La_Liga
2025-09-28,Rayo Vallecano,Sevilla,away_win,home_win,0.3899,0.3899,0.2907,0.3194,False,1473.4,1488.7,La_Liga
2025-09-28,Real Betis,Osasuna,home_win,home_win,0.4963,0.4963,0.18,0.3237,True,1512.2,1488.0,La_Liga
2025-09-28,Barcelona,Real Sociedad,home_win,home_win,0.5804,0.5804,0.18,0.2396,True,1574.7,1471.0,La_Liga
2025-09-30,Valencia,Real Oviedo,away_win,home_win,0.5352,0.5352,0.18,0.2848,False,1506.2,1446.6,La_Liga
2025-10-03,Osasuna,Getafe,home_win,home_win,0.4665,0.4665,0.2946,0.2389,True,1475.3,1510.4,La_Liga
2025-10-04,Real Oviedo,Levante,away_win,home_win,0.4613,0.4613,0.1964,0.3423,False,1467.5,1465.7,La_Liga
2025-10-04,Girona,Valencia,home_win,home_win,0.3964,0.3964,0.3326,0.271,True,1443.5,1485.3,La_Liga
2025-10-04,Athletic Club,Mallorca,home_win,home_win,0.5058,0.5058,0.18,0.3142,True,1492.1,1459.4,La_Liga
2025-10-04,Real Madrid,Villarreal,home_win,home_win,0.4309,0.4309,0.2211,0.348,True,1567.8,1553.7,La_Liga
2025-10-05,Alaves,Elche,home_win,draw,0.4042,0.2746,0.4042,0.3212,False,1484.2,1537.4,La_Liga
2025-10-05,Sevilla,Barcelona,home_win,away_win,0.3642,0.3066,0.3292,0.3642,False,1506.3,1584.1,La_Liga
2025-10-05,Espanyol,Real Betis,away_win,home_win,0.4505,0.4505,0.2059,0.3436,False,1521.9,1524.9,La_Liga
2025-10-05,Real Sociedad,Rayo Vallecano,away_win,home_win,0.4706,0.4706,0.1882,0.3412,False,1461.7,1455.8,La_Liga
2025-10-05,Celta Vigo,Atletico Madrid,draw,away_win,0.3451,0.3205,0.3343,0.3451,False,1470.1,1533.0,La_Liga
2025-10-17,Real Oviedo,Espanyol,away_win,draw,0.3508,0.3203,0.3508,0.3289,False,1449.1,1503.8,La_Liga
2025-10-18,Barcelona,Girona,home_win,home_win,0.5822,0.5822,0.2166,0.2012,True,1566.8,1459.1,La_Liga
2025-10-18,Sevilla,Mallorca,away_win,home_win,0.4964,0.4964,0.2814,0.2222,False,1523.6,1447.1,La_Liga
2025-10-18,Atletico Madrid,Osasuna,home_win,home_win,0.5158,0.5158,0.18,0.3042,True,1532.4,1490.7,La_Liga
2025-10-18,Villarreal,Real Betis,draw,home_win,0.4517,0.4517,0.2048,0.3435,False,1540.6,1543.0,La_Liga
2025-10-19,Elche,Athletic Club,draw,home_win,0.488,0.488,0.18,0.332,False,1521.2,1504.4,La_Liga
2025-10-19,Celta Vigo,Real Sociedad,draw,home_win,0.5001,0.5001,0.18,0.3199,False,1470.7,1443.1,La_Liga
2025-10-19,Levante,Rayo Vallecano,away_win,home_win,0.4795,0.4795,0.1805,0.34,False,1484.1,1474.3,La_Liga
2025-10-19,Getafe,Real Madrid,away_win,away_win,0.4693,0.278,0.2527,0.4693,True,1495.1,1580.9,La_Liga
2025-10-20,Alaves,Valencia,draw,home_win,0.3927,0.3927,0.301,0.3063,False,1500.3,1469.7,La_Liga
2025-10-24,Real Sociedad,Sevilla,home_win,draw,0.3492,0.3203,0.3492,0.3304,False,1446.6,1502.0,La_Liga
2025-10-25,Girona,Real Oviedo,draw,home_win,0.4876,0.4876,0.18,0.3324,False,1449.9,1433.4,La_Liga
2025-10-25,Espanyol,Elche,home_win,home_win,0.4603,0.4603,0.1973,0.3425,True,1519.6,1518.2,La_Liga
2025-10-25,Athletic Club,Getafe,away_win,home_win,0.499,0.499,0.18,0.321,False,1507.4,1480.7,La_Liga
2025-10-25,Valencia,Villarreal,away_win,draw,0.3654,0.2914,0.3654,0.3432,False,1473.4,1538.4,La_Liga
2025-10-26,Real Madrid,Barcelona,home_win,home_win,0.3834,0.3834,0.2647,0.3519,True,1595.3,1576.0,La_Liga
2025-10-26,Osasuna,Celta Vigo,away_win,home_win,0.4819,0.4819,0.18,0.3381,False,1478.8,1467.2,La_Liga
2025-10-26,Mallorca,Levante,draw,draw,0.3707,0.3446,0.3707,0.2848,True,1468.7,1465.3,La_Liga
2025-10-26,Rayo Vallecano,Alaves,home_win,home_win,0.4489,0.4489,0.2073,0.3438,True,1493.0,1496.7,La_Liga
2025-10-27,Real Betis,Atletico Madrid,away_win,home_win,0.4593,0.4593,0.1981,0.3426,False,1545.2,1544.2,La_Liga
2025-10-31,Getafe,Girona,home_win,draw,0.3442,0.3238,0.3442,0.332,False,1500.2,1446.9,La_Liga
2025-11-01,Villarreal,Rayo Vallecano,home_win,home_win,0.5214,0.5214,0.18,0.2986,True,1553.7,1506.9,La_Liga
2025-11-01,Atletico Madrid,Sevilla,home_win,home_win,0.5533,0.5533,0.18,0.2667,True,1562.6,1485.8,La_Liga
2025-11-01,Real Sociedad,Athletic Club,home_win,home_win,0.3697,0.3697,0.3101,0.3202,True,1462.9,1487.9,La_Liga
2025-11-01,Real Madrid,Valencia,home_win,home_win,0.5592,0.5592,0.232,0.2087,True,1608.1,1458.1,La_Liga
2025-11-02,Levante,Celta Vigo,away_win,home_win,0.3838,0.3838,0.2965,0.3197,False,1467.8,1486.0,La_Liga
2025-11-02,Alaves,Espanyol,home_win,draw,0.3592,0.32,0.3592,0.3207,False,1482.8,1533.2,La_Liga
2025-11-02,Barcelona,Elche,home_win,home_win,0.5615,0.5615,0.2131,0.2254,True,1563.2,1504.5,La_Liga
2025-11-02,Real Betis,Mallorca,home_win,home_win,0.5363,0.5363,0.18,0.2837,True,1526.9,1466.3,La_Liga
2025-11-03,Real Oviedo,Osasuna,draw,home_win,0.3727,0.3727,0.3072,0.3201,False,1436.4,1460.0,La_Liga
2025-11-07,Elche,Real Sociedad,draw,home_win,0.4866,0.4866,0.18,0.3334,False,1493.4,1477.7,La_Liga
2025-11-08,Girona,Alaves,home_win,home_win,0.4252,0.4252,0.3181,0.2567,True,1435.5,1498.8,La_Liga
2025-11-08,Sevilla,Osasuna,home_win,home_win,0.4614,0.4614,0.2742,0.2644,True,1475.4,1461.2,La_Liga
2025-11-08,Atletico Madrid,Levante,home_win,home_win,0.5985,0.5985,0.18,0.2215,True,1573.0,1450.3,La_Liga
2025-11-08,Espanyol,Villarreal,away_win,draw,0.3564,0.3235,0.3564,0.3201,False,1517.2,1565.4,La_Liga
2025-11-09,Athletic Club,Real Oviedo,home_win,home_win,0.5116,0.5116,0.18,0.3084,True,1473.1,1435.2,La_Liga
2025-11-09,Rayo Vallecano,Real Madrid,draw,away_win,0.4921,0.3279,0.18,0.4921,False,1495.3,1615.8,La_Liga
2025-11-09,Mallorca,Getafe,home_win,home_win,0.4251,0.4251,0.3212,0.2536,True,1455.2,1511.6,La_Liga
2025-11-09,Valencia,Real Betis,draw,away_win,0.4293,0.3458,0.2249,0.4293,False,1450.4,1537.9,La_Liga
2025-11-09,Celta Vigo,Barcelona,away_win,away_win,0.3613,0.3204,0.3183,0.3613,True,1503.5,1574.3,La_Liga
2025-11-21,Valencia,Levante,home_win,home_win,0.4021,0.4021,0.3021,0.2958,True,1452.1,1441.7,La_Liga
2025-11-22,Barcelona,Athletic Club,home_win,home_win,0.5809,0.5809,0.18,0.2391,True,1589.4,1485.1,La_Liga
2025-11-22,Alaves,Celta Vigo,away_win,home_win,0.4432,0.4432,0.2124,0.3444,False,1482.2,1488.4,La_Liga
2025-11-22,Villarreal,Mallorca,home_win,home_win,0.5863,0.5863,0.2315,0.1822,True,1581.5,1471.5,La_Liga
2025-11-22,Osasuna,Real Sociedad,away_win,home_win,0.3543,0.3543,0.3252,0.3205,False,1448.1,1480.7,La_Liga
2025-11-23,Getafe,Atletico Madrid,away_win,away_win,0.4266,0.3461,0.2273,0.4266,True,1495.3,1581.6,La_Liga
2025-11-23,Elche,Real Madrid,draw,home_win,0.3686,0.3686,0.2941,0.3373,False,1490.4,1612.6,La_Liga
2025-11-23,Real Oviedo,Rayo Vallecano,draw,away_win,0.3705,0.3202,0.3093,0.3705,False,1423.1,1498.5,La_Liga
2025-11-23,Real Betis,Girona,draw,home_win,0.5608,0.5608,0.18,0.2592,False,1536.2,1452.1,La_Liga
2025-11-24,Espanyol,Sevilla,home_win,home_win,0.4832,0.4832,0.18,0.3368,True,1501.1,1488.4,La_Liga
2025-11-28,Getafe,Elche,home_win,away_win,0.3941,0.3076,0.2982,0.3941,False,1480.9,1493.7,La_Liga
2025-11-29,Mallorca,Osasuna,draw,home_win,0.4243,0.4243,0.286,0.2896,False,1462.4,1431.3,La_Liga
2025-11-29,Barcelona,Alaves,home_win,home_win,0.672,0.672,0.1834,0.1446,True,1598.7,1464.2,La_Liga
2025-11-29,Levante,Athletic Club,away_win,draw,0.3547,0.3251,0.3547,0.3202,False,1428.4,1475.8,La_Liga
2025-11-29,Atletico Madrid,Real Oviedo,home_win,home_win,0.641,0.641,0.18,0.179,True,1596.0,1424.3,La_Liga
2025-11-30,Real Sociedad,Villarreal,away_win,away_win,0.4416,0.3446,0.2139,0.4416,True,1497.5,1590.6,La_Liga
2025-11-30,Sevilla,Real Betis,away_win,draw,0.3499,0.3203,0.3499,0.3297,False,1475.3,1530.3,La_Liga
2025-11-30,Celta Vigo,Espanyol,away_win,home_win,0.4395,0.4395,0.2157,0.3448,False,1506.4,1514.2,La_Liga
2025-11-30,Girona,Real Madrid,draw,away_win,0.3523,0.3486,0.2991,0.3523,False,1458.0,1609.3,La_Liga
2025-12-01,Rayo Vallecano,Valencia,draw,home_win,0.505,0.505,0.18,0.315,False,1497.3,1465.3,La_Liga
2025-12-02,Barcelona,Atletico Madrid,home_win,home_win,0.4662,0.4662,0.1921,0.3417,True,1606.9,1602.9,La_Liga
2025-12-03,Athletic Club,Real Madrid,away_win,away_win,0.4834,0.3366,0.18,0.4834,True,1491.9,1604.8,La_Liga
2025-12-05,Real Oviedo,Mallorca,draw,draw,0.3428,0.3368,0.3428,0.3205,True,1417.3,1458.7,La_Liga
2025-12-06,Villarreal,Getafe,home_win,home_win,0.6604,0.6604,0.1913,0.1483,True,1604.6,1495.2,La_Liga
2025-12-06,Alaves,Real Sociedad,home_win,home_win,0.3647,0.3647,0.315,0.3204,True,1456.0,1483.5,La_Liga
2025-12-06,Real Betis,Barcelona,away_win,away_win,0.3684,0.3203,0.3113,0.3684,True,1546.1,1620.4,La_Liga
2025-12-06,Athletic Club,Atletico Madrid,home_win,away_win,0.4808,0.3392,0.18,0.4808,False,1478.8,1589.4,La_Liga
2025-12-07,Elche,Girona,home_win,home_win,0.432,0.432,0.2855,0.2825,True,1479.4,1462.6,La_Liga
2025-12-07,Valencia,Sevilla,draw,home_win,0.3994,0.3994,0.2952,0.3054,False,1469.1,1459.5,La_Liga
2025-12-07,Espanyol,Rayo Vallecano,home_win,home_win,0.5123,0.5123,0.18,0.3077,True,1532.2,1493.6,La_Liga
2025-12-07,Real Madrid,Celta Vigo,away_win,home_win,0.6047,0.6047,0.18,0.2153,False,1617.9,1488.5,La_Liga
2025-12-08,Osasuna,Levante,home_win,home_win,0.4099,0.4099,0.2923,0.2978,True,1435.0,1412.3,La_Liga
2025-12-12,Real Sociedad,Girona,away_win,home_win,0.4903,0.4903,0.18,0.3297,False,1468.5,1449.6,La_Liga
2025-12-13,Atletico Madrid,Valencia,home_win,home_win,0.581,0.581,0.18,0.239,True,1570.6,1466.3,La_Liga
2025-12-13,Mallorca,Elche,home_win,draw,0.3905,0.3065,0.3905,0.303,False,1459.1,1492.3,La_Liga
2025-12-13,Barcelona,Osasuna,home_win,home_win,0.6646,0.6646,0.1916,0.1438,True,1635.3,1447.7,La_Liga
2025-12-13,Getafe,Espanyol,away_win,draw,0.3438,0.3205,0.3438,0.3357,False,1486.1,1544.2,La_Liga
2025-12-14,Celta Vigo,Athletic Club,home_win,home_win,0.4853,0.4853,0.18,0.3347,True,1512.1,1497.5,La_Liga
2025-12-14,Alaves,Real Madrid,away_win,away_win,0.4438,0.3097,0.2465,0.4438,True,1471.0,1594.3,La_Liga
2025-12-14,Sevilla,Real Oviedo,home_win,home_win,0.5197,0.5197,0.18,0.3003,True,1462.2,1416.9,La_Liga
2025-12-15,Rayo Vallecano,Real Betis,draw,draw,0.3592,0.3207,0.3592,0.32,True,1481.6,1531.2,La_Liga
2025-12-19,Valencia,Mallorca,draw,home_win,0.4113,0.4113,0.3144,0.2743,False,1457.0,1474.3,La_Liga
2025-12-20,Osasuna,Alaves,home_win,home_win,0.4333,0.4333,0.3023,0.2645,True,1441.2,1458.3,La_Liga
2025-12-20,Real Madrid,Sevilla,home_win,home_win,0.5223,0.5223,0.2384,0.2393,True,1607.0,1474.0,La_Liga
2025-12-20,Real Oviedo,Celta Vigo,draw,away_win,0.4914,0.3286,0.18,0.4914,False,1405.2,1525.1,La_Liga
2025-12-20,Levante,Real Sociedad,draw,draw,0.3596,0.3204,0.3596,0.32,True,1399.6,1449.4,La_Liga
2025-12-21,Girona,Atletico Madrid,away_win,away_win,0.4815,0.3385,0.18,0.4815,True,1468.7,1580.0,La_Liga
2025-12-21,Villarreal,Barcelona,away_win,home_win,0.4187,0.4187,0.2512,0.3301,False,1613.7,1641.8,La_Liga
2025-12-21,Elche,Rayo Vallecano,home_win,home_win,0.4471,0.4471,0.2089,0.344,True,1477.1,1481.6,La_Liga
2025-12-21,Real Betis,Getafe,home_win,home_win,0.5364,0.5364,0.18,0.2836,True,1531.2,1470.5,La_Liga
2025-12-22,Athletic Club,Espanyol,away_win,away_win,0.3705,0.3202,0.3093,0.3705,True,1484.5,1559.8,La_Liga
2026-01-02,Rayo Vallecano,Getafe,draw,home_win,0.4761,0.4761,0.1835,0.3404,False,1467.7,1459.4,La_Liga
2026-01-03,Celta Vigo,Valencia,home_win,home_win,0.5425,0.5425,0.18,0.2775,True,1522.0,1455.5,La_Liga
2026-01-03,Osasuna,Athletic Club,draw,home_win,0.3928,0.3928,0.2879,0.3192,False,1455.7,1469.6,La_Liga
2026-01-03,Elche,Villarreal,away_win,away_win,0.356,0.3197,0.3243,0.356,True,1491.0,1596.7,La_Liga
2026-01-03,Espanyol,Barcelona,away_win,away_win,0.3889,0.3194,0.2917,0.3889,True,1574.6,1658.8,La_Liga
2026-01-04,Sevilla,Levante,away_win,home_win,0.452,0.452,0.2973,0.2507,False,1465.7,1399.6,La_Liga
2026-01-04,Real Madrid,Real Betis,home_win,home_win,0.5493,0.5493,0.18,0.2707,True,1615.3,1542.3,La_Liga
2026-01-04,Alaves,Real Oviedo,draw,home_win,0.5088,0.5088,0.18,0.3112,False,1443.8,1408.4,La_Liga
2026-01-04,Mallorca,Girona,away_win,draw,0.3572,0.3517,0.3572,0.2911,False,1475.8,1455.5,La_Liga
2026-01-04,Real Sociedad,Atletico Madrid,draw,away_win,0.5181,0.3019,0.18,0.5181,False,1449.4,1593.2,La_Liga
2026-01-09,Getafe,Real Sociedad,away_win,home_win,0.4765,0.4765,0.1831,0.3404,False,1462.1,1453.6,La_Liga
2026-01-10,Villarreal,Alaves,home_win,home_win,0.6309,0.6309,0.2232,0.1459,True,1610.2,1439.9,La_Liga
2026-01-10,Real Oviedo,Real Betis,draw,away_win,0.4909,0.3291,0.18,0.4909,False,1412.2,1531.7,La_Liga
2026-01-10,Valencia,Elche,draw,draw,0.3887,0.3235,0.3887,0.2879,True,1444.7,1477.6,La_Liga
2026-01-10,Girona,Osasuna,home_win,home_win,0.4673,0.4673,0.2738,0.2589,True,1474.7,1454.0,La_Liga
2026-01-11,Rayo Vallecano,Mallorca,home_win,home_win,0.4763,0.4763,0.1833,0.3404,True,1465.0,1456.6,La_Liga
2026-01-11,Levante,Espanyol,draw,away_win,0.5133,0.3067,0.18,0.5133,False,1420.7,1560.2,La_Liga
2026-01-12,Sevilla,Celta Vigo,away_win,away_win,0.4309,0.3457,0.2234,0.4309,True,1444.5,1532.8,La_Liga
2026-01-16,Espanyol,Girona,away_win,home_win,0.5448,0.5448,0.18,0.2752,False,1556.2,1487.5,La_Liga
2026-01-17,Mallorca,Athletic Club,home_win,home_win,0.3636,0.3636,0.316,0.3204,True,1443.3,1471.3,La_Liga
2026-01-17,Osasuna,Real Oviedo,home_win,home_win,0.4981,0.4981,0.18,0.3219,True,1441.2,1415.4,La_Liga
2026-01-17,Real Madrid,Levante,home_win,home_win,0.5516,0.5516,0.2429,0.2055,True,1625.8,1424.8,La_Liga
2026-01-17,Real Betis,Villarreal,home_win,away_win,0.4317,0.3456,0.2227,0.4317,False,1528.6,1617.2,La_Liga
2026-01-18,Getafe,Valencia,away_win,draw,0.3604,0.3114,0.3604,0.3282,False,1443.4,1443.9,La_Liga
2026-01-18,Atletico Madrid,Alaves,home_win,home_win,0.6282,0.6282,0.18,0.1918,True,1589.0,1432.9,La_Liga
2026-01-18,Celta Vigo,Rayo Vallecano,home_win,home_win,0.5449,0.5449,0.18,0.2751,True,1547.0,1478.3,La_Liga
2026-01-18,Real Sociedad,Barcelona,home_win,away_win,0.5777,0.2423,0.18,0.5777,False,1472.3,1673.3,La_Liga
2026-01-19,Elche,Sevilla,draw,home_win,0.4508,0.4508,0.2844,0.2647,False,1478.4,1430.3,La_Liga
2026-01-23,Levante,Elche,home_win,draw,0.4047,0.318,0.4047,0.2774,False,1418.7,1474.0,La_Liga
2026-01-24,Valencia,Espanyol,home_win,away_win,0.3652,0.3203,0.3145,0.3652,False,1462.2,1534.9,La_Liga
2026-01-24,Rayo Vallecano,Osasuna,away_win,home_win,0.4845,0.4845,0.18,0.3355,False,1467.6,1453.8,La_Liga
2026-01-24,Villarreal,Real Madrid,away_win,home_win,0.4928,0.4928,0.2411,0.2661,False,1599.4,1631.9,La_Liga
2026-01-24,Sevilla,Athletic Club,home_win,home_win,0.3768,0.3768,0.3032,0.32,True,1434.7,1456.3,La_Liga
2026-01-25,Atletico Madrid,Mallorca,home_win,home_win,0.6126,0.6126,0.18,0.2074,True,1596.4,1458.3,La_Liga
2026-01-25,Barcelona,Real Oviedo,home_win,home_win,0.6949,0.6949,0.18,0.1251,True,1650.7,1402.8,La_Liga
2026-01-25,Real Sociedad,Celta Vigo,home_win,away_win,0.3454,0.3205,0.3341,0.3454,False,1494.8,1557.8,La_Liga
2026-01-25,Alaves,Real Betis,home_win,away_win,0.4925,0.3275,0.18,0.4925,False,1425.4,1546.3,La_Liga
2026-01-26,Girona,Getafe,draw,home_win,0.5705,0.5705,0.2482,0.1813,False,1508.8,1425.1,La_Liga
2026-01-30,Espanyol,Alaves,away_win,home_win,0.5496,0.5496,0.18,0.2704,False,1517.9,1444.6,La_Liga
2026-01-31,Real Oviedo,Girona,home_win,away_win,0.4685,0.3414,0.1901,0.4685,False,1397.9,1502.9,La_Liga
2026-01-31,Osasuna,Villarreal,draw,away_win,0.432,0.3125,0.2555,0.432,False,1472.7,1582.6,La_Liga
2026-01-31,Levante,Atletico Madrid,draw,away_win,0.5458,0.2742,0.18,0.5458,False,1434.9,1604.5,La_Liga
2026-01-31,Elche,Barcelona,away_win,away_win,0.4674,0.2959,0.2367,0.4674,True,1457.7,1655.6,La_Liga
2026-02-01,Getafe,Celta Vigo,draw,away_win,0.4803,0.3397,0.18,0.4803,False,1431.0,1541.2,La_Liga
2026-02-01,Athletic Club,Real Sociedad,draw,away_win,0.3592,0.3205,0.3204,0.3592,False,1441.6,1511.4,La_Liga
2026-02-01,Real Madrid,Rayo Vallecano,home_win,home_win,0.6629,0.6629,0.18,0.1571,True,1648.7,1448.7,La_Liga
2026-02-01,Real Betis,Valencia,home_win,home_win,0.5226,0.5226,0.18,0.2974,True,1527.1,1479.2,La_Liga
2026-02-02,Mallorca,Sevilla,home_win,draw,0.365,0.3402,0.365,0.2948,False,1450.2,1449.4,La_Liga
2026-02-06,Celta Vigo,Osasuna,away_win,home_win,0.5388,0.5388,0.18,0.2812,False,1538.4,1475.4,La_Liga
2026-02-07,Barcelona,Mallorca,home_win,home_win,0.6751,0.6751,0.1932,0.1317,True,1665.2,1463.9,La_Liga
2026-02-07,Real Sociedad,Elche,home_win,home_win,0.5382,0.5382,0.18,0.2818,True,1510.5,1448.1,La_Liga
2026-02-08,Alaves,Getafe,away_win,home_win,0.4707,0.4707,0.2844,0.2449,False,1466.1,1433.7,La_Liga
2026-02-08,Athletic Club,Levante,home_win,home_win,0.4624,0.4624,0.1954,0.3422,True,1442.5,1440.2,La_Liga
2026-02-08,Sevilla,Girona,draw,draw,0.4044,0.3292,0.4044,0.2664,True,1435.7,1484.4,La_Liga
2026-02-08,Atletico Madrid,Real Betis,away_win,home_win,0.5362,0.5362,0.18,0.2838,False,1599.2,1538.7,La_Liga
2026-02-08,Valencia,Real Madrid,away_win,away_win,0.4285,0.3275,0.244,0.4285,True,1467.6,1654.9,La_Liga
2026-02-09,Villarreal,Espanyol,home_win,home_win,0.5602,0.5602,0.18,0.2598,True,1579.9,1496.4,La_Liga
2026-02-13,Elche,Osasuna,draw,home_win,0.4107,0.4107,0.3129,0.2763,False,1437.1,1496.5,La_Liga
2026-02-14,Espanyol,Celta Vigo,draw,home_win,0.3573,0.3573,0.3222,0.3205,False,1486.3,1517.4,La_Liga
2026-02-14,Getafe,Villarreal,home_win,away_win,0.5298,0.2313,0.2389,0.5298,False,1453.5,1590.0,La_Liga
2026-02-14,Sevilla,Alaves,draw,home_win,0.4605,0.4605,0.2954,0.2441,False,1435.6,1446.4,La_Liga
2026-02-14,Real Madrid,Real Sociedad,home_win,home_win,0.6172,0.6172,0.18,0.2028,True,1664.9,1521.5,La_Liga
2026-02-15,Real Oviedo,Athletic Club,away_win,home_win,0.3402,0.3402,0.3393,0.3205,False,1416.5,1456.1,La_Liga
2026-02-15,Rayo Vallecano,Atletico Madrid,home_win,away_win,0.5092,0.3108,0.18,0.5092,False,1442.6,1578.3,La_Liga
2026-02-15,Levante,Valencia,away_win,home_win,0.3902,0.3902,0.3334,0.2764,False,1426.6,1457.6,La_Liga
2026-02-15,Mallorca,Real Betis,away_win,away_win,0.4615,0.3423,0.1962,0.4615,True,1457.8,1559.7,La_Liga
2026-02-16,Girona,Barcelona,home_win,away_win,0.4631,0.2961,0.2408,0.4631,False,1484.4,1671.3,La_Liga
2026-02-18,Levante,Villarreal,away_win,away_win,0.425,0.3029,0.2721,0.425,True,1409.7,1570.1,La_Liga
2026-02-20,Athletic Club,Elche,home_win,home_win,0.5084,0.5084,0.18,0.3116,True,1472.6,1437.6,La_Liga
2026-02-21,Real Sociedad,Real Oviedo,draw,home_win,0.59,0.59,0.18,0.23,False,1513.6,1400.0,La_Liga
2026-02-21,Real Betis,Rayo Vallecano,draw,home_win,0.5873,0.5873,0.18,0.2327,False,1573.3,1462.4,La_Liga
2026-02-21,Osasuna,Real Madrid,home_win,away_win,0.433,0.3305,0.2365,0.433,False,1496.0,1672.8,La_Liga
2026-02-21,Atletico Madrid,Espanyol,home_win,home_win,0.5494,0.5494,0.18,0.2706,True,1558.4,1485.4,La_Liga
2026-02-22,Getafe,Sevilla,away_win,draw,0.3445,0.3195,0.3445,0.336,False,1473.4,1433.8,La_Liga
2026-02-22,Barcelona,Levante,home_win,home_win,0.6391,0.6391,0.218,0.1429,True,1649.3,1398.7,La_Liga
2026-02-22,Celta Vigo,Mallorca,home_win,home_win,0.5506,0.5506,0.18,0.2694,True,1518.3,1444.1,La_Liga
2026-02-22,Villarreal,Valencia,home_win,home_win,0.5631,0.5631,0.24,0.1969,True,1581.2,1474.5,La_Liga
2026-02-23,Alaves,Girona,draw,draw,0.4056,0.2744,0.4056,0.32,True,1448.2,1506.4,La_Liga
2026-02-27,Levante,Alaves,home_win,home_win,0.4072,0.4072,0.3385,0.2543,True,1393.8,1448.6,La_Liga
2026-02-28,Barcelona,Villarreal,home_win,home_win,0.5374,0.5374,0.2076,0.255,True,1654.1,1590.5,La_Liga
2026-02-28,Rayo Vallecano,Athletic Club,draw,home_win,0.3898,0.3898,0.2908,0.3194,False,1469.4,1484.8,La_Liga
2026-02-28,Real Oviedo,Atletico Madrid,away_win,away_win,0.5378,0.2822,0.18,0.5378,True,1407.0,1569.0,La_Liga
2026-02-28,Mallorca,Real Sociedad,away_win,away_win,0.3656,0.3203,0.3141,0.3656,True,1433.6,1506.6,La_Liga
2026-03-01,Elche,Espanyol,draw,draw,0.3589,0.3211,0.3589,0.32,True,1425.4,1474.9,La_Liga
2026-03-01,Valencia,Osasuna,home_win,home_win,0.3753,0.3753,0.3334,0.2913,True,1465.2,1517.6,La_Liga
2026-03-01,Real Betis,Sevilla,draw,home_win,0.5889,0.5889,0.18,0.2311,False,1566.4,1453.9,La_Liga
2026-03-01,Girona,Celta Vigo,away_win,home_win,0.3745,0.3745,0.3055,0.3201,False,1506.1,1528.8,La_Liga
2026-03-02,Real Madrid,Getafe,away_win,home_win,0.683,0.683,0.1889,0.1282,False,1651.2,1453.3,La_Liga
2026-03-04,Rayo Vallecano,Real Oviedo,home_win,home_win,0.5481,0.5481,0.18,0.2719,True,1467.8,1396.0,La_Liga
2026-03-06,Celta Vigo,Real Madrid,away_win,away_win,0.3788,0.3199,0.3013,0.3788,True,1546.0,1625.4,La_Liga
2026-03-07,Atletico Madrid,Real Sociedad,home_win,home_win,0.534,0.534,0.18,0.286,True,1580.0,1521.5,La_Liga
2026-03-07,Athletic Club,Barcelona,away_win,away_win,0.5553,0.2647,0.18,0.5553,True,1486.3,1665.0,La_Liga
2026-03-07,Osasuna,Mallorca,draw,home_win,0.4777,0.4777,0.2807,0.2416,False,1501.5,1418.7,La_Liga
2026-03-07,Levante,Girona,draw,draw,0.3889,0.3164,0.3889,0.2946,True,1410.1,1488.8,La_Liga
2026-03-08,Villarreal,Elche,home_win,home_win,0.5536,0.5536,0.2464,0.2,True,1579.5,1425.4,La_Liga
2026-03-08,Getafe,Real Betis,home_win,away_win,0.3806,0.3198,0.2995,0.3806,False,1479.1,1559.4,La_Liga
2026-03-08,Sevilla,Rayo Vallecano,draw,home_win,0.3853,0.3853,0.295,0.3196,False,1460.9,1478.4,La_Liga
2026-03-08,Valencia,Alaves,home_win,home_win,0.4764,0.4764,0.2869,0.2367,True,1481.4,1432.3,La_Liga
2026-03-09,Espanyol,Real Oviedo,draw,home_win,0.5663,0.5663,0.18,0.2537,False,1474.9,1385.4,La_Liga
